"contrast","bin_lo","bin_hi","n"
"lithium",-1.1,-1.05,0
"lithium",-1.05,-1,0
"lithium",-1,-0.95,0
"lithium",-0.95,-0.9,0
"lithium",-0.9,-0.85,0
"lithium",-0.85,-0.8,0
"lithium",-0.8,-0.75,0
"lithium",-0.75,-0.7,0
"lithium",-0.7,-0.65,0
"lithium",-0.65,-0.6,1
"lithium",-0.6,-0.55,1
"lithium",-0.55,-0.5,1
"lithium",-0.5,-0.45,0
"lithium",-0.45,-0.4,0
"lithium",-0.4,-0.35,1
"lithium",-0.35,-0.3,6
"lithium",-0.3,-0.25,17
"lithium",-0.25,-0.2,55
"lithium",-0.2,-0.15,234
"lithium",-0.15,-0.1,937
"lithium",-0.1,-0.05,2460
"lithium",-0.05,0,2852
"lithium",0,0.05,2169
"lithium",0.05,0.1,1385
"lithium",0.1,0.15,818
"lithium",0.15,0.2,549
"lithium",0.2,0.25,292
"lithium",0.25,0.3,181
"lithium",0.3,0.35,88
"lithium",0.35,0.4,41
"lithium",0.4,0.45,42
"lithium",0.45,0.5,20
"lithium",0.5,0.55,6
"lithium",0.55,0.6,3
"lithium",0.6,0.65,4
"lithium",0.65,0.7,4
"lithium",0.7,0.75,2
"lithium",0.75,0.8,2
"lithium",0.8,0.85,0
"lithium",0.85,0.9,1
"lithium",0.9,0.95,1
"lithium",0.95,1,0
"lithium",1,1.05,0
"lithium",1.05,1.1,0
"casecon",-1.1,-1.05,0
"casecon",-1.05,-1,0
"casecon",-1,-0.95,0
"casecon",-0.95,-0.9,0
"casecon",-0.9,-0.85,0
"casecon",-0.85,-0.8,0
"casecon",-0.8,-0.75,0
"casecon",-0.75,-0.7,0
"casecon",-0.7,-0.65,0
"casecon",-0.65,-0.6,1
"casecon",-0.6,-0.55,0
"casecon",-0.55,-0.5,0
"casecon",-0.5,-0.45,0
"casecon",-0.45,-0.4,0
"casecon",-0.4,-0.35,8
"casecon",-0.35,-0.3,5
"casecon",-0.3,-0.25,22
"casecon",-0.25,-0.2,49
"casecon",-0.2,-0.15,201
"casecon",-0.15,-0.1,794
"casecon",-0.1,-0.05,2076
"casecon",-0.05,0,3209
"casecon",0,0.05,2839
"casecon",0.05,0.1,1706
"casecon",0.1,0.15,857
"casecon",0.15,0.2,358
"casecon",0.2,0.25,139
"casecon",0.25,0.3,53
"casecon",0.3,0.35,21
"casecon",0.35,0.4,12
"casecon",0.4,0.45,8
"casecon",0.45,0.5,4
"casecon",0.5,0.55,1
"casecon",0.55,0.6,1
"casecon",0.6,0.65,2
"casecon",0.65,0.7,0
"casecon",0.7,0.75,2
"casecon",0.75,0.8,0
"casecon",0.8,0.85,0
"casecon",0.85,0.9,0
"casecon",0.9,0.95,0
"casecon",0.95,1,0
"casecon",1,1.05,0
"casecon",1.05,1.1,0
"lithium_krebs",-1.1,-1.05,0
"lithium_krebs",-1.05,-1,0
"lithium_krebs",-1,-0.95,0
"lithium_krebs",-0.95,-0.9,0
"lithium_krebs",-0.9,-0.85,0
"lithium_krebs",-0.85,-0.8,0
"lithium_krebs",-0.8,-0.75,0
"lithium_krebs",-0.75,-0.7,0
"lithium_krebs",-0.7,-0.65,1
"lithium_krebs",-0.65,-0.6,0
"lithium_krebs",-0.6,-0.55,1
"lithium_krebs",-0.55,-0.5,0
"lithium_krebs",-0.5,-0.45,0
"lithium_krebs",-0.45,-0.4,1
"lithium_krebs",-0.4,-0.35,1
"lithium_krebs",-0.35,-0.3,6
"lithium_krebs",-0.3,-0.25,21
"lithium_krebs",-0.25,-0.2,65
"lithium_krebs",-0.2,-0.15,243
"lithium_krebs",-0.15,-0.1,1028
"lithium_krebs",-0.1,-0.05,2513
"lithium_krebs",-0.05,0,2818
"lithium_krebs",0,0.05,2094
"lithium_krebs",0.05,0.1,1374
"lithium_krebs",0.1,0.15,802
"lithium_krebs",0.15,0.2,538
"lithium_krebs",0.2,0.25,300
"lithium_krebs",0.25,0.3,181
"lithium_krebs",0.3,0.35,87
"lithium_krebs",0.35,0.4,45
"lithium_krebs",0.4,0.45,42
"lithium_krebs",0.45,0.5,21
"lithium_krebs",0.5,0.55,7
"lithium_krebs",0.55,0.6,5
"lithium_krebs",0.6,0.65,3
"lithium_krebs",0.65,0.7,4
"lithium_krebs",0.7,0.75,2
"lithium_krebs",0.75,0.8,2
"lithium_krebs",0.8,0.85,0
"lithium_krebs",0.85,0.9,1
"lithium_krebs",0.9,0.95,1
"lithium_krebs",0.95,1,0
"lithium_krebs",1,1.05,0
"lithium_krebs",1.05,1.1,0
