"deg","pct","pi0"
0,0,0.927069857697283
0,0,0.798027166882277
0,0,1
0,0,1
0,0,1
0,0,0.936125485122898
0,0,1
0,0,0.971862871927555
0,0,0.953913324708926
0,0,1
0,0,1
0,0,1
0,0,0.753557567917206
0,0,0.66866106080207
0,0,1
0,0,1
0,0,1
0,0,0.876778783958603
0,0,1
0,0,1
0,0,1
0,0,1
0,0,1
0,0,0.836351875808538
0,0,1
0,0,1
0,0,0.971701164294955
0,0,1
0,0,1
0,0,1
0,0,0.883247089262613
889,7.1879042690815,0.570666235446313
0,0,0.963939197930142
0,0,0.755012936610608
0,0,0.99369340232859
0,0,0.690653298835705
0,0,1
0,0,1
0,0,0.973318240620957
0,0,1
0,0,0.997412677878396
0,0,0.99401681759379
0,0,0.894728331177232
0,0,0.788324708926261
0,0,1
0,0,0.902166882276843
0,0,1
0,0,1
0,0,1
0,0,0.930789133247089
0,0,0.747089262613195
0,0,1
0,0,0.838130659767141
0,0,1
0,0,0.898124191461837
0,0,0.991591203104787
0,0,1
0,0,0.954075032341527
0,0,1
0,0,0.991106080206986
0,0,0.953913324708926
0,0,0.984152652005175
0,0,0.775873221216041
0,0,0.93127425614489
0,0,1
0,0,1
0,0,0.786222509702458
0,0,0.78137128072445
0,0,1
0,0,0.88098318240621
0,0,1
0,0,0.891009055627426
0,0,1
0,0,0.629851228978008
0,0,0.770375161707633
0,0,0.744340232858991
0,0,1
0,0,0.84346701164295
0,0,1
0,0,1
0,0,1
0,0,0.669631306597671
0,0,1
0,0,1
0,0,1
0,0,1
0,0,1
0,0,0.937904269081501
0,0,0.8127425614489
0,0,0.902005174644243
0,0,1
0,0,1
0,0,1
0,0,0.958764553686934
0,0,0.947445019404916
0,0,1
0,0,0.945989650711514
1,0.00808538163001294,0.902328589909444
0,0,0.990459249676585
0,0,1
0,0,1
0,0,1
0,0,0.864650711513583
0,0,1
0,0,0.789456662354463
0,0,0.81872574385511
0,0,1
0,0,0.813227684346701
0,0,0.963130659767141
0,0,0.968305304010349
0,0,1
0,0,1
0,0,0.835866752910737
0,0,1
0,0,1
0,0,1
0,0,1
0,0,0.728978007761966
0,0,0.790750323415265
0,0,0.894728331177232
0,0,0.661060802069858
0,0,0.798997412677878
0,0,0.873382923673997
0,0,0.840556274256145
0,0,0.927878395860285
0,0,0.974288486416559
0,0,0.775711513583441
0,0,1
3,0.0242561448900388,0.691946959896507
0,0,1
0,0,1
0,0,1
0,0,0.950517464424321
0,0,1
0,0,0.951811125485123
0,0,1
0,0,1
1,0.00808538163001294,0.810963777490298
0,0,1
0,0,1
0,0,0.901520051746442
0,0,1
0,0,1
0,0,1
0,0,0.93143596377749
0,0,0.922865459249677
0,0,1
0,0,0.95019404915912
0,0,1
0,0,1
0,0,1
0,0,0.82519404915912
0,0,0.942270375161708
0,0,0.983829236739974
0,0,1
0,0,1
0,0,0.95601552393273
0,0,1
0,0,0.805465717981889
0,0,0.842658473479948
0,0,1
0,0,1
0,0,1
0,0,1
0,0,1
0,0,1
1,0.00808538163001294,0.854139715394567
0,0,0.932244501940492
0,0,1
0,0,1
0,0,0.998868046571798
0,0,1
0,0,1
0,0,1
0,0,0.982373868046572
0,0,0.865135834411384
0,0,1
0,0,0.749514877102199
0,0,1
0,0,1
0,0,0.958764553686934
0,0,1
0,0,1
0,0,0.993046571798189
0,0,1
0,0,1
0,0,1
0,0,0.821474773609314
0,0,0.96232212160414
0,0,0.90022639068564
0,0,1
0,0,1
0,0,0.732050452781371
0,0,0.898124191461837
0,0,0.889553686934023
0,0,0.848479948253558
0,0,1
0,0,0.938065976714101
0,0,1
0,0,0.987063389391979
