"fdr","lfc","n_deg","null_mean","null_max","null_median","enrichment"
0.001,0,156,0,0,0,312
0.001,0.05,156,0,0,0,312
0.001,0.1,156,0,0,0,312
0.001,0.2,137,0,0,0,274
0.001,0.3,94,0,0,0,188
0.001,0.5,19,0,0,0,38
0.001,1,0,0,0,0,0
0.01,0,495,0,0,0,990
0.01,0.05,495,0,0,0,990
0.01,0.1,489,0,0,0,978
0.01,0.2,320,0,0,0,640
0.01,0.3,157,0,0,0,314
0.01,0.5,23,0,0,0,46
0.01,1,0,0,0,0,0
0.05,0,1382,0,0,0,2764
0.05,0.05,1382,0,0,0,2764
0.05,0.1,1264,0,0,0,2528
0.05,0.2,557,0,0,0,1114
0.05,0.3,202,0,0,0,404
0.05,0.5,25,0,0,0,50
0.05,1,0,0,0,0,0
0.1,0,2447,0,0,0,4894
0.1,0.05,2447,0,0,0,4894
0.1,0.1,1967,0,0,0,3934
0.1,0.2,671,0,0,0,1342
0.1,0.3,215,0,0,0,430
0.1,0.5,25,0,0,0,50
0.1,1,0,0,0,0,0
0.2,0,3960,87.85,1755,0,45.0768355150825
0.2,0.05,3930,87.7,1752,0,44.811858608894
0.2,0.1,2655,66.4,1326,0,39.9849397590361
0.2,0.2,747,13.1,261,0,57.0229007633588
0.2,0.3,222,2.3,45,0,96.5217391304348
0.2,0.5,26,0,0,0,52
0.2,1,0,0,0,0,0
