"fdr","lfc","n_deg","pct_of_tested","pct_of_fdr_set","null_mean","null_max","treat_n"
0.001,0,156,1.28152468578,100,0,0,NA
0.001,0.05,156,1.28152468578,100,0,0,NA
0.001,0.1,156,1.28152468578,100,0,0,32
0.001,0.2,137,1.12544155097347,87.8205128205128,0,0,11
0.001,0.3,94,0.772200772200772,60.2564102564103,0,0,NA
0.001,0.5,19,0.156083134806539,12.1794871794872,0,0,0
0.001,1,0,0,0,0,0,NA
0.01,0,495,4.06637640680194,100,0,0,NA
0.01,0.05,495,4.06637640680194,100,0,0,NA
0.01,0.1,489,4.0170869958104,98.7878787878788,0,0,62
0.01,0.2,320,2.62876858621539,64.6464646464647,0,0,13
0.01,0.3,157,1.28973958761193,31.7171717171717,0,0,NA
0.01,0.5,23,0.188942742134231,4.64646464646465,0,0,0
0.01,1,0,0,0,0,0,NA
0.05,0,1382,11.3529943317177,100,0,0,NA
0.05,0.05,1382,11.3529943317177,100,0,0,NA
0.05,0.1,1264,10.3836359155508,91.4616497829233,0,0,113
0.05,0.2,557,4.57570032038117,40.3039073806078,0,0,19
0.05,0.3,202,1.65941017004847,14.616497829233,0,0,NA
0.05,0.5,25,0.205372545798078,1.80897250361794,0,0,0
0.05,1,0,0,0,0,0,NA
0.1,0,2447,20.1018647827158,100,0,0,NA
0.1,0.05,2447,20.1018647827158,100,0,0,NA
0.1,0.1,1967,16.1587119033928,80.3841438496118,0,0,127
0.1,0.2,671,5.51219912922041,27.4213322435635,0,0,24
0.1,0.3,215,1.76620389386347,8.78626890069473,0,0,NA
0.1,0.5,25,0.205372545798078,1.02165917449939,0,0,0
0.1,1,0,0,0,0,0,NA
0.2,0,3960,32.5310112544155,100,87.85,1755,NA
0.2,0.05,3930,32.2845641994578,99.2424242424242,87.7,1752,NA
0.2,0.1,2655,21.8105643637559,67.0454545454545,66.4,1326,171
0.2,0.2,747,6.13653166844656,18.8636363636364,13.1,261,35
0.2,0.3,222,1.82370820668693,5.60606060606061,2.3,45,NA
0.2,0.5,26,0.213587447630001,0.656565656565657,0,0,0
0.2,1,0,0,0,0,0,NA
