"contrast","cell_type","n_genes","cor_log10p","median_abs_diff_p","agree_p05"
"casecontrol","neutrophils",400,0.992112934284208,0.0256662710039016,0.99
"casecontrol","monocytes",400,0.995792008182917,0.0102635141126176,0.985
"casecontrol","t.cells.cd4.naive",400,0.996868405161037,0.0139650356184185,0.985
"casecontrol","t.cells.cd4.memory.resting",400,0.99573955042294,0.0131959878583592,0.99
"casecontrol","nk.cells.resting",400,0.994899951701094,0.0194342776246298,0.9875
"casecontrol","t.cells.cd4.memory.activated",400,0.994152574496485,0.0191437262923117,0.9975
"casecontrol","mast.cells.resting",400,0.997749955205587,0.00904867390588188,0.9925
"casecontrol","b.cells.naive",400,0.998253498560683,0.0168317465076424,0.9975
"lithium","neutrophils",400,0.988815851965224,0.0161735324159723,0.985
"lithium","monocytes",400,0.997072432112169,0.0234942659543816,0.97
"lithium","t.cells.cd4.naive",400,0.997639439004121,0.0153911788902218,0.9975
"lithium","t.cells.cd4.memory.resting",400,0.996372372021434,0.0110303607447991,0.9975
"lithium","nk.cells.resting",400,0.995295592656081,0.00812528747635893,0.9875
"lithium","t.cells.cd4.memory.activated",400,0.997912552887991,0.0213500711131005,0.9875
"lithium","mast.cells.resting",400,0.996706194035739,0.015386698762009,0.9875
"lithium","b.cells.naive",400,0.996299748079894,0.023455585724491,0.9975
