"","neutrophils","monocytes","t.cells.cd4.naive","t.cells.cd4.memory.resting","nk.cells.resting","t.cells.cd4.memory.activated","mast.cells.resting","b.cells.naive","bulk"
"neutrophils",1,0.823120877644234,0.526589397626679,0.434667589188088,0.745684257856996,0.741339443646091,0.866647788826851,0.794373819386837,0.920870363567703
"monocytes",0.823120877644234,1,0.632603920366403,0.540131145571523,0.810443307673976,0.87706474891295,0.944408728630477,0.842074619405439,0.939795815448008
"t.cells.cd4.naive",0.526589397626679,0.632603920366403,1,0.561580525380687,0.728241572755687,0.661705150008305,0.711447430148483,0.812453892472536,0.73104538806994
"t.cells.cd4.memory.resting",0.434667589188088,0.540131145571523,0.561580525380687,1,0.458125773429846,0.723806467624163,0.671048535709813,0.604963050039891,0.621793323017981
"nk.cells.resting",0.745684257856996,0.810443307673976,0.728241572755687,0.458125773429846,1,0.720369675835534,0.804911034756291,0.817046792353099,0.856645823733165
"t.cells.cd4.memory.activated",0.741339443646091,0.87706474891295,0.661705150008305,0.723806467624163,0.720369675835534,1,0.950706465585784,0.832894598872912,0.896728428835863
"mast.cells.resting",0.866647788826851,0.944408728630477,0.711447430148483,0.671048535709813,0.804911034756291,0.950706465585784,1,0.892667374686288,0.9794692028534
"b.cells.naive",0.794373819386837,0.842074619405439,0.812453892472536,0.604963050039891,0.817046792353099,0.832894598872912,0.892667374686288,1,0.920748753004446
"bulk",0.920870363567703,0.939795815448008,0.73104538806994,0.621793323017981,0.856645823733165,0.896728428835863,0.9794692028534,0.920748753004446,1
