"tag","n_genes","k","cat"
"fbe_design",23246,100,0.9
"fbe_design",23246,250,0.84
"fbe_design",23246,500,0.816
"fbe_design",23246,1000,0.832
"fbe_design",23246,2000,0.8175
"fbe_design",23246,5000,0.7766
"fbe_group",15978,100,0.93
"fbe_group",15978,250,0.88
"fbe_group",15978,500,0.872
"fbe_group",15978,1000,0.878
"fbe_group",15978,2000,0.8775
"fbe_group",15978,5000,0.8468
"fbe_nogroup",13789,100,0.95
"fbe_nogroup",13789,250,0.916
"fbe_nogroup",13789,500,0.92
"fbe_nogroup",13789,1000,0.93
"fbe_nogroup",13789,2000,0.9285
"fbe_nogroup",13789,5000,0.9236
"mc0_mp010",37326,100,0.89
"mc0_mp010",37326,250,0.82
"mc0_mp010",37326,500,0.776
"mc0_mp010",37326,1000,0.76
"mc0_mp010",37326,2000,0.723
"mc0_mp010",37326,5000,0.6412
"mc0_mp025",28484,100,0.9
"mc0_mp025",28484,250,0.804
"mc0_mp025",28484,500,0.768
"mc0_mp025",28484,1000,0.786
"mc0_mp025",28484,2000,0.777
"mc0_mp025",28484,5000,0.7294
"mc0_mp050",23843,100,0.9
"mc0_mp050",23843,250,0.812
"mc0_mp050",23843,500,0.782
"mc0_mp050",23843,1000,0.801
"mc0_mp050",23843,2000,0.7875
"mc0_mp050",23843,5000,0.7506
"mc0_mp075",20645,100,0.9
"mc0_mp075",20645,250,0.832
"mc0_mp075",20645,500,0.81
"mc0_mp075",20645,1000,0.826
"mc0_mp075",20645,2000,0.812
"mc0_mp075",20645,5000,0.7746
"mc0_mp090",18367,100,0.91
"mc0_mp090",18367,250,0.848
"mc0_mp090",18367,500,0.84
"mc0_mp090",18367,1000,0.847
"mc0_mp090",18367,2000,0.837
"mc0_mp090",18367,5000,0.8006
"mc0_mp100",12603,100,0.96
"mc0_mp100",12603,250,0.952
"mc0_mp100",12603,500,0.94
"mc0_mp100",12603,1000,0.949
"mc0_mp100",12603,2000,0.9555
"mc0_mp100",12603,5000,0.95
"mc1_mp010",28812,100,0.9
"mc1_mp010",28812,250,0.804
"mc1_mp010",28812,500,0.77
"mc1_mp010",28812,1000,0.784
"mc1_mp010",28812,2000,0.7785
"mc1_mp010",28812,5000,0.7352
"mc1_mp025",23586,100,0.9
"mc1_mp025",23586,250,0.816
"mc1_mp025",23586,500,0.79
"mc1_mp025",23586,1000,0.811
"mc1_mp025",23586,2000,0.789
"mc1_mp025",23586,5000,0.7468
"mc1_mp050",20673,100,0.9
"mc1_mp050",20673,250,0.844
"mc1_mp050",20673,500,0.816
"mc1_mp050",20673,1000,0.824
"mc1_mp050",20673,2000,0.8085
"mc1_mp050",20673,5000,0.767
"mc1_mp075",18351,100,0.91
"mc1_mp075",18351,250,0.86
"mc1_mp075",18351,500,0.848
"mc1_mp075",18351,1000,0.852
"mc1_mp075",18351,2000,0.84
"mc1_mp075",18351,5000,0.8018
"mc1_mp090",16482,100,0.94
"mc1_mp090",16482,250,0.88
"mc1_mp090",16482,500,0.872
"mc1_mp090",16482,1000,0.881
"mc1_mp090",16482,2000,0.877
"mc1_mp090",16482,5000,0.8472
"mc1_mp100",11111,100,0.94
"mc1_mp100",11111,250,0.932
"mc1_mp100",11111,500,0.94
"mc1_mp100",11111,1000,0.934
"mc1_mp100",11111,2000,0.935
"mc1_mp100",11111,5000,0.9254
"mc10_mp010",17072,100,0.92
"mc10_mp010",17072,250,0.84
"mc10_mp010",17072,500,0.824
"mc10_mp010",17072,1000,0.841
"mc10_mp010",17072,2000,0.8465
"mc10_mp010",17072,5000,0.8334
"mc10_mp025",15726,100,0.94
"mc10_mp025",15726,250,0.88
"mc10_mp025",15726,500,0.87
"mc10_mp025",15726,1000,0.885
"mc10_mp025",15726,2000,0.8825
"mc10_mp025",15726,5000,0.8592
"mc10_mp050",14387,100,0.95
"mc10_mp050",14387,250,0.904
"mc10_mp050",14387,500,0.906
"mc10_mp050",14387,1000,0.921
"mc10_mp050",14387,2000,0.918
"mc10_mp050",14387,5000,0.8992
"mc10_mp075",13203,100,0.98
"mc10_mp075",13203,250,0.948
"mc10_mp075",13203,500,0.942
"mc10_mp075",13203,1000,0.946
"mc10_mp075",13203,2000,0.945
"mc10_mp075",13203,5000,0.9442
"mc10_mp090",12173,100,1
"mc10_mp090",12173,250,1
"mc10_mp090",12173,500,1
"mc10_mp090",12173,1000,1
"mc10_mp090",12173,2000,1
"mc10_mp090",12173,5000,1
"mc10_mp100",6578,100,0.72
"mc10_mp100",6578,250,0.672
"mc10_mp100",6578,500,0.678
"mc10_mp100",6578,1000,0.657
"mc10_mp100",6578,2000,0.627
"mc10_mp100",6578,5000,0.5962
"mc20_mp010",14541,100,0.96
"mc20_mp010",14541,250,0.892
"mc20_mp010",14541,500,0.888
"mc20_mp010",14541,1000,0.905
"mc20_mp010",14541,2000,0.9085
"mc20_mp010",14541,5000,0.891
"mc20_mp025",13554,100,0.96
"mc20_mp025",13554,250,0.932
"mc20_mp025",13554,500,0.924
"mc20_mp025",13554,1000,0.934
"mc20_mp025",13554,2000,0.9355
"mc20_mp025",13554,5000,0.926
"mc20_mp050",12566,100,0.98
"mc20_mp050",12566,250,0.972
"mc20_mp050",12566,500,0.962
"mc20_mp050",12566,1000,0.967
"mc20_mp050",12566,2000,0.972
"mc20_mp050",12566,5000,0.9704
"mc20_mp075",11556,100,0.97
"mc20_mp075",11556,250,0.956
"mc20_mp075",11556,500,0.97
"mc20_mp075",11556,1000,0.965
"mc20_mp075",11556,2000,0.965
"mc20_mp075",11556,5000,0.962
"mc20_mp090",10532,100,0.95
"mc20_mp090",10532,250,0.912
"mc20_mp090",10532,500,0.924
"mc20_mp090",10532,1000,0.922
"mc20_mp090",10532,2000,0.911
"mc20_mp090",10532,5000,0.899
"mc20_mp100",4483,100,0.58
"mc20_mp100",4483,250,0.576
"mc20_mp100",4483,500,0.552
"mc20_mp100",4483,1000,0.512
"mc20_mp100",4483,2000,0.4905
"mc20_mp100",4483,5000,NA
"mc5_mp010",20132,100,0.9
"mc5_mp010",20132,250,0.836
"mc5_mp010",20132,500,0.822
"mc5_mp010",20132,1000,0.823
"mc5_mp010",20132,2000,0.8065
"mc5_mp010",20132,5000,0.7652
"mc5_mp025",18126,100,0.9
"mc5_mp025",18126,250,0.82
"mc5_mp025",18126,500,0.804
"mc5_mp025",18126,1000,0.825
"mc5_mp025",18126,2000,0.8315
"mc5_mp025",18126,5000,0.8134
"mc5_mp050",16411,100,0.93
"mc5_mp050",16411,250,0.86
"mc5_mp050",16411,500,0.854
"mc5_mp050",16411,1000,0.869
"mc5_mp050",16411,2000,0.8675
"mc5_mp050",16411,5000,0.849
"mc5_mp075",14871,100,0.95
"mc5_mp075",14871,250,0.892
"mc5_mp075",14871,500,0.876
"mc5_mp075",14871,1000,0.892
"mc5_mp075",14871,2000,0.896
"mc5_mp075",14871,5000,0.889
"mc5_mp090",13588,100,0.97
"mc5_mp090",13588,250,0.944
"mc5_mp090",13588,500,0.936
"mc5_mp090",13588,1000,0.95
"mc5_mp090",13588,2000,0.945
"mc5_mp090",13588,5000,0.9304
"mc5_mp100",8377,100,0.83
"mc5_mp100",8377,250,0.764
"mc5_mp100",8377,500,0.778
"mc5_mp100",8377,1000,0.767
"mc5_mp100",8377,2000,0.7425
"mc5_mp100",8377,5000,0.7328
"mc50_mp010",11771,100,0.97
"mc50_mp010",11771,250,0.956
"mc50_mp010",11771,500,0.952
"mc50_mp010",11771,1000,0.962
"mc50_mp010",11771,2000,0.955
"mc50_mp010",11771,5000,0.9528
"mc50_mp025",10988,100,0.96
"mc50_mp025",10988,250,0.928
"mc50_mp025",10988,500,0.936
"mc50_mp025",10988,1000,0.932
"mc50_mp025",10988,2000,0.9225
"mc50_mp025",10988,5000,0.9204
"mc50_mp050",10082,100,0.93
"mc50_mp050",10082,250,0.9
"mc50_mp050",10082,500,0.904
"mc50_mp050",10082,1000,0.898
"mc50_mp050",10082,2000,0.8865
"mc50_mp050",10082,5000,0.8712
"mc50_mp075",9137,100,0.89
"mc50_mp075",9137,250,0.828
"mc50_mp075",9137,500,0.838
"mc50_mp075",9137,1000,0.836
"mc50_mp075",9137,2000,0.8235
"mc50_mp075",9137,5000,0.8032
"mc50_mp090",8002,100,0.83
"mc50_mp090",8002,250,0.776
"mc50_mp090",8002,500,0.778
"mc50_mp090",8002,1000,0.767
"mc50_mp090",8002,2000,0.7515
"mc50_mp090",8002,5000,0.719
"mc50_mp100",2091,100,0.29
"mc50_mp100",2091,250,0.288
"mc50_mp100",2091,500,0.286
"mc50_mp100",2091,1000,0.284
"mc50_mp100",2091,2000,0.2655
"mc50_mp100",2091,5000,NA
"nofilter",57773,100,0.72
"nofilter",57773,250,0.508
"nofilter",57773,500,0.326
"nofilter",57773,1000,0.219
"nofilter",57773,2000,0.128
"nofilter",57773,5000,0.0794
