"tag","n_genes","n_common","cell_p001","canon_p001","cell_p01","canon_p01","ratio_p001"
"nofilter",57773,12173,652,702,1899,1777,0.928774928774929
"mc0_mp010",37326,12173,645,702,1766,1777,0.918803418803419
"mc1_mp010",28812,12173,658,702,1878,1777,0.937321937321937
"mc0_mp025",28484,12173,658,702,1880,1777,0.937321937321937
"mc0_mp050",23843,12173,645,702,1810,1777,0.918803418803419
"mc1_mp025",23586,12173,651,702,1757,1777,0.927350427350427
"fbe_design",23246,12173,664,702,1763,1777,0.945868945868946
"mc1_mp050",20673,12173,674,702,1748,1777,0.96011396011396
"mc0_mp075",20645,12173,668,702,1774,1777,0.951566951566952
"mc5_mp010",20132,12173,671,702,1694,1777,0.955840455840456
"mc0_mp090",18367,12173,657,702,1740,1777,0.935897435897436
"mc1_mp075",18351,12173,684,702,1757,1777,0.974358974358974
"mc5_mp025",18126,12173,666,702,1859,1777,0.948717948717949
"mc10_mp010",17072,12173,671,702,1863,1777,0.955840455840456
"mc1_mp090",16482,12173,687,702,1807,1777,0.978632478632479
"mc5_mp050",16411,12173,685,702,1833,1777,0.975783475783476
"fbe_group",15978,12173,699,702,1790,1777,0.995726495726496
"mc10_mp025",15726,12173,689,702,1814,1777,0.981481481481482
"mc5_mp075",14871,12173,692,702,1841,1777,0.985754985754986
"mc20_mp010",14541,12173,698,702,1819,1777,0.994301994301994
"mc10_mp050",14387,12173,706,702,1813,1777,1.00569800569801
"fbe_nogroup",13789,12173,696,702,1839,1777,0.991452991452991
"mc5_mp090",13588,12173,702,702,1812,1777,1
"mc20_mp025",13554,12173,693,702,1810,1777,0.987179487179487
"mc10_mp075",13203,12173,693,702,1818,1777,0.987179487179487
"mc0_mp100",12603,11753,701,689,1781,1739,1.01741654571843
"mc20_mp050",12566,12160,710,702,1817,1775,1.01139601139601
"mc10_mp090",12173,12173,702,702,1777,1777,1
"mc50_mp010",11771,11572,696,686,1768,1736,1.01457725947522
"mc20_mp075",11556,11548,687,685,1732,1729,1.0029197080292
"mc1_mp100",11111,10984,667,660,1693,1661,1.01060606060606
"mc50_mp025",10988,10907,679,666,1755,1668,1.01951951951952
"mc20_mp090",10532,10532,646,652,1610,1624,0.99079754601227
"mc50_mp050",10082,10072,642,640,1583,1586,1.003125
"mc50_mp075",9137,9137,598,597,1482,1473,1.00167504187605
"mc5_mp100",8377,8377,572,557,1485,1355,1.02692998204668
"mc50_mp090",8002,8002,559,550,1387,1344,1.01636363636364
"mc10_mp100",6578,6578,497,482,1282,1143,1.03112033195021
"mc20_mp100",4483,4483,393,387,992,879,1.01550387596899
"mc50_mp100",2091,2091,225,217,550,469,1.036866359447
