"axis","bin","n","med_aveexpr","med_detect10","pi0","pct_p05","pct_p001","n_deg_globalFDR","n_deg_binFDR","frac_in_canon"
"AveExpr decile","D01",3733,-3.67776878365089,0,0.770961693008304,10.4741494776319,0.294669166889901,16,0,0
"AveExpr decile","D02",3734,-3.55914967274554,0,0.957150508837708,6.80235672201393,0.348152115693626,14,0,0
"AveExpr decile","D03",3731,-3.34680460969557,0,1,6.24497453765746,0.214419726614849,10,0,0
"AveExpr decile","D04",3733,-2.91458505696467,0,0.998660594695955,6.02732386820252,0.375033485132601,15,0,0
"AveExpr decile","D05",3732,-2.01862400471288,0.00442477876106195,0.955519828510182,7.47588424437299,0.616291532690247,24,8,0
"AveExpr decile","D06",3733,-0.629634491213282,0.115044247787611,0.825073667291722,10.9563353870881,1.2858290918832,51,28,0
"AveExpr decile","D07",3732,1.112668662881,0.778761061946903,0.703644158628081,16.7738478027867,2.7599142550911,106,127,0.269828510182208
"AveExpr decile","D08",3733,3.0391975932853,0.982300884955752,0.55772836860434,25.4487007768551,4.07179212429681,158,249,0.99196356817573
"AveExpr decile","D09",3732,4.68969254904541,1,0.495176848874598,29.2068595927117,4.44801714898178,180,318,0.9997320471597
"AveExpr decile","D10",3733,6.57658626345849,1,0.447361371551031,37.1551031342084,7.84891508170372,307,716,0.999732118939191
"detection rate (>10 counts)","0",15750,-3.44122609533499,0,0.90984126984127,7.99365079365079,0.374603174603175,69,0,0
"detection rate (>10 counts)","0-10%",4504,-1.89020574649122,0.0309734513274336,1,6.23889875666075,0.621669626998224,29,13,0
"detection rate (>10 counts)","10-25%",1346,-0.454003209163741,0.15929203539823,0.827637444279346,10.8469539375929,1.33729569093611,20,9,0
"detection rate (>10 counts)","25-50%",1355,0.12673101864196,0.371681415929204,0.802952029520295,12.6937269372694,1.54981549815498,21,19,0
"detection rate (>10 counts)","50-75%",1168,0.714596372269779,0.632743362831858,0.773972602739726,15.2397260273973,2.6541095890411,32,34,0
"detection rate (>10 counts)","75-90%",1030,1.2994500939414,0.84070796460177,0.658252427184466,18.3495145631068,2.81553398058252,31,41,0
"detection rate (>10 counts)",">=90%",12173,4.49311573107429,1,0.508338125359402,29.7297297297297,5.29861168159041,679,1302,1
