"what","beta","se","t","p","partial_R2","contrast"
"b1_myeloid_vs_lymphoid",0.1558,0.078,1.9967,0.0471,0.0184,"lithium within BP1 (n=226)"
"b2_gran_vs_mono",0.1026,0.0403,2.5468,0.0116,0.0296,"lithium within BP1 (n=226)"
"b3_T_vs_NKB",0.0354,0.0635,0.5571,0.578,0.0015,"lithium within BP1 (n=226)"
"b4_NK_vs_B",0.0629,0.1158,0.5431,0.588,0.0014,"lithium within BP1 (n=226)"
"gran_prop",0.0407,0.0127,3.2083,0.00154,0.0461,"lithium within BP1 (n=226)"
"b1_myeloid_vs_lymphoid",0.0507,0.061,0.8301,0.407,0.0015,"case vs control (n=474)"
"b2_gran_vs_mono",0.0337,0.0311,1.0833,0.279,0.0025,"case vs control (n=474)"
"b3_T_vs_NKB",7e-04,0.0503,0.0136,0.989,0,"case vs control (n=474)"
"b4_NK_vs_B",-0.1609,0.091,-1.7682,0.0777,0.0068,"case vs control (n=474)"
"gran_prop",0.0185,0.0101,1.8224,0.069,0.0072,"case vs control (n=474)"
