"arm","multiplier","n_spiked","n_capped","mean_induced_absFC","detected_canonical","power_canonical","detected_adjusted","survivors","survival_rate","shrinkage"
"TRANS",0.5,1200,0,0.1011,382,0.3183,385,285,0.7461,0.9711
"TRANS",1,1200,14,0.2103,932,0.7767,906,852,0.9142,1.0014
"TRANS",1.5,1200,85,0.3096,1085,0.9042,1061,1034,0.953,1.0187
"TRANS",2,1200,191,0.4227,1153,0.9608,1137,1122,0.9731,0.9993
"TRANS",3,1200,432,0.6247,1194,0.995,1191,1188,0.995,0.9974
"COMPOS",0.5,1200,548,0.1123,0,0,0,0,0,NA
"COMPOS",1,1200,1019,0.2293,0,0,1,0,0,NA
"COMPOS",1.5,1200,1147,0.3459,1,8e-04,0,0,0,0.168
"COMPOS",2,1200,1186,0.4422,0,0,0,0,0,NA
"COMPOS",3,1200,1197,0.6859,0,0,0,0,0,NA
