"title","dx","lithium","age","sex","group","rin","plate","seqpc1","seqpc2","seqpc3","tobacco","depth_ok","rin_ok"
"089357B","Control",0,18.97,"F","B",6.9,"2",-0.023475009,0.044046716,-0.061617807,0,TRUE,TRUE
"089366A","Control",0,19.09,"F","B",7.6,"2",-0.031476549,0.017792542,-0.04049507,0,TRUE,TRUE
"089412B","Control",0,23.28,"F","B",8,"2",-0.040610444,0.009518688,0.049744052,1,TRUE,TRUE
"089425B","Control",0,47.22,"F","B",6.6,"2",-0.021941952,-0.005416907,-0.071364229,0,TRUE,TRUE
"089687A","Control",0,52.37,"F","B",7.5,"2",-0.010074485,0.145377204,-0.002833439,0,TRUE,TRUE
"089851B","Control",0,35.86,"F","B",7.1,"2",-0.016315454,0.026508841,-0.093851229,1,TRUE,TRUE
"099147B","Control",0,25.65,"F","B",7.9,"2",-0.032607024,0.008948625,0.048311106,1,TRUE,TRUE
"099175B","Control",0,55.5,"F","B",7,"2",-0.0257757,-0.002685976,-0.00939099,1,TRUE,TRUE
"099192A","Control",0,51.16,"F","B",7.3,"2",-0.020268149,0.006027131,-0.025073471,0,TRUE,TRUE
"099207A","Control",0,50.8,"F","B",7.3,"2",-0.000746614,0.183381951,0.032083002,0,FALSE,TRUE
"099219A","Control",0,22.78,"F","B",8.5,"2",-0.045158284,0.05364793,-0.088872327,0,TRUE,TRUE
"099328A","Control",0,23.02,"F","B",6.4,"2",-0.045462527,0.025145342,-0.075472859,0,TRUE,TRUE
"099329A","Control",0,32.29,"F","B",7.6,"2",-0.032947541,0.032956973,-0.098184036,0,TRUE,TRUE
"099394A","Control",0,30.38,"F","B",7.2,"1",-0.006207711,-0.023458947,-0.058718408,0,TRUE,TRUE
"099407A","Control",0,43.89,"F","B",7.8,"2",-0.014987986,0.071295974,-0.115942086,0,FALSE,TRUE
"099408A","Control",0,29.22,"F","B",8.2,"2",-0.036451538,0.062091439,-0.105885433,0,FALSE,TRUE
"099598A","Control",0,53.27,"F","B",7.3,"2",-0.021194276,0.027533975,-0.105817271,0,TRUE,TRUE
"108032A","Control",0,50.58,"F","B",7.8,"2",-0.018828161,0.044543313,-0.102388792,0,TRUE,TRUE
"108082A","Control",0,33.42,"F","B",8.4,"2",-0.032349593,0.054317912,-0.093222647,0,TRUE,TRUE
"108180B","Control",0,47.2,"F","B",8.7,"2",-0.019598209,0.011826111,-0.015340915,1,TRUE,TRUE
"108338A","Control",0,36.16,"F","B",7.3,"2",-0.015029728,-0.001442158,0.043281146,0,TRUE,TRUE
"108350A","Control",0,55.74,"F","B",7.1,"2",-0.033846286,-0.008680983,-0.002364733,1,TRUE,TRUE
"108499A","Control",0,30.12,"M","B",8.2,"1",-0.027472191,0.128137653,-0.00215525,1,TRUE,TRUE
"108555A","Control",0,33.36,"M","B",7.1,"1",-0.056121555,-0.009343539,-0.031428809,0,TRUE,TRUE
"108611B","Control",0,28.18,"M","B",8,"1",-0.048911113,0.015139179,-0.036700842,0,TRUE,TRUE
"108741B","Control",0,45.14,"M","B",7.6,"1",-0.093286531,0.00370059,0.002836472,0,TRUE,TRUE
"108747B","Control",0,48.63,"F","B",7.3,"1",-0.096733331,0.004261407,-0.02609584,1,TRUE,TRUE
"108765B","Control",0,50.74,"M","B",7.5,"1",-0.084177634,-0.001053685,0.014716824,0,TRUE,TRUE
"108816A","Control",0,27.14,"M","B",7,"1",-0.08412502,-0.00898962,-0.058284414,0,TRUE,TRUE
"108844A","Control",0,29.15,"M","B",7.9,"1",-0.044032938,0.058598164,-0.079580872,0,TRUE,TRUE
"108857A","Control",0,23.1,"M","B",7.8,"1",-0.035454798,-0.013436362,-0.024167873,1,TRUE,TRUE
"108931A","Control",0,46.37,"F","B",7.3,"1",-0.099335329,0.007065547,-0.036883726,0,TRUE,TRUE
"108932A","Control",0,53.37,"M","B",7.8,"1",-0.112441699,0.006977035,0.004672785,0,TRUE,TRUE
"108981B","Control",0,28.38,"M","B",6.2,"1",-0.072106708,0.026186541,-0.055107873,1,TRUE,TRUE
"108983B","Control",0,43.13,"M","B",7.5,"1",-0.109107618,-0.000634022,-0.019620286,0,TRUE,TRUE
"108990A","Control",0,39.9,"F","B",7.3,"1",-0.053126655,-0.007603595,0.005923725,1,TRUE,TRUE
"109014B","Control",0,37.55,"M","B",7,"1",-0.072956475,0.003265021,-0.039692463,0,TRUE,TRUE
"109042B","Control",0,54.32,"F","B",6.5,"1",-0.068612176,-0.010697226,-0.033076369,1,TRUE,TRUE
"109056A","Control",0,19.13,"M","B",7.7,"1",-0.121976128,0.003121942,-0.043286642,0,TRUE,TRUE
"109078B","Control",0,42.39,"F","B",8,"1",-0.099279478,0.02240018,-0.015110314,0,TRUE,TRUE
"109087A","Control",0,24.2,"F","B",7.5,"1",-0.05941531,0.028644546,-0.066514837,0,TRUE,TRUE
"109088B","Control",0,47.27,"M","B",7.6,"1",-0.070411845,0.020810271,-0.046516275,0,TRUE,TRUE
"109089A","Control",0,39.9,"M","B",7.4,"1",-0.072042748,-0.00068812,-0.018626559,0,TRUE,TRUE
"109105B","Control",0,48.11,"F","B",6.9,"1",-0.039323458,0.019858839,-0.051169334,1,TRUE,TRUE
"109106B","Control",0,46.58,"M","B",8.5,"1",-0.052151432,-0.008330544,-0.026171377,0,TRUE,TRUE
"109137A","Control",0,53.08,"F","B",6.8,"1",-0.061918735,0.010652658,-0.008911675,1,TRUE,TRUE
"109138B","Control",0,46.32,"M","B",6.7,"1",-0.032828808,0.027615831,0.055634321,1,TRUE,TRUE
"109156B","Control",0,25.26,"F","B",7.6,"1",-0.004932328,-0.012535164,0.031437352,0,TRUE,TRUE
"109157A","Control",0,43.83,"F","B",7,"1",-0.061080916,-0.008332456,-0.02668354,1,TRUE,TRUE
"109184A","Control",0,46.23,"M","B",7.3,"1",-0.048307824,-0.008657033,0.000739627,0,TRUE,TRUE
"109188B","Control",0,55.32,"M","B",7.8,"1",0.009061692,-0.027068825,-0.019413145,1,TRUE,TRUE
"109189A","Control",0,21.3,"M","B",7.2,"1",-0.00626626,-0.01790014,-0.019836659,0,TRUE,TRUE
"109191B","Control",0,45.33,"M","B",9.6,"1",-0.022324529,0.0456223,-0.097130194,1,TRUE,TRUE
"109213B","Control",0,28.98,"M","B",7.3,"1",-0.022556959,-0.016979664,0.006589138,0,TRUE,TRUE
"109254B","Control",0,55.42,"M","B",7.6,"1",-0.052914432,-0.008882981,0.01044748,0,TRUE,TRUE
"109274B","Control",0,71.23,"M","B",7.6,"1",-0.054393899,-0.005999499,0.046121598,0,TRUE,TRUE
"109275B","Control",0,44.31,"F","B",7.1,"1",-0.043068079,-0.004584999,0.034075946,0,TRUE,TRUE
"109281B","Control",0,29.09,"M","B",6.9,"1",-0.023026024,-0.009761837,-0.046577891,0,TRUE,TRUE
"109326A","Control",0,48.76,"M","B",7,"1",-0.027506114,-0.016927851,-0.051126272,0,TRUE,TRUE
"109327A","Control",0,20.9,"F","B",7.2,"1",-0.00466392,-0.026334244,0.022602249,0,TRUE,TRUE
"109329A","Control",0,40.75,"M","B",7,"1",-0.039231007,-0.013794209,-0.028649344,0,TRUE,TRUE
"109350B","Control",0,45.82,"M","B",7.2,"1",-0.034454699,-0.004283401,-0.046304958,0,TRUE,TRUE
"109368A","Control",0,50.94,"M","B",7.6,"1",-0.06464021,-0.014375733,-0.038811218,0,TRUE,TRUE
"109381B","Control",0,28.18,"M","B",6.9,"1",-0.023910688,0.010999089,-0.063149136,1,TRUE,TRUE
"109384A","Control",0,42.94,"M","B",7.2,"1",0.052423005,-0.038382664,-0.041564871,0,TRUE,TRUE
"109424B","Control",0,26.81,"M","B",7.2,"1",-0.034069621,-0.019531553,-0.049684153,0,TRUE,TRUE
"109434A","Control",0,47.95,"M","B",7.3,"1",0.02025569,-0.02804484,0.019121885,0,TRUE,TRUE
"109435B","Control",0,47.9,"M","B",7.6,"1",0.045722308,-0.030683068,0.014919127,0,TRUE,TRUE
"109464A","Control",0,57.1,"F","B",7.5,"2",-0.021401554,-0.011061195,0.075670381,0,TRUE,TRUE
"109503A","Control",0,33.1,"F","B",7.2,"2",-0.053502133,0.062376442,-0.006661945,1,TRUE,TRUE
"109505B","Control",0,37.63,"F","B",6.7,"2",-0.027770162,-0.011027577,-0.0349978,0,TRUE,TRUE
"109529A","Control",0,52.85,"F","B",7,"2",-0.045281813,0.000350062,-0.015490457,0,TRUE,TRUE
"109530A","Control",0,49.25,"F","B",7.7,"2",-0.043336045,0.010828785,-0.021581409,1,TRUE,TRUE
"109548A","Control",0,37.7,"M","B",7.9,"3",0.085066903,-0.025368992,-0.033603409,0,TRUE,TRUE
"109549A","Control",0,52.26,"F","B",7.4,"2",-0.019745288,-0.02191129,-0.026978921,0,TRUE,TRUE
"109551B","Control",0,36.94,"F","B",7.4,"2",-0.008507808,-0.014078431,-0.04677687,0,TRUE,TRUE
"109559B","Control",0,38.24,"F","B",7.2,"2",0.012492792,-0.025754535,-0.065716399,0,TRUE,TRUE
"109646A","Control",0,41.97,"F","B",6.8,"2",-0.004497038,-0.017854611,-0.083434525,0,TRUE,TRUE
"109694A","Control",0,49.02,"F","B",7.4,"2",-0.028442506,-0.00880702,0.069585064,0,TRUE,TRUE
"118035A","Control",0,28.41,"F","B",7,"2",-0.014796239,-0.015372333,-0.016144958,0,TRUE,TRUE
"118046A","Control",0,53.46,"F","B",8,"2",-0.017405452,-0.015664117,0.01464033,0,TRUE,TRUE
"118059B","Control",0,51.95,"F","B",7.8,"2",-0.022547415,-0.00215369,-0.034466718,0,TRUE,TRUE
"118082B","Control",0,29.75,"F","B",7.5,"2",-0.024402656,-0.015750715,-0.019723442,1,TRUE,TRUE
"118139A","Control",0,50.17,"M","B",7.5,"2",-0.019757843,-0.009113199,0.055773822,0,TRUE,TRUE
"118142B","Control",0,34.26,"M","B",8,"2",-0.011854756,-0.020807958,-0.009622589,0,TRUE,TRUE
"118146A","Control",0,21.29,"F","B",8.4,"2",-0.004525518,-0.01285114,-0.015198499,1,TRUE,TRUE
"118148A","Control",0,46.13,"M","B",7.4,"2",0.012479383,-0.011993925,0.001361224,0,TRUE,TRUE
"118149A","Control",0,24.12,"M","B",7.8,"2",-0.001505614,-0.00557627,0.053885285,0,TRUE,TRUE
"118155A","Control",0,20.85,"F","B",7.6,"2",-0.011797546,-0.007388381,0.025225293,1,TRUE,TRUE
"118156B","Control",0,55.49,"F","B",7.4,"2",-0.015539192,0.001007465,0.007365208,0,TRUE,TRUE
"118164A","Control",0,24.96,"M","B",7.9,"3",0.078967804,0.045143474,0.025824768,1,TRUE,TRUE
"118175A","Control",0,38.96,"M","B",7.6,"3",0.121415272,-0.042267376,-0.080094467,0,TRUE,TRUE
"118176B","Control",0,49.78,"M","B",7.4,"3",0.111699411,-0.045227422,-0.074985114,0,TRUE,TRUE
"118178B","Control",0,48.08,"M","B",7.3,"3",0.112566974,-0.032479181,0.201152073,0,TRUE,TRUE
"118179B","Control",0,41.63,"F","B",7.2,"3",0.068139237,-0.035139329,-0.068505948,0,TRUE,TRUE
"118194A","Control",0,43.99,"F","B",7.8,"3",0.10775907,-0.036060029,-0.013557085,0,TRUE,TRUE
"118195A","Control",0,41.95,"M","B",7.1,"3",0.063623605,-0.022733426,0.175323221,0,TRUE,TRUE
"118205A","Control",0,58.63,"M","B",6.4,"3",0.018105907,0.075974683,-0.079570415,0,TRUE,TRUE
"118206B","Control",0,53.52,"M","B",8.3,"3",0.084697655,-0.030575263,0.027519315,0,TRUE,TRUE
"118207B","Control",0,49.72,"M","B",7.8,"3",0.067012355,-0.017556219,-0.022475982,0,TRUE,TRUE
"118214B","Control",0,26.55,"F","B",7.5,"3",0.076186982,-0.024201084,-0.028132364,0,TRUE,TRUE
"118271A","Control",0,18.7,"F","B",7.2,"2",-0.021292213,-0.017170376,-0.070272376,0,TRUE,TRUE
"11R0539","BP1",1,36.59,"F","A",7.7,"1",-0.076424922,-0.005581873,0.022149203,0,TRUE,TRUE
"11R0540","BP1",0,62.95,"M","A",7.5,"1",-0.065533167,-0.005681054,0.006894565,0,TRUE,TRUE
"11R0541","BP1",0,41.54,"M","A",7.5,"1",-0.060936951,-0.006317136,0.008990409,0,TRUE,TRUE
"11R0544","BP2",0,54.36,"M","A",6.9,"1",-0.035350603,-0.012107251,0.031825206,0,TRUE,TRUE
"11R0545","Control",0,25.74,"M","A",7.9,"3",0.047950001,0.011108152,0.08582446,0,TRUE,TRUE
"11R0546","BP1",0,41.75,"F","A",7.5,"1",0.009679482,0.118259472,0.035645192,0,TRUE,TRUE
"11R0547","BP1",1,31.4,"F","A",8,"1",0.022294404,0.243430689,0.014390446,0,FALSE,TRUE
"11R0548","BP1",1,45.22,"F","A",7.3,"1",-0.0688483,0.001757865,0.025571787,0,TRUE,TRUE
"11R0549","BP2",0,53.55,"M","A",8,"1",-0.072552433,-0.003231466,0.012040906,0,TRUE,TRUE
"11R0553","BP1",1,21.63,"F","A",7.3,"1",-0.059422954,-0.010336303,0.037172291,0,TRUE,TRUE
"11R0557","BP1",0,61.87,"M","A",7.9,"1",-0.021522348,-0.019210537,0.05298677,0,TRUE,TRUE
"11R0561","BP1",1,26.83,"F","A",7.4,"1",-0.064334207,-0.010358208,0.05648173,0,TRUE,TRUE
"11R0564","Control",0,26.01,"F","A",8.3,"3",0.040472158,-0.023871123,0.06157477,0,TRUE,TRUE
"11R0565","BP1",1,47.41,"F","A",7.8,"1",-0.055588552,-0.009266821,0.034659873,0,TRUE,TRUE
"11R0569","BP1",1,60.68,"F","A",7.4,"1",-0.043623046,-0.011395835,0.014252852,1,TRUE,TRUE
"11R0571","BP1",1,41.3,"M","A",7.1,"1",-0.067105032,-0.003400791,0.020332765,0,TRUE,TRUE
"11R0575","BP1",0,43.29,"F","A",7.3,"1",-0.080654095,-0.004450792,0.043571025,0,TRUE,TRUE
"11R0577","BP1",1,35.57,"M","A",8,"1",-0.020801513,-0.01498213,0.057162262,1,TRUE,TRUE
"11R0580","BP1",1,25.61,"M","A",7.9,"1",-0.061899146,-0.011291518,-0.000846213,0,TRUE,TRUE
"11R0589","BP1",0,47.06,"F","A",7.6,"1",-0.023839951,-0.022100404,0.079320935,0,TRUE,TRUE
"11R0596","BP1",0,47.73,"M","A",9.7,"1",-0.052115687,0.040706633,-0.056791226,1,TRUE,TRUE
"11R0603","Control",0,23.25,"M","A",8.6,"3",0.096764751,-0.007532313,0.101702131,0,TRUE,TRUE
"11R0610","BP1",0,42.55,"F","A",8,"1",-0.028395424,-0.017658002,0.073508382,0,TRUE,TRUE
"11R0612","BP1",1,57.72,"F","A",7.9,"1",-0.043364733,-0.00518552,0.0426584,0,TRUE,TRUE
"11R0613","BP1",1,52.29,"F","A",7.5,"1",-0.088161738,0.005932635,0.009150297,0,TRUE,TRUE
"11R0616","BP1",0,47.12,"F","A",7.4,"1",-0.070711683,-0.000942542,0.02944373,0,TRUE,TRUE
"11R0631","BP2",0,55.63,"F","A",7.6,"1",-0.059805895,-0.00703487,0.062107214,0,TRUE,TRUE
"11R0634","BP1",1,56.45,"M","A",7.5,"1",-0.069798979,-0.007308224,0.035397616,0,TRUE,TRUE
"11R0635","BP1",1,32.81,"M","A",7.9,"1",-0.048336237,-0.016304247,0.080300785,1,TRUE,TRUE
"11R0645","BP1",1,51.87,"M","A",7.2,"1",-0.055421715,-0.007179973,0.054405798,1,TRUE,TRUE
"11R0647","BP1",0,40.37,"M","A",8.2,"1",-0.075542131,0.022477904,-0.033037667,1,TRUE,TRUE
"11R0652","Control",0,52.72,"M","A",7.9,"3",0.087535672,-0.039125248,-0.008764638,0,TRUE,TRUE
"11R0663","BP2",0,64.84,"M","A",8,"1",-0.085468231,0.009931396,-0.021295416,0,TRUE,TRUE
"11R0669","BP1",0,39.6,"F","A",7.3,"1",-0.079370266,0.005826523,0.001186597,0,TRUE,TRUE
"11R0807","BP1",0,38.61,"F","A",7.4,"1",-0.000244245,-0.017104954,0.034370964,1,TRUE,TRUE
"11R0808","BP1",1,29.76,"F","A",9.1,"1",-0.044134788,0.030262978,-0.023733248,0,TRUE,TRUE
"11R0809","BP1",1,67.33,"F","A",7.7,"1",-0.056801299,-0.004752336,0.087038471,1,TRUE,TRUE
"11R0821","BP1",1,51.25,"F","A",7.5,"1",-0.069408124,-0.001024959,0.043352124,0,TRUE,TRUE
"11R0832","Control",0,22.66,"F","A",8.3,"3",0.077783868,-0.019510282,0.060140981,0,TRUE,TRUE
"11R0835","BP1",1,46.6,"F","A",7.2,"1",-0.043186967,-0.005191751,0.047792816,1,TRUE,TRUE
"11R0837","BP1",1,35.54,"F","A",7.1,"1",-0.025071445,-0.009829355,0.038176398,0,TRUE,TRUE
"11R0839","BP2",0,34.46,"F","A",8.5,"1",-0.035219081,-0.01534801,0.00072919,0,TRUE,TRUE
"11R0845","BP1",1,53.63,"F","A",7.6,"1",-0.06252955,-0.006705654,0.028706626,0,TRUE,TRUE
"11R0846","BP1",1,55.16,"M","A",7.7,"1",-0.042158877,-0.01646211,0.025704681,0,TRUE,TRUE
"11R0847","BP1",1,56.02,"F","A",6.8,"1",-0.104965587,0.011029346,0.046859279,0,TRUE,TRUE
"11R0848","BP1",0,57.3,"M","A",7.9,"1",-0.027123955,0.011690413,-0.014388809,0,TRUE,TRUE
"11R0849","BP1",0,27.62,"F","A",7.9,"1",-0.028630649,-0.015198903,0.100390948,1,TRUE,TRUE
"11R0850","BP1",1,29.98,"F","A",8.1,"1",-0.057311965,0.034016312,-0.022112074,0,TRUE,TRUE
"11R0851","BP1",1,18.57,"M","A",6.9,"1",-0.030656852,-0.01552192,0.117403623,0,TRUE,TRUE
"11R0852","BP1",1,33.66,"F","A",7.9,"2",-0.010287093,-0.015308746,0.058902444,0,TRUE,TRUE
"11R0853","BP1",0,33.73,"M","A",7.9,"2",0.003700885,-0.020247388,0.167184161,0,TRUE,TRUE
"11R0856","BP1",0,59.9,"M","A",5.5,"2",0.010760115,-0.031072561,-0.022745192,0,TRUE,TRUE
"11R0857","BP1",1,46.92,"M","A",7.7,"2",0.003205966,-0.019056312,0.046675039,1,TRUE,TRUE
"11R0858","BP1",1,23.36,"F","A",7.8,"2",-0.027945274,0.024626371,-0.010095445,0,TRUE,TRUE
"11R0860","BP1",1,51.18,"M","A",7.6,"2",-0.010901685,-0.012479997,0.058387009,0,TRUE,TRUE
"11R0861","BP1",1,32.87,"F","A",7.9,"2",-0.03424074,-0.011659689,0.04991506,1,TRUE,TRUE
"11R0866","Control",0,78.81,"F","A",7.5,"2",-0.009644659,-0.004281185,0.040713759,0,TRUE,TRUE
"11R0878","BP1",1,38.11,"F","A",7.1,"2",-0.039204579,-0.000101959,0.030751547,0,TRUE,TRUE
"11R0879","BP1",0,52.15,"M","A",7.1,"2",0.049925609,0.285380303,0.028539523,0,FALSE,TRUE
"11R0882","BP1",1,38.46,"F","A",7.8,"2",-0.023213492,0.022836106,-0.026518344,0,TRUE,TRUE
"11R0888","BP1",1,59.37,"M","A",7.3,"2",-0.015249061,-0.006743033,-0.013504453,1,TRUE,TRUE
"12R0031","BP1",0,47.06,"F","A",8.8,"2",0.002467048,-0.006079943,-0.000460775,0,TRUE,TRUE
"12R0032","BP1",0,56.25,"M","A",7.8,"2",-0.010998181,-0.010326565,0.028272635,0,TRUE,TRUE
"12R0033","BP2",0,67.02,"M","A",7.7,"2",-0.027451199,-0.017944187,0.006532763,0,TRUE,TRUE
"12R0036","BP1",0,65.57,"F","A",7.4,"2",-0.027768086,0.007779886,0.026237772,0,TRUE,TRUE
"12R0038","BP1",1,50.22,"M","A",7.4,"2",-0.00484938,0.011586907,-0.0328082,0,TRUE,TRUE
"12R0042","BP1",0,65.06,"M","A",5.7,"2",0.02117786,-0.024383173,-0.043781528,1,TRUE,TRUE
"12R0047","BP1",1,58.41,"F","A",7.9,"2",-0.041279344,-0.0019977,0.016456778,0,TRUE,TRUE
"12R0048","Control",0,22.88,"F","A",7.9,"3",0.057889322,0.105622905,-0.051244455,0,TRUE,TRUE
"12R0050","BP1",0,62.86,"F","A",7.5,"2",0.008002596,-0.00509047,0.003130062,0,TRUE,TRUE
"12R0052","Control",0,65.56,"M","A",8.1,"3",0.071075743,-0.027272175,0.009714794,0,TRUE,TRUE
"12R0059","BP2",0,65.19,"F","A",9.4,"2",-0.034128723,0.018860669,0.007064314,0,TRUE,TRUE
"12R0060","Control",0,69.6,"M","A",7.8,"3",0.087009278,-0.035672689,-0.044442705,1,TRUE,TRUE
"12R0071","Control",0,45.28,"F","A",8,"3",0.080591355,-0.024070548,0.027510337,0,TRUE,TRUE
"12R0080","BP1",1,38.5,"M","A",7.5,"2",-0.024594697,-0.005583884,0.050606622,0,TRUE,TRUE
"12R0081","BP1",0,58.66,"F","A",7.6,"2",-0.013108161,-0.002080323,0.038352189,0,TRUE,TRUE
"12R0094","BP1",1,42.03,"M","A",7.7,"2",0.014357476,0.006773,0.014142338,0,TRUE,TRUE
"12R0096","BP1",1,22.08,"M","A",7.6,"2",0.04429496,0.27786594,0.032414802,0,FALSE,TRUE
"12R0102","Control",0,49.8,"F","A",7.9,"3",0.079060319,-0.006445795,-0.032934528,1,TRUE,TRUE
"12R0104","Control",0,54.99,"M","A",7,"3",0.093236731,-0.040604756,-0.027928023,1,TRUE,TRUE
"12R0106","Control",0,20.88,"M","A",8.7,"3",0.104920124,-0.038459371,0.031123943,0,TRUE,TRUE
"12R0109","BP1",1,48.84,"M","A",7.7,"2",0.096884636,0.347145808,0.039424064,0,FALSE,TRUE
"12R0110","BP1",1,47.59,"F","A",7.8,"2",-0.025673357,0.00547265,0.048531055,0,TRUE,TRUE
"12R0113","BP1",1,68.03,"M","A",8.1,"2",-0.005024408,-0.001629252,0.043217679,1,TRUE,TRUE
"12R0114","BP1",1,45.36,"M","A",7.5,"2",-0.035779677,0.00132144,0.04349452,0,TRUE,TRUE
"12R0115","BP1",1,58.73,"F","A",7.8,"2",-0.037622125,0.009143159,0.040043315,0,TRUE,TRUE
"12R0117","BP1",0,59.62,"M","A",7.7,"2",-0.023492551,-0.004616892,0.006186421,1,TRUE,TRUE
"12R0128","BP1",0,57.96,"M","A",7.5,"2",-0.033081955,0.004186786,0.004657201,1,TRUE,TRUE
"12R0130","BP1",1,64.76,"M","A",7.9,"2",0.006309429,0.17632846,0.042377844,1,TRUE,TRUE
"12R0137","BP1",0,64.14,"M","A",8.3,"2",-0.027834864,-0.004731809,0.035420739,0,TRUE,TRUE
"12R0139","BP1",1,58.22,"M","A",7.7,"2",-0.030959834,0.011797639,0.054790781,0,TRUE,TRUE
"12R0147","BP1",1,52.61,"F","A",8.2,"2",-0.035538506,0.011106345,0.015331395,1,TRUE,TRUE
"12R0149","BP1",1,54.26,"M","A",7.9,"2",-0.04513414,-0.002498702,0.066569003,0,TRUE,TRUE
"12R0150","BP1",1,33.66,"F","A",8.8,"2",-0.055566403,0.02902807,-0.023825486,0,TRUE,TRUE
"12R0155","BP1",1,64.25,"F","A",7.6,"2",-0.038164989,-0.007507308,-0.00115375,0,TRUE,TRUE
"12R0156","BP1",1,72.7,"F","A",7.7,"2",-0.03187164,-0.00223519,0.010451621,0,TRUE,TRUE
"12R0157","Control",0,21.19,"M","A",7.6,"3",0.031624469,0.019000497,-0.040542252,0,TRUE,TRUE
"12R0158","BP1",1,48.11,"M","A",6.8,"2",0.010056219,0.11202535,0.020323944,0,TRUE,TRUE
"12R0163","BP1",0,55.01,"F","A",7.7,"2",-0.032646668,0.021179123,0.018918895,0,TRUE,TRUE
"12R0164","BP2",0,63.01,"M","A",8.6,"2",-0.050090152,0.01871565,-0.022531415,0,TRUE,TRUE
"12R0165","BP1",0,47.29,"M","A",7.9,"2",-0.028755663,0.002195026,-0.001997749,0,TRUE,TRUE
"12R0169","BP1",0,65.24,"M","A",7.7,"2",-0.000387646,-0.018017399,0.063540718,0,TRUE,TRUE
"12R0170","Control",0,35.72,"M","A",8.1,"3",0.0803205,-0.026911,-0.01857711,0,TRUE,TRUE
"12R0172","BP1",1,59.9,"M","A",7.2,"2",-0.028460539,-0.006114718,0.012834679,0,TRUE,TRUE
"12R0174","BP1",1,38.3,"M","A",7.7,"2",-0.009373385,-0.020156041,0.019304092,0,TRUE,TRUE
"12R0175","BP1",1,31.9,"M","A",7.5,"2",0.007625584,-0.012551526,0.012629906,0,TRUE,TRUE
"12R0182","BP1",1,55.02,"F","A",6.6,"3",0.020348282,0.155954211,-4.82e-06,1,TRUE,TRUE
"12R0197","BP1",1,67.63,"F","A",7.7,"3",0.078701858,-0.032914261,-0.044455439,0,TRUE,TRUE
"12R0198","BP1",1,58.87,"F","A",7.8,"3",0.0752579,-0.006688855,0.009798284,1,TRUE,TRUE
"12R0199","BP1",1,39.04,"F","A",7.8,"3",0.074907502,0.223281306,0.044163926,1,TRUE,TRUE
"12R0202","Control",0,70.5,"F","A",7,"4",-0.014010018,-0.012167946,-0.028214577,0,TRUE,TRUE
"12R0210","Control",0,53.75,"F","A",6.5,"3",0.096988289,0.067024792,-0.104638619,0,TRUE,TRUE
"12R0213","BP1",1,36.38,"F","A",4.7,"3",0.070547995,0.044770502,-0.045288739,1,TRUE,FALSE
"12R0229","BP1",0,40.66,"F","A",7.7,"3",0.06979018,-0.010450123,0.028901273,0,TRUE,TRUE
"12R0232","BP1",1,30.57,"M","A",8,"3",0.087326864,-0.028612231,0.017231401,1,TRUE,TRUE
"12R0234","BP1",1,64.42,"M","A",8,"3",0.073513928,-0.029625825,-0.017610792,0,TRUE,TRUE
"12R0235","BP1",0,59.85,"M","A",7.5,"3",0.067193285,0.086796788,-0.008577338,0,TRUE,TRUE
"12R0237","BP1",1,60.43,"F","A",7.8,"3",0.036001933,-0.001475327,0.029466369,0,TRUE,TRUE
"12R0239","BP2",0,51.86,"F","A",7.9,"3",0.059227155,0.001139104,0.064312091,0,TRUE,TRUE
"12R0240","BP1",0,66.55,"M","A",8.2,"3",0.089260787,-0.034715678,-0.001713365,1,TRUE,TRUE
"12R0242","BP1",0,44.43,"F","A",8.1,"3",0.074239772,-0.013220136,0.034697164,0,TRUE,TRUE
"12R0244","BP1",1,52.66,"F","A",8.6,"3",0.072501507,-0.015268529,0.017294379,0,TRUE,TRUE
"12R0245","BP1",0,33.42,"F","A",8.5,"3",0.090237738,-0.022613254,0.006054271,1,TRUE,TRUE
"12R0247","BP1",1,52.31,"F","A",7.9,"3",0.071498614,0.021639864,-0.020966236,0,TRUE,TRUE
"12R0249","BP1",1,60.02,"F","A",8.4,"3",0.088721013,-0.020974535,0.025206855,0,TRUE,TRUE
"12R0253","BP1",1,45.91,"M","A",8.5,"3",0.061025606,-0.019898249,0.071711609,0,TRUE,TRUE
"12R0254","BP1",1,37.66,"F","A",6.9,"3",0.050862442,0.166993377,0.001478932,0,TRUE,TRUE
"12R0260","BP1",1,38.44,"F","A",7,"3",0.059864429,0.017503013,-0.044684118,1,TRUE,TRUE
"12R0261","BP1",0,52.86,"M","A",8.3,"3",0.039405313,0.002435503,0.019329352,0,TRUE,TRUE
"12R0267","Control",0,22.43,"M","A",7.5,"3",0.07030214,-0.019737095,-0.079727396,0,TRUE,TRUE
"12R0281","BP1",1,44.89,"F","A",6.8,"3",0.09950797,-0.016592878,-0.024678699,1,TRUE,TRUE
"12R0289","Control",0,24.23,"F","A",6.4,"3",-0.002664393,0.004536465,-0.052536751,0,TRUE,TRUE
"12R0294","BP1",1,31.09,"M","A",8.3,"3",0.076752373,-0.012395631,0.056496883,1,TRUE,TRUE
"12R0295","Control",0,26.59,"F","A",6.1,"3",0.080101394,0.056499201,-0.117441083,0,TRUE,TRUE
"12R0298","Control",0,27.59,"F","A",8,"3",0.079205665,-0.024454388,0.029919848,0,TRUE,TRUE
"12R0300","BP1",1,26.93,"M","A",8.8,"3",0.095261907,-0.024000711,0.075557825,0,TRUE,TRUE
"12R0307","Control",0,19.23,"F","A",7.5,"3",0.079214583,-0.02480042,-0.048426668,0,TRUE,TRUE
"12R0325","BP1",0,54.79,"F","A",8,"3",0.072953955,0.003899423,0.007664959,0,TRUE,TRUE
"12R0332","BP1",1,39.9,"M","A",6.3,"3",0.094265307,-0.039441697,-0.041942486,1,TRUE,TRUE
"12R0333","BP1",1,60.85,"F","A",6.9,"3",0.029674781,-0.011008003,-0.049566568,0,TRUE,TRUE
"12R0412","BP1",0,59.57,"M","A",7.8,"3",0.070277069,-0.024037883,-0.024774176,0,TRUE,TRUE
"12R0413","BP1",0,64.47,"F","A",8.4,"3",0.101189353,-0.039484415,-0.005809325,0,TRUE,TRUE
"12R0416","BP1",1,52.12,"M","A",6.8,"3",0.038194613,0.115918407,0.003197481,0,TRUE,TRUE
"12R0419","BP1",1,47.91,"M","A",6.3,"3",0.059881167,0.016313689,-0.080820635,1,TRUE,TRUE
"12R0421","BP1",1,26.59,"F","A",8,"3",0.078783881,-0.018943014,0.016835131,0,TRUE,TRUE
"12R0424","BP1",1,40.08,"F","A",8,"3",0.064009813,-0.008509123,9.22e-05,1,TRUE,TRUE
"12R0427","Control",0,73.27,"M","A",8.1,"3",0.084629721,-0.025348379,-0.041171469,1,TRUE,TRUE
"12R0428","Control",0,49.74,"F","A",7.9,"3",0.050558741,0.002076892,0.033484825,0,TRUE,TRUE
"12R0429","BP1",0,59.71,"F","A",2.3,"3",0.079272355,0.056962972,-0.12990529,1,TRUE,FALSE
"12R0430","BP1",1,53.75,"M","A",7.5,"3",0.067936142,-0.00387077,0.061823423,0,TRUE,TRUE
"12R0433","BP1",1,41.68,"F","A",6.6,"3",0.07166596,-0.010748206,0.029282509,0,TRUE,TRUE
"12R0452","BP1",1,63.33,"F","A",6.7,"3",0.105698949,-0.039239703,-0.042185583,0,TRUE,TRUE
"12R0453","Control",0,29.27,"F","A",7.6,"3",0.065959851,-0.024426782,-0.005888155,0,TRUE,TRUE
"12R0454","BP1",1,48.83,"F","A",7.4,"3",0.089215679,0.050266917,0.009255323,0,TRUE,TRUE
"12R0459","BP1",1,58.89,"M","A",6,"3",0.077482328,-0.022320679,-0.061322494,0,TRUE,TRUE
"12R0460","BP1",0,63.96,"M","A",7.5,"3",0.08716185,-0.035213326,-0.061559177,0,TRUE,TRUE
"12R0463","BP1",0,57.07,"F","A",7.1,"3",0.071882869,-0.025333496,-0.047676191,0,TRUE,TRUE
"12R0470","BP1",1,54.58,"F","A",7.5,"3",0.078038848,-0.029725041,-0.035433123,1,TRUE,TRUE
"12R0471","BP1",1,48.92,"F","A",7.5,"3",0.087384109,0.003275515,-0.040538428,1,TRUE,TRUE
"12R0472","BP1",0,56.31,"F","A",4.6,"4",-0.046200789,0.038586046,-0.085599969,1,TRUE,FALSE
"12R0473","BP1",1,49.52,"F","A",7.3,"4",-0.013245672,0.000815172,0.012571225,0,TRUE,TRUE
"12R0474","BP1",1,55.06,"M","A",7.8,"4",-0.005434965,-0.017048206,0.003185604,0,TRUE,TRUE
"12R0475","BP1",1,29.99,"F","A",8,"4",-0.012004866,-0.014125124,0.033473073,0,TRUE,TRUE
"12R0482","BP1",0,51.35,"F","A",6.7,"4",0.00528309,-0.017076935,-0.032581311,0,TRUE,TRUE
"12R0483","BP1",1,42.51,"F","A",7.6,"4",0.001224328,-0.009459977,-0.002966749,0,TRUE,TRUE
"12R0493","Control",0,23.18,"F","A",8,"3",0.050030205,-0.019962197,-0.021933088,1,TRUE,TRUE
"12R0510","BP1",1,37.52,"M","A",7.3,"4",0.012068508,-0.016974175,-0.014231967,1,TRUE,TRUE
"12R0511","BP1",1,56.81,"F","A",7.6,"4",-0.007481151,-0.009751209,-0.034856967,0,TRUE,TRUE
"12R0519","Control",0,23.03,"F","A",7.7,"3",0.075371472,-0.014160415,0.006979507,0,TRUE,TRUE
"12R0527","Control",0,64.35,"M","A",7.7,"3",0.055289201,-0.004979856,0.005264393,0,TRUE,TRUE
"12R0531","BP1",1,58.17,"F","A",8,"4",-0.025313564,-0.011409394,-0.029082909,0,TRUE,TRUE
"12R0542","Control",0,31.91,"F","A",7,"4",-0.006155479,-0.000658284,-0.040912141,0,TRUE,TRUE
"12R0547","BP1",1,38.89,"F","A",7.7,"4",-0.027290363,-0.00387039,-0.001280048,0,TRUE,TRUE
"12R0548","BP1",1,44.78,"F","A",6.9,"4",-0.009439349,-0.014869582,0.005818027,0,TRUE,TRUE
"12R0551","BP1",0,30.72,"F","A",6.4,"4",-0.02846572,-0.008281022,-0.040102048,0,TRUE,TRUE
"12R0552","BP1",1,61.3,"M","A",7.6,"4",-0.028877109,-0.010420061,-0.035622233,1,TRUE,TRUE
"12R0559","BP1",1,80.32,"M","A",8,"4",-0.004255823,-0.015936434,0.011938553,0,TRUE,TRUE
"12R0563","Control",0,21.95,"F","A",7.8,"3",0.055901945,-0.022651582,0.008921187,1,TRUE,TRUE
"12R0567","BP1",0,53.11,"F","A",7.1,"4",-0.005425028,-0.015767371,-0.036797321,0,TRUE,TRUE
"12R0596","Control",0,52.46,"M","A",8.1,"3",0.048679519,0.021166755,-0.025487494,0,TRUE,TRUE
"12R0609","BP1",1,48.95,"F","A",7.9,"4",-0.017364353,0.001251677,0.004382403,0,TRUE,TRUE
"12R0614","BP1",1,62.23,"F","A",7.7,"4",-0.027266766,0.016417772,-0.053197132,1,TRUE,TRUE
"12R0615","BP1",1,56.91,"M","A",6.6,"4",-0.030194584,0.051769422,-0.089134781,1,TRUE,TRUE
"12R0616","BP1",1,37.56,"M","A",7.2,"4",0.000639279,-0.01389207,0.00295166,0,TRUE,TRUE
"12R0617","BP1",1,47.95,"F","A",7.7,"4",-0.01593071,-0.004291493,-0.000852181,1,TRUE,TRUE
"12R0620","BP2",0,57.39,"F","A",7.9,"4",-0.017996795,0.003910015,0.013150239,0,TRUE,TRUE
"12R0622","BP1",0,59.24,"F","A",7.8,"4",-0.023009201,-0.006742976,-0.015098401,1,TRUE,TRUE
"12R0624","BP1",1,65.17,"F","A",8.1,"4",-0.016787662,-0.006731798,0.007356976,1,TRUE,TRUE
"12R0646","Control",0,63.1,"F","A",7.7,"3",0.067716511,-0.018925999,-0.046470379,0,TRUE,TRUE
"12R0648","BP2",0,57.52,"M","A",8,"4",-0.022330141,-0.013368365,-0.026467835,0,TRUE,TRUE
"12R0667","BP1",1,67.18,"M","A",7.3,"4",-0.005590365,-0.026704781,-0.061972236,1,TRUE,TRUE
"12R0668","BP1",1,37.33,"F","A",7.7,"4",0.000615282,-0.022815019,-0.058259014,0,TRUE,TRUE
"12R0672","BP1",1,20.84,"F","A",7.9,"4",0.014732142,-0.030814153,-0.053030472,0,TRUE,TRUE
"12R0675","BP1",1,57.75,"F","A",7.2,"4",-0.011310412,-0.019472393,-0.022057031,0,TRUE,TRUE
"12R0678","BP1",1,50.77,"M","A",7,"4",0.001698081,-0.028528502,-0.10225095,0,TRUE,TRUE
"12R0683","BP2",0,53.23,"M","A",7.1,"4",-0.001730589,-0.027835912,-0.073972457,0,TRUE,TRUE
"12R0684","BP1",1,42.37,"M","A",7.6,"4",0.010603851,-0.032221789,-0.079936513,1,TRUE,TRUE
"12R0687","BP1",1,27.58,"M","A",7.2,"4",-0.02060563,-0.008791712,-0.060607546,0,TRUE,TRUE
"12R0688","BP1",0,53.52,"M","A",8.1,"4",-0.013661777,-0.019294114,-0.010249979,0,TRUE,TRUE
"12R0691","BP1",1,58.49,"F","A",7.6,"4",-0.023393498,-0.014010686,-0.041894899,0,TRUE,TRUE
"12R0695","Control",0,46.54,"F","A",7.9,"3",0.070196724,-0.008461996,0.028724744,0,TRUE,TRUE
"12R0698","BP1",0,51.92,"M","A",8.7,"4",0.013634284,-0.02394106,0.005106114,1,TRUE,TRUE
"12R0699","BP1",1,33.6,"M","A",8.1,"4",-0.006630201,-0.017198838,-0.041476779,1,TRUE,TRUE
"12R0703","BP1",1,65.46,"F","A",7.9,"4",-0.000460167,-0.025343254,-0.029606379,0,TRUE,TRUE
"12R0707","BP1",1,57.02,"F","A",8.6,"4",0.002374293,-0.026124222,-0.047514355,0,TRUE,TRUE
"12R0710","BP1",1,57.54,"M","A",6.6,"4",0.031123605,-0.036530479,-0.095478681,0,TRUE,TRUE
"12R0712","BP1",0,56.73,"M","A",7.9,"4",0.022971379,-0.031642897,-0.047469402,1,TRUE,TRUE
"12R0714","BP1",1,62.89,"F","A",7.1,"4",-0.013311218,0.025032816,-0.073717258,0,TRUE,TRUE
"12R0715","BP1",0,52.42,"F","A",7.5,"4",-0.001264459,-0.017871138,-0.01497191,1,TRUE,TRUE
"12R0716","BP1",1,42.04,"F","A",6.7,"4",-0.009426955,-0.015935933,-0.026251096,0,TRUE,TRUE
"12R0719","BP1",1,37.43,"M","A",7.6,"4",-0.00760434,-0.015430442,-0.030301443,0,TRUE,TRUE
"12R0720","BP1",0,47.28,"M","A",7.2,"4",-0.006289161,-0.022249286,-0.031409427,1,TRUE,TRUE
"12R0722","BP1",1,65.34,"F","A",7.4,"4",-0.001346579,-0.022025188,-0.050301345,0,TRUE,TRUE
"12R0729","BP1",0,56.83,"F","A",7.2,"5",-0.00456528,-0.027175245,0.033831099,0,TRUE,TRUE
"12R0730","BP2",0,68.53,"M","A",6.4,"5",0.011680913,0.025645841,0.01505443,0,TRUE,TRUE
"12R0734","BP1",1,43.15,"F","A",6.3,"5",-0.005381901,0.11886014,-0.011672206,0,TRUE,TRUE
"12R0736","BP1",1,64.65,"F","A",6.6,"5",0.018142619,-0.006968137,0.008937998,0,TRUE,TRUE
"12R0737","BP1",1,46.82,"F","A",7.8,"5",0.004227927,-0.027390356,0.001767186,0,TRUE,TRUE
"12R0738","BP1",0,53.98,"F","A",6.8,"5",0.002707697,-0.002585223,0.001709476,1,TRUE,TRUE
"12R0741","BP1",1,20.97,"F","A",6.9,"5",-0.009555009,-0.022332498,0.046562992,0,TRUE,TRUE
"12R0742","Control",0,58.28,"F","A",7.7,"3",0.078277617,-0.021459905,0.004758165,0,TRUE,TRUE
"12R0793","BP1",1,60.62,"M","A",6.1,"5",-0.030244197,0.012445626,-0.013874783,0,TRUE,TRUE
"12R0794","BP1",1,33.97,"M","A",6.5,"5",-0.007890328,-0.029984729,-0.022324866,1,TRUE,TRUE
"12R0797","BP1",0,44.32,"M","A",7,"5",0.008332987,0.140820973,-0.009814084,1,TRUE,TRUE
"12R0799","BP1",1,50.11,"M","A",7.6,"5",-0.00339141,-0.010461717,0.031066014,1,TRUE,TRUE
"12R0803","BP1",1,43.59,"M","A",7.6,"5",-0.000646935,0.005250728,-0.017491638,1,TRUE,TRUE
"12R0818","BP1",1,69.64,"M","A",6.5,"5",-0.001432463,-0.034285452,-0.038452013,0,TRUE,TRUE
"12R0819","BP1",1,56.98,"F","A",7.1,"5",0.003564284,-0.021154351,0.035674335,1,TRUE,TRUE
"12R0820","BP1",1,53.88,"M","A",8,"5",-0.011557504,-0.019299125,0.012569997,1,TRUE,TRUE
"12R0824","BP1",1,53.12,"F","A",7.1,"5",-0.009290187,-0.021824289,-0.011508043,1,TRUE,TRUE
"12R0826","BP1",0,49.71,"F","A",6.6,"5",-0.016074405,-0.012404778,-0.012498521,0,TRUE,TRUE
"12R0828","BP1",1,33.02,"M","A",6,"5",0.034026254,0.215746163,0.02895835,1,FALSE,TRUE
"12R0830","BP1",0,51.1,"M","A",7.6,"5",-0.001789214,-0.027699637,-0.020075633,1,TRUE,TRUE
"12R0832","BP1",0,67.18,"M","A",7.4,"5",-0.015207875,-0.023020549,-0.007072034,1,TRUE,TRUE
"12R0833","BP1",0,71.23,"M","A",7.3,"5",-0.008260355,-0.023555409,-0.00216574,0,TRUE,TRUE
"12R0835","BP1",1,64.16,"M","A",7.4,"5",-0.017763197,-0.014582227,0.078848659,0,TRUE,TRUE
"12R0846","BP1",0,40.38,"M","A",7.9,"5",0.002451928,-0.015202117,0.101762201,1,TRUE,TRUE
"12R0847","BP1",1,48.24,"F","A",6.4,"5",0.014798811,-0.022752628,-0.024499468,1,TRUE,TRUE
"12R0862","BP1",1,27.81,"F","A",7.8,"5",-0.00134918,-0.02357179,0.065183941,0,TRUE,TRUE
"12R0865","BP1",1,78.8,"F","A",8,"5",0.007515943,-0.021338275,0.05046567,0,TRUE,TRUE
"12R0867","BP1",1,55.19,"M","A",8.2,"5",0.017163351,-0.031678968,-0.010304267,0,TRUE,TRUE
"12R0868","BP1",1,60.69,"M","A",7,"5",0.022032163,-0.038047993,-0.048264037,0,TRUE,TRUE
"12R0870","BP1",1,59.6,"F","A",8.2,"5",0.014948537,-0.021822597,0.01053677,1,TRUE,TRUE
"12R0873","BP1",1,47.93,"M","A",8.3,"5",0.000404167,-0.023912306,-0.002134127,1,TRUE,TRUE
"12R0879","BP1",1,27.15,"F","A",7.5,"5",0.006158134,-0.009260614,0.048673397,0,TRUE,TRUE
"12R0885","BP1",1,63.17,"F","A",7.5,"5",-0.001213787,-0.011763627,0.010302226,1,TRUE,TRUE
"12R0888","Control",0,60.86,"F","A",7.6,"5",-0.015041894,-0.012926538,0.034062705,0,TRUE,TRUE
"12R0891","BP1",1,57.28,"F","A",6,"5",0.011943162,-0.031657182,-0.009940642,1,TRUE,TRUE
"12R0893","BP1",1,45.43,"F","A",7.5,"5",0.013300689,-0.021675775,0.06654805,0,TRUE,TRUE
"12R0895","BP1",1,36.62,"F","A",7.1,"5",0.01661703,-0.023328653,0.003257846,0,TRUE,TRUE
"12R0897","BP1",1,53.25,"M","A",7.3,"5",0.028113466,-0.027583424,0.026783803,0,TRUE,TRUE
"12R0898","BP1",0,48.25,"F","A",7,"5",0.025026519,-0.035262064,-0.023483019,1,TRUE,TRUE
"12R0902","BP1",1,49.54,"F","A",6.7,"5",0.018882168,-0.031951196,0.031941464,0,TRUE,TRUE
"12R0903","BP1",1,67.32,"F","A",8.2,"5",0.005564833,0.035027958,0.04996501,0,TRUE,TRUE
"12R0907","BP1",0,55.82,"F","A",7.6,"5",0.00078496,-0.013029537,0.004746445,0,TRUE,TRUE
"12R0908","BP1",0,59.78,"M","A",7,"5",0.006133325,-0.011664031,0.045419435,0,TRUE,TRUE
"12R0923","BP1",1,34.75,"F","A",6.6,"5",0.0095597,-0.024986347,-0.048642897,1,TRUE,TRUE
"12R0926","BP1",0,54.15,"F","A",7.9,"5",0.030144117,-0.02950864,0.002862385,0,TRUE,TRUE
"12R0935","BP1",0,52.22,"M","A",7.6,"5",-0.005181721,-0.026294146,-0.002989915,1,TRUE,TRUE
"12R0937","BP1",0,58.79,"M","A",6.8,"5",0.035647996,-0.039075388,0.001036514,0,TRUE,TRUE
"12R0941","BP1",0,51.82,"F","A",7,"5",0.019296362,-0.015172937,-0.020348236,0,TRUE,TRUE
"12R1372","Control",0,30.44,"F","A",7.5,"4",-0.016420928,0.002444874,-0.029572574,0,TRUE,TRUE
"12R1698","Control",0,35.88,"F","A",8,"4",-0.014003639,-0.009718524,-0.003760488,0,TRUE,TRUE
"12R1845","Control",0,28.6,"M","A",8.4,"4",-0.022988327,-0.011618629,-0.006865956,0,TRUE,TRUE
"12R1930","Control",0,42.63,"M","B",8.6,"4",0.000689948,-0.010754183,0.040715894,0,TRUE,TRUE
"12R1980","Control",0,34.71,"F","B",8.4,"4",-0.013442766,-0.006130776,0.004678705,0,TRUE,TRUE
"12R1997","Control",0,38.34,"M","B",8.7,"4",-0.015165717,-0.011296117,0.025985567,1,TRUE,TRUE
"12R2013","Control",0,46.09,"F","A",8.1,"4",-0.026436297,-0.002438501,-0.002334822,0,TRUE,TRUE
"12R2015","Control",0,43.59,"F","A",8.1,"4",-0.003462105,-0.011140809,0.005011781,1,TRUE,TRUE
"12R2018","Control",0,49.74,"F","A",7.9,"2",-0.0222257,-0.006065622,0.048351245,0,TRUE,TRUE
"12R2044","Control",0,60.77,"F","A",7.7,"4",-0.025392471,0.000173913,0.01818359,0,TRUE,TRUE
"12R2052","Control",0,80.22,"M","A",7.9,"4",-0.031246754,-0.004538055,-3.34e-05,0,TRUE,TRUE
"12R2066","Control",0,59.89,"F","A",8.1,"4",-0.002032557,-0.01545854,-0.02021047,0,TRUE,TRUE
"12R2071","Control",0,54.87,"F","A",7.9,"4",-0.016313076,-0.0145645,-0.013480926,0,TRUE,TRUE
"12R2111","Control",0,49.9,"F","A",8.6,"4",-0.007681928,-0.016073383,0.038826877,0,TRUE,TRUE
"12R2134","Control",0,20.34,"F","A",8.7,"4",0.002719246,0.090309717,0.028636847,0,TRUE,TRUE
"12R2135","Control",0,62.91,"F","A",8,"4",-0.001242534,-0.012561306,0.036747935,0,TRUE,TRUE
"12R2136","Control",0,86.42,"F","A",8.3,"4",-0.002032585,-0.020069203,-0.015416031,0,TRUE,TRUE
"12R2137","Control",0,44.11,"F","A",8.1,"4",-0.014539923,-0.007238281,0.005806108,0,TRUE,TRUE
"12R2138","Control",0,28.19,"M","A",8.4,"4",0.001910267,-0.018462178,-0.016390108,0,TRUE,TRUE
"12R2143","Control",0,65.28,"F","A",8,"2",-0.033804993,-0.008413175,0.048030104,0,TRUE,TRUE
"12R2144","Control",0,73.15,"M","A",8.7,"4",-0.010265299,-0.021027022,-0.028184446,1,TRUE,TRUE
"12R2155","Control",0,70.41,"M","A",7.7,"4",-0.007985063,-0.006289353,0.022095628,0,TRUE,TRUE
"12R2157","Control",0,64.02,"F","A",8.2,"4",-0.034132656,-0.008301539,-0.003881,0,TRUE,TRUE
"12R2158","Control",0,72.99,"M","A",7.8,"4",-0.006271135,-0.019497498,0.016269711,1,TRUE,TRUE
"12R2160","Control",0,44.53,"F","A",6.8,"4",0.015574077,-0.030145923,-0.035319757,0,TRUE,TRUE
"12R2171","Control",0,31.03,"F","A",8.4,"4",0.00426021,-0.022534633,0.042866447,0,TRUE,TRUE
"12R2172","Control",0,42.87,"F","A",8.2,"4",0.010486456,-0.024752758,-0.023940309,0,TRUE,TRUE
"12R2173","Control",0,63.54,"M","A",8.3,"4",-0.003394272,-0.022123279,-0.007747634,0,TRUE,TRUE
"12R2175","Control",0,33.83,"F","A",8.7,"4",0.005331931,-0.025474404,-0.012276452,0,TRUE,TRUE
"12R2192","Control",0,53.18,"F","A",8.7,"4",0.003800022,-0.026317742,-0.007394904,0,TRUE,TRUE
"12R2193","Control",0,52.65,"F","A",7.5,"4",-0.01080581,-0.006108804,-0.00958087,1,TRUE,TRUE
"12R2210","Control",0,31.55,"M","A",7.1,"4",-0.015707993,-0.001050268,-0.078908345,0,TRUE,TRUE
"12R2211","Control",0,25.3,"F","A",8.3,"4",-0.006570249,-0.025475151,-0.05463536,0,TRUE,TRUE
"12R2214","Control",0,46.81,"F","A",8.1,"4",-0.00654168,-0.031448861,-0.080164813,0,TRUE,TRUE
"12R2215","Control",0,22.95,"F","A",8,"4",-0.015601051,-0.028064097,-0.080392547,1,TRUE,TRUE
"12R2219","Control",0,19.75,"F","A",8.5,"4",-0.008897494,-0.024810972,-0.045984319,0,TRUE,TRUE
"12R2257","Control",0,25.2,"F","A",7.1,"4",-0.010262802,-0.01844289,0.030161794,0,TRUE,TRUE
"12R2269","Control",0,68.57,"F","A",8.3,"4",0.013922559,-0.029083467,-0.032475208,0,TRUE,TRUE
"12R2273","Control",0,50.12,"F","A",8.3,"4",-0.011373915,-0.013101446,-0.005767872,0,TRUE,TRUE
"12R2392","Control",0,59.27,"F","A",7.9,"4",-0.013239878,-0.016180602,0.010690741,0,TRUE,TRUE
"12R2396","Control",0,34,"F","A",7.4,"4",0.005533764,-0.032888936,-0.065352664,0,TRUE,TRUE
"13R0029","Control",0,58.43,"M","A",7.8,"4",-0.003969353,-0.030123175,-0.054962839,0,TRUE,TRUE
"13R0060","Control",0,46.31,"M","A",8.1,"4",-0.006007568,-0.023482459,-0.026886278,1,TRUE,TRUE
"13R0062","Control",0,57.16,"M","A",8.6,"4",-0.013106488,-0.019694616,-0.02262207,0,TRUE,TRUE
"13R0070","Control",0,20.8,"F","A",8.4,"4",-0.019032087,-0.0131939,0.025567524,1,TRUE,TRUE
"13R0075","Control",0,32.34,"M","A",7.9,"4",0.006913756,-0.029414741,-0.053353916,0,TRUE,TRUE
"13R0090","Control",0,54.66,"F","A",8.1,"4",-0.028068147,-0.012938235,0.028126547,0,TRUE,TRUE
"13R0100","Control",0,60.26,"M","A",7.8,"5",-0.012641797,-0.016223727,0.041671828,0,TRUE,TRUE
"13R0133","Control",0,67.04,"F","A",8.1,"5",0.005291137,-0.01673764,0.062923783,0,TRUE,TRUE
"13R0285","Control",0,68.17,"M","A",7.8,"5",0.001496971,-0.014289717,0.021999102,0,TRUE,TRUE
"13R0329","BP1",1,59.45,"F","A",8,"1",-0.102851854,0.007662931,0.03931029,0,TRUE,TRUE
"13R0332","BP1",1,58.57,"F","A",7.8,"1",-0.062639091,-0.00590945,0.014117094,1,TRUE,TRUE
"13R0336","BP1",1,30.12,"F","A",7.5,"1",-0.062830853,0.033248374,0.055021625,0,TRUE,TRUE
"13R0337","Control",0,29.97,"F","A",7.6,"5",0.002440815,0.076289974,0.056338097,0,TRUE,TRUE
"13R0338","BP1",0,57.2,"F","A",7.7,"1",-0.060958098,0.032004367,0.030352915,0,TRUE,TRUE
"13R0382","Control",0,73.22,"F","A",6.7,"5",0.007151711,-0.026489345,0.002816318,0,TRUE,TRUE
"13R0391","Control",0,26.9,"F","A",6.2,"5",0.007985857,-0.014834358,-0.0543789,0,TRUE,TRUE
"13R0428","BP1",0,60.33,"M","A",7.8,"3",0.076313424,0.268747423,0.050577017,1,FALSE,TRUE
"13R0430","Control",0,65.56,"M","A",7.6,"5",0.020165094,-0.035519342,-0.034875496,0,TRUE,TRUE
"13R0432","Control",0,60.25,"M","A",7.9,"5",0.024724297,-0.028909819,0.022493906,0,TRUE,TRUE
"13R0433","Control",0,32.06,"F","A",7.3,"5",-0.000585342,-0.023376539,0.060086744,0,TRUE,TRUE
"13R0438","BP1",0,67.19,"M","A",8.3,"3",0.069526384,-0.010967773,0.089030223,0,TRUE,TRUE
"13R0451","Control",0,66.68,"M","A",7.7,"5",-0.017094691,-0.017675888,0.059674208,1,TRUE,TRUE
"13R0495","Control",0,56.38,"F","A",8,"5",0.000150398,-0.005699867,0.075281757,0,TRUE,TRUE
"13R0506","BP1",0,68.97,"M","A",8.6,"3",0.061524929,-0.007544635,0.060462502,0,TRUE,TRUE
"13R0509","Control",0,74.75,"F","A",8.1,"5",0.011342252,-0.004916821,0.083981757,1,TRUE,TRUE
"13R0519","BP1",0,62.83,"F","A",8.5,"3",0.081790411,0.000107371,0.063476317,1,TRUE,TRUE
"13R0704","BP2",0,59.06,"M","A",8,"5",-0.008961571,-0.011479364,0.031327921,0,TRUE,TRUE
"13R0705","Control",0,40.43,"M","A",8.1,"5",-0.007572485,-0.023984596,0.022006177,0,TRUE,TRUE
"13R0707","Control",0,48.89,"M","A",8.1,"5",0.014608348,-0.034757925,-0.032036632,0,TRUE,TRUE
"13R0708","Control",0,58.94,"M","A",7.7,"5",0.022479228,-0.031986763,-0.03527121,0,TRUE,TRUE
"13R0710","Control",0,31.01,"M","A",8.1,"5",-0.010906588,-0.013809822,0.027394868,0,TRUE,TRUE
"13R0711","Control",0,31.96,"M","A",8.3,"5",-0.003369638,-0.004773114,0.009437151,0,TRUE,TRUE
"13R0742","Control",0,62.38,"M","A",8.1,"5",-0.008673088,-0.019497351,0.037221742,0,TRUE,TRUE
"13R0753","Control",0,54.82,"F","A",8.1,"5",0.009962268,-0.019368537,0.064849605,0,TRUE,TRUE
"13R0757","Control",0,53.92,"F","A",8,"5",-0.007869994,-0.013124403,0.036915481,0,TRUE,TRUE
"13R0781","BP1",0,38.79,"M","A",8.2,"3",0.077544476,0.011243023,0.034673023,1,TRUE,TRUE
"13R0783","Control",0,41.06,"M","A",8.5,"5",-0.009145425,-0.020471615,0.021276981,0,TRUE,TRUE
"13R0793","Control",0,47.07,"M","A",7.5,"5",0.01649396,-0.029996818,-0.04633788,0,TRUE,TRUE
"13R0803","Control",0,56.72,"F","A",8.2,"5",0.013403147,-0.022314078,0.019965606,0,TRUE,TRUE
"13R0805","Control",0,58.98,"F","A",8.5,"5",0.010298934,0.056596254,0.021005243,0,TRUE,TRUE
"13R0806","Control",0,53.51,"F","A",4.5,"5",-0.019048366,0.075237977,-0.063513465,0,TRUE,FALSE
"13R0807","Control",0,41.84,"F","A",8.5,"5",0.01120804,0.037810317,0.028872512,1,TRUE,TRUE
"13R0820","Control",0,23.87,"M","A",7.7,"5",0.044521622,-0.024354486,0.049999444,0,TRUE,TRUE
"13R0821","Control",0,66.49,"M","A",7.2,"5",0.017166441,-0.032584754,-0.051699566,1,TRUE,TRUE
"13R0825","Control",0,49.26,"M","A",8,"5",0.022907275,-0.029044412,0.021615249,0,TRUE,TRUE
"13R0828","Control",0,44.98,"F","A",8,"5",0.01540017,-0.026065306,0.007877394,0,TRUE,TRUE
"13R0840","Control",0,33.8,"M","A",7.6,"5",0.023024262,-0.030237671,0.042953795,1,TRUE,TRUE
"13R0855","Control",0,57.83,"M","A",8.1,"5",0.000605715,-0.01579096,0.029573572,0,TRUE,TRUE
"13R0889","Control",0,52.74,"F","A",7.9,"5",-0.012198178,-0.017084915,0.045295853,0,TRUE,TRUE
"13R0898","Control",0,57.17,"M","A",8.1,"5",-0.002030111,-0.019047653,0.075692364,0,TRUE,TRUE
"13R0901","Control",0,43.42,"M","A",7.8,"5",-0.005878283,-0.020891389,0.045020756,0,TRUE,TRUE
"13R0903","BP1",0,54.71,"M","A",5.7,"4",0.009391469,-0.031283854,-0.067535739,0,TRUE,TRUE
"13R0938","Control",0,56.68,"M","A",8.1,"5",-0.005455754,-0.018965301,0.053987708,0,TRUE,TRUE
"13R0950","Control",0,30.83,"M","A",8,"5",0.003629048,-0.035479849,-0.041959203,0,TRUE,TRUE
"13R0952","Control",0,41.11,"M","A",7.9,"5",-0.020331558,-0.013015887,0.093348113,1,TRUE,TRUE
"13R0959","Control",0,20.26,"F","A",8.5,"5",0.001820738,-0.029376087,0.007026535,0,TRUE,TRUE
"13R0967","Control",0,53.02,"M","A",7.9,"5",-0.002464329,0.034423139,0.04153449,0,TRUE,TRUE
"13R0972","Control",0,49.38,"M","A",7.7,"5",-0.001900555,-0.012115606,0.019662009,0,TRUE,TRUE
"13R1012","Control",0,37.82,"F","A",7.8,"5",-0.002498101,-0.018299006,0.032571251,0,TRUE,TRUE
"13R1018","Control",0,64.01,"M","A",7.9,"5",-0.009199967,-0.016858907,0.040321955,0,TRUE,TRUE
"13R1028","BP1",0,64.29,"M","A",8.2,"4",0.005507064,-0.027094892,-0.000894677,0,TRUE,TRUE
"13R1050","Control",0,61.65,"F","A",7.6,"5",-0.014517138,-0.020351384,0.005336881,0,TRUE,TRUE
"13R1051","Control",0,48.87,"F","A",8.3,"5",-0.014771479,-0.018286189,0.039026359,0,TRUE,TRUE
"13R1054","Control",0,51.18,"F","A",8.2,"5",-0.026121219,-0.015527134,0.066410824,0,TRUE,TRUE
"13R1191","Control",0,54.2,"M","B",8.1,"3",0.070547721,-0.02806343,-0.016114658,0,TRUE,TRUE
"13R1193","Control",0,44.44,"F","B",8.5,"3",0.04959176,-0.001363509,0.067947538,0,TRUE,TRUE
"13R1199","Control",0,21.73,"F","B",8.6,"3",0.038507758,0.003054355,-0.004889398,0,TRUE,TRUE
"13R1200","Control",0,23.38,"F","B",7.3,"3",0.077252227,-0.019371381,0.003396116,0,TRUE,TRUE
"13R1484","BP1",1,44.3,"M","A",6.6,"5",-0.02466203,0.005049792,0.004899543,0,TRUE,TRUE
"13R1493","BP1",1,56.12,"M","A",8.4,"5",-0.009516814,-0.021949085,0.037194181,0,TRUE,TRUE
