"sample","B cells naive","B cells memory","Plasma cells","T cells CD8","T cells CD4 naive","T cells CD4 memory resting","T cells CD4 memory activated","T cells follicular helper","T cells regulatory (Tregs)","T cells gamma delta","NK cells resting","NK cells activated","Monocytes","Macrophages M0","Macrophages M1","Macrophages M2","Dendritic cells resting","Dendritic cells activated","Mast cells resting","Mast cells activated","Eosinophils","Neutrophils"
"089357B",0.00054,0,0.008172,0.012452,0.037826,0.063932,0.050501,0,0,0.027881,0.051256,0,0.262204,0.02077,0,0,0.003568,0.006962,0.029264,0,0,0.424671
"089366A",0.025034,0,0,0.044816,0.113396,0.097385,0.056138,0,0,0.016223,0.093018,0,0.225226,0,0,0,0,0.001381,0.015412,0,0,0.31197
"089412B",0.013037,0,0.003765,0.012339,0.039846,0.119686,0.061644,0,0,0.034629,0.079012,0,0.251477,0.016377,0,0,0,0.002677,0.022228,0,0,0.343284
"089425B",0.021488,0,0,0.08846,0.143795,0.073236,0.044238,0,0,0.007285,0.054827,0,0.197812,0,0,0,0,0.004341,0.011921,0,0,0.352597
"089687A",0.018612,0,0.005834,0.035554,0.079699,0.066146,0.037348,0,0.005327,0.006704,0.04645,0,0.265991,0,0,0,0.001827,0.007128,0.03272,0,0,0.39066
"089851B",0.040398,0,0.002536,0.072654,0.129493,0,0.028054,0,0.006476,0,0.093701,0,0.251299,0.00322,0,0,0,0,0.012091,0,0,0.360075
"099147B",0.031715,0,0,0.048149,0.082839,0.141439,0.044213,0,0,0.015521,0.074074,0,0.316801,4.1e-05,0,0,0,0.002956,0.031208,0,0,0.211046
"099175B",0.008491,0,0.005708,0.021692,0.074646,0.088673,0.019318,0,0,0,0.050881,0,0.344237,0,0,0,0,0.005716,0.028689,0,0,0.351949
"099192A",0.005146,0,0.001054,0.040516,0.017276,0.069183,0.047152,0,0,0.002451,0.057209,0,0.261857,0.001349,0,0,0,0.001374,0.033675,0,0,0.461759
"099207A",0.022231,0,0.00762,0.042309,0.058533,0.041626,0.060652,0,0,0.003627,0.087517,0,0.246777,0.000403,0,0,0.001205,0.007184,0.029351,0,0,0.390964
"099219A",0.026301,0,0.002525,0.013536,0.094486,0.022657,0.073165,0,0,0,0.101554,0,0.213797,0,0,0,0,0.001573,0.032711,0,0,0.417697
"099328A",0.009153,0,0.002121,0.041079,0.062129,0.043132,0.033203,0,0.003159,0,0.174313,0,0.244167,0,0,0,0,0.004017,0.008405,0,0,0.375122
"099329A",0.000963,0,0.00151,0.016742,0.046881,0.040551,0.049593,0,0,0,0.109599,0,0.332689,0,0,0,0,0.00364,0.01926,0,0,0.378573
"099394A",0.012546,0,0.001146,0.026473,0.040491,0.046426,0.057669,0,0,0,0.095782,0,0.176127,0.004561,0,0,0,0.00165,0.036952,0,0,0.500175
"099407A",0.022703,0,0.001152,0.099603,0.052584,0.052909,0.062557,0,0,0.00112,0.117615,0,0.263863,0,0,0,0.003113,0.006223,0.016186,0,0,0.300371
"099408A",0.029117,0,0.005612,0.062713,0.072725,0.014831,0.06524,0,0.000867,0.013464,0.08768,0,0.233108,0,0,0,0.007166,0.005767,0.022201,0,0,0.379508
"099598A",0.003346,0,0,0.040559,0.111072,0.130448,0.055558,0,0,0,0.175071,0,0.21895,0,0,0,0,0.000999,0.018931,0,0,0.245067
"108032A",0.024926,0,0.000767,0.025302,0.060568,0.072606,0.033264,0,0,0,0.089633,0,0.23679,0,0,0,0,0.00084,0.02057,0,0,0.434733
"108082A",0,0,0.001269,0.006249,0.040801,0.068784,0.047819,0,0,0,0.124654,0,0.230788,0.004681,0,0,0,0.003466,0.034651,0,0,0.436837
"108180B",0.01647,0,0.000965,0.046199,0.032256,0.062483,0.048893,0,0,0.004754,0.042311,0,0.262756,0.00097,0,0,0,0.002014,0.028908,0,0,0.45102
"108338A",0.020036,0,0.00271,0.007826,0.050749,0.026595,0.039772,0,0,0.024513,0.090037,0,0.387564,0,0.006128,0,0,0.028378,0.018233,0,0,0.297458
"108350A",0.023196,0,0,0.005733,0.067518,0.094375,0.036782,0,0,0,0.059571,0,0.285194,0,0,0,0,0.003911,0.028612,0,0,0.395108
"108499A",0.00475,0,0.005882,0.018157,0.062873,0.090332,0.028407,0,0,0.013852,0.047532,0,0.336663,0.020145,0,0,0,0.005052,0.029064,0,0,0.337292
"108555A",0.018328,0,0.002129,0.069256,0.069845,0.045601,0.03237,0,0,0,0.100302,0,0.325293,0.006233,0,0,0,0,0.015277,0,0,0.315365
"108611B",0.024129,0,0,0.061938,0.050322,0.123496,0.048007,0,0,0,0.150796,0,0.237872,0,0,0,0,4.1e-05,0.01783,0,0,0.285569
"108741B",0.01355,0,0.000452,0.027416,0.099076,0.096413,0.078602,0,0,0,0.116261,0,0.248308,0.004324,0,0,0,0.001313,0.032428,0,0,0.281857
"108747B",0.017349,0,0.001918,0.033871,0.05557,0.1159,0.047437,0,0,0.025775,0.078562,0,0.307602,0,0,0,0,0.00333,0.024334,0,0,0.288351
"108765B",0,0,0.003372,0,0.023321,0.147607,0.053808,0,0,0.022139,0.073091,0,0.317859,0,0,0,0,0.004118,0.028448,0,0,0.326237
"108816A",0.049256,0,0.002622,0.018094,0.107942,0.100265,0.047283,0,0,0.00189,0.138213,0,0.292709,0.003327,0,0,0,0.005019,0.02468,0,0,0.208701
"108844A",0.014466,0,0.00338,0.078924,0.068893,0,0.035327,0,0,0,0.102502,0,0.24287,0.015404,0,0,0,0,0.026743,0,0,0.411492
"108857A",0.008848,0,0,0.056684,0.069625,0.076421,0.036433,0,0,0,0.130583,0,0.28972,0.005563,0,0,0,0.00224,0.02866,0,0,0.295223
"108931A",0.00739,0,8.9e-05,0.036942,0.092564,0.071613,0.053665,0,0,0,0.093664,0,0.274291,0.00072,0,0,0,0.001191,0.018838,0,0,0.349034
"108932A",0.02533,0,0.00033,0.020792,0.104789,0.107735,0.070293,0,0,0.03317,0.063906,0,0.297682,0,0,0,0.000317,0.001325,0.023697,0,0,0.250633
"108981B",0.003911,0,0.000752,0.059022,0.039274,0.074598,0.04549,0,0,0,0.109733,0,0.235834,0.002731,0,0,0,0.00061,0.029324,0,0,0.39872
"108983B",0.00582,0,0.00187,0.030209,0.026098,0.034754,0.04231,0,0,0,0.086664,0,0.164589,0.015871,0,0,0,0.000501,0.009819,0,0,0.581494
"108990A",0.0119,0,0.000327,0.10014,0.080424,0.054492,0.067163,0,0,0.013733,0.05371,0,0.283451,0,0,0,0.000365,0.002661,0.030321,0,0,0.301315
"109014B",0.016086,0,0,0.096394,0.065544,0.051503,0.059638,0,0,0,0.141784,0,0.288858,0.014189,0,0,0,0,0.016667,0,0.013053,0.236284
"109042B",0.022406,0,0.001224,0.009616,0.083384,0.102113,0.023072,0,0,0.007847,0.051396,0,0.309779,0,0,0,0,0.002737,0.013907,0,0,0.372518
"109056A",0.036951,0,0.001913,0.02131,0.101597,0.115336,0.032847,0,0,0,0.101057,0,0.27307,0.006591,0,0,0.000954,0,0.017375,0,0,0.290999
"109078B",0,0,0.000624,0.078376,0.080135,0.080231,0.022384,0,0,0,0.103318,0,0.325296,0,0,0,0,0,0.032001,0,0.000494,0.27714
"109087A",0.032028,0,0,0.045413,0.108534,0.100995,0.053092,0,0,0,0.073518,0,0.373361,0,0,0,0,0.004126,0.020763,0,0,0.188171
"109088B",0.034145,0,0.000441,0.033169,0.057002,0.076736,0.031214,0,0,0,0.073328,0,0.240768,0,0,0,0.001768,0.000921,0.021544,0,0,0.428965
"109089A",0.020368,0,0,0.031883,0.066806,0.099196,0.052977,0,0,0.021202,0.056169,0,0.303371,0.003836,0,0,0,0.002164,0.032849,0,0,0.309179
"109105B",0.013601,0,0.001722,0.021084,0.068259,0.067619,0.024164,0,0,0.016424,0.063017,0,0.25388,0,0,0,0,0.003809,0.029731,0,0,0.43669
"109106B",0.018958,0,0,0.009998,0.097019,0.069982,0.062676,0,0,0,0.117951,0,0.262905,0,0,0,0.001345,0.001587,0.019818,0,0,0.33776
"109137A",0.019581,0,0.001535,0.031648,0.070041,0.121126,0.035343,0,0,0,0.053,0,0.262307,0,0,0,0.000714,0.001809,0.027328,0,0,0.375568
"109138B",0,0,0.008216,0.016844,0.052015,0.039139,0.043117,0,0,0.016428,0.048609,0,0.263274,0.004952,0,0,0.001467,0.007967,0.023745,0,0,0.474227
"109156B",0.024133,0,0.001146,0.010927,0.039711,0.095246,0.040158,0,0,0.032487,0.070594,0,0.28998,0.019199,0,0,0,0.001742,0.01164,0,0,0.363037
"109157A",0,0,0.010909,0.013389,0.124472,0.040985,0.044906,0,0,0,0.079289,0,0.260558,0,0,0,0.002409,0.007378,0.025311,0,0,0.390394
"109184A",0.006406,0,0.002256,0.019308,0.093164,0.091566,0.032981,0,0,0,0.105317,0,0.330179,0,0,0,0,0.002156,0.018482,0,0,0.298183
"109188B",0.000742,0,0.000966,0.059109,0.05945,0.061191,0.028029,0,0,0.002961,0.093922,0,0.257093,0,0,0,0,0.004271,0.022373,0,0,0.409892
"109189A",0.030387,0,0.000214,0.028657,0.075548,0.088717,0.01366,0,0.001451,0,0.108977,0,0.288039,0.004086,0,0,0,0.00081,0.030703,0,0,0.32875
"109191B",0.023241,0,0,0.079029,0.078953,0.096432,0.038347,0,0,0,0.084621,0,0.290548,0.010087,0,0,0,0,0.034786,0,0,0.263955
"109213B",0.029632,0,0.001507,0.022527,0.092438,0.083582,0.034096,0,0,0.013166,0.051369,0,0.297367,0,0,0,0,0.003901,0.03318,0,0.006283,0.330952
"109254B",0.013929,0,0.001121,0.013258,0.049628,0.044633,0.060362,0,0,0.003434,0.11779,0,0.329757,0,0,0,0,0.001975,0.017021,0,0,0.347092
"109274B",0.022947,0,0.004066,0.0844,0.066075,0.043975,0.072211,0,0,0.003766,0.127268,0,0.275064,0,0,0,0.001346,0.006726,0.012665,0,0,0.279491
"109275B",0.025195,0,0.001159,0,0.066961,0.108197,0.049632,0,0,0.03956,0.071902,0,0.274238,0,0,0,0,0.002233,0.019602,0,0,0.341323
"109281B",0.001888,0,0.000206,0.053919,0.12352,0.081129,0.025019,0,0,0,0.137983,0,0.307469,0,0,0,0,0,0.012418,0,0,0.256449
"109326A",0.016009,0,0.000556,0.006351,0.075144,0.089327,0.041036,0,0,0,0.134719,0,0.265603,0.002627,0,0,0,0.000498,0.017458,0,0,0.350673
"109327A",0.008714,0,0.002143,0.012938,0.054147,0.083676,0.063135,0,0,0.032742,0.071525,0,0.231081,0.002453,0,0,0,0.003981,0.019911,0,0,0.413555
"109329A",0.006709,0,0.002629,0.01425,0.030906,0.081025,0.062086,0,0,0,0.148996,0,0.333518,0,0,0,0,0.003511,0.012604,0,0,0.303765
"109350B",0.010955,0,0.001599,0.007689,0.068716,0.042935,0.038437,0,0,0,0.145523,0,0.237769,0.000919,0,0,0,0.000392,0.016231,0,0,0.428835
"109368A",0.006383,0,0.000707,0.002051,0.069802,0.080874,0.032684,0,0,0,0.093202,0,0.253933,0.007139,0,0,0,0.000418,0.029717,0,0,0.42309
"109381B",0.01114,0,0.003391,0.02611,0.102394,0.040006,0.040345,0,0,0,0.059148,0,0.275025,0.008967,0,0,0,0.006477,0.02771,0,0,0.399288
"109384A",0.045669,0,0,0.052655,0.148462,0.194903,0.0283,0,0,0,0.122798,0,0.300907,0,0,0,0,0.001596,0.005429,0,0.004376,0.094905
"109424B",0.016399,0,0.000146,0.071185,0.094055,0.071631,0.040015,0,0,0,0.108148,0,0.311049,0,0,0,0,0.001792,0.00797,0,0,0.277611
"109434A",0.028776,0,0,0.002848,0.064406,0.138084,0.048954,0,0,0.006343,0.073703,0,0.307326,0.012493,0,0,0,0.003817,0.022782,0,0,0.290468
"109435B",0.016165,0,0.001743,0.082165,0.052814,0.067861,0.078521,0,0,0.018931,0.121561,0,0.250899,0.005709,0,0,0,0.001074,0.029334,0,0,0.273223
"109464A",0.018077,0,0.007504,0.040093,0.055592,0.117075,0.037587,0,0,0.008171,0.026096,0,0.269251,0.021936,0,0,0,0.006534,0.030555,0,0,0.36153
"109503A",0.020614,0,0,0.058021,0.097205,0.082911,0.044674,0,0,0.004025,0.09754,0,0.250411,0,0,0,0,0.000857,0.0245,0,0,0.319242
"109505B",0.027111,0,0,0.05852,0.115453,0.083169,0.033551,0,0,0,0.066727,0,0.283572,0,0,0,0,0.002057,0.014765,0,0,0.315075
"109529A",0.022936,0,0.000577,0.024253,0.09931,0.075576,0.051528,0,0,0,0.077511,0,0.279383,0,0,0,0,0.001251,0.017132,0,0,0.350543
"109530A",0.009761,0,0.000644,0.040867,0.064339,0.150095,0.058141,0,0,0.039541,0.082813,0,0.258426,0,0,0,0,0.001143,0.019915,0,0,0.274314
"109548A",0.004005,0.00259,0,0.019907,0.030366,0.158451,0.044,0,0,0.000237,0.101728,0,0.281481,0,0,0,0,0.000337,0.029151,0,0.002662,0.325084
"109549A",0,0,0.001452,0,0.049218,0.038788,0.036897,0,0,0,0.106771,0,0.304019,0.00715,0,0,0,0.001552,0.027995,0,0,0.426158
"109551B",0.011402,0,0.002803,0.057095,0.122043,0.082855,0.041306,0,0,0,0.101824,0,0.279179,0.010999,0,0,0,0.007903,0.020828,0,7.6e-05,0.261687
"109559B",0.006765,0,0.003412,0.011023,0.077475,0.039865,0.023512,0,0,0,0.074942,0,0.363014,0.000186,0,0,0,0.005966,0.022236,0,0,0.371602
"109646A",0.018111,0,0.001749,0.028177,0.05429,0.079948,0.040276,0,0,0.011146,0.044247,0,0.193422,0,0,0,0,8.1e-05,0.03919,0,0,0.489365
"109694A",0,0,0.002494,0.02956,0.04906,0.045594,0.050689,0,0,0.011167,0.083598,0,0.268413,0.011661,0,0,0,0.002023,0.032333,0,0,0.413408
"118035A",0.002183,0,0.006135,0.039193,0.089231,0.061927,0.033552,0,0,0,0.162929,0,0.297298,0.003038,0,0,0,0.006427,0.013657,0,0,0.284433
"118046A",0.007937,0,0.001927,0.022862,0.083296,0.075258,0.040508,0,0,0.022512,0.076987,0,0.213458,0.005802,0,0,0,0.003122,0.023004,0,0,0.423327
"118059B",0.027386,0,6.1e-05,0.032052,0.062387,0.087875,0.025004,0,0,0,0.094989,0,0.276376,0,0,0,0,0.000441,0.029628,0,0,0.363801
"118082B",0.021997,0,0.000277,0.047486,0.10207,0.077197,0.038663,0,0,0,0.075783,0,0.280992,0.000853,0,0,0,0.000624,0.020108,0,0,0.333949
"118139A",0.006745,0,0.001066,0.041773,0.062748,0.097988,0.059974,0,0,0.003413,0.118634,0,0.291577,0,0,0,0,0.001433,0.028072,0,0,0.286577
"118142B",0,0.002728,0,0.008817,0.073174,0.115991,0.030938,0,0,0,0.11078,0,0.317417,0.017261,0,0,0,0.001285,0.026537,0,0,0.295071
"118146A",0.016193,0,0.004866,0.026117,0.103602,0.038874,0.045037,0,0,0,0.102536,0,0.300607,0.027272,0,0,0,0.006221,0.024988,0,0,0.303689
"118148A",0.034842,0,0,0.048327,0.139152,0.092521,0.053087,0,0,0,0.091693,0,0.269167,0.001195,0,0,0,0.001728,0.022944,0,0.012022,0.233323
"118149A",0.044152,0,0.001116,0.021705,0.064168,0.081132,0.039529,0,0,0,0.082078,0,0.28099,0,0,0,0,0.001793,0.019274,0,0,0.364063
"118155A",0.018951,0,0.000153,0.053675,0.10375,0.145035,0.048525,0,0,0.017349,0.095508,0,0.243124,0.009729,0,0,0,0.002587,0.027621,0,0.010059,0.223935
"118156B",0.023198,0,0,0.031179,0.08671,0.083313,0.05801,0,0,0,0.133926,0,0.257933,0.001906,0,0,0,0.001859,0.029309,0,0,0.292659
"118164A",0.004067,0,0.000136,0.015387,0.069886,0.084027,0.055317,0,0,0,0.104582,0,0.325292,0.000987,0,0,0,0.000939,0.02324,0,0,0.316139
"118175A",0.001464,0,0,0.090856,0.064291,0.097992,0.059608,0,0,0,0.163319,0,0.214409,0,0,0,0,0.003374,0.02551,0,0,0.279179
"118176B",0.022657,0,0.000449,0.043218,0.061667,0.102745,0.045671,0,0,0,0.066109,0,0.214242,0,0,0,0,0.000257,0.030906,0,0,0.412079
"118178B",0.001482,0,0.002849,0.018438,0.057345,0.167754,0.036862,0,0,0,0.035137,0,0.171984,0,0,0,0.00101,0.006219,0.019717,0,0.011504,0.469697
"118179B",0.007107,0,0.008233,0.090578,0.015189,0.121064,0.04726,0,0,0.063159,0.009941,0,0.170297,0.003822,0,0,0,0.007524,0.0184,0,0,0.437426
"118194A",0.021565,0,0.000242,0.097204,0.002883,0.08156,0.089514,0,0,0.018972,0.048504,0,0.209297,0,0,0,0,0.004382,0.029989,0,0.014637,0.38125
"118195A",0.016233,0,0.000801,0.005482,0.05747,0.199015,0.037279,0,0,0.036553,0.055763,0,0.222799,0,0.000209,0,0.000448,0.003331,0.012943,0,0,0.351672
"118205A",0.028183,0,0.001784,0.016025,0.04444,0.154368,0.086644,0,0,0.06127,0.105899,0,0.24005,0,0,0,0.0012,0.004217,0.021131,0,0,0.23479
"118206B",0.027246,0,0,0.039299,0,0.280756,0.046609,0,0,0.018252,0.128786,0,0.236648,0,0,0,0,0.003382,0,0,0.025174,0.193849
"118207B",0.040735,0,0.003191,0.050552,0.019785,0.154279,0.061281,0,0,0.026853,0.063019,0,0.296876,0,0,0,0,0.001934,0.021624,0,0.001167,0.258705
"118214B",0.010042,0,0.002086,0.006201,0.050896,0.146575,0.029951,0,0,0.055502,0.05612,0,0.2106,0,0,0,0.002882,0.001037,0.037465,0,0,0.390644
"118271A",0.015413,0,0,0.073301,0.123763,0.076626,0.016793,0,0,0,0.115176,0,0.228429,0,0,0,0,0.002567,0.010799,0,0,0.337133
"11R0539",0.010232,0,0,0.024049,0.048478,0.072862,0.037716,0,0,0.015607,0.064028,0,0.326993,0,0,0,0.00127,0.003376,0.026329,0,0,0.36906
"11R0540",0.013022,0,0.001994,0.005768,0.049049,0.110966,0.055179,0,0,0.026786,0.165463,0,0.326733,6.2e-05,0,0,0.001919,0.001131,0.023289,0,0,0.21864
"11R0541",0.001779,0,0.009291,0.048386,0.081935,0.081592,0.04434,0,0,0.018515,0.03787,0,0.304627,0,0,0,0.004033,0.008127,0.02995,0,0,0.329557
"11R0544",0.015046,0,0.006963,0.027459,0.075935,0.101718,0.036102,0,0,0,0.072314,0,0.30313,0.002982,0,0,0.000638,0.006185,0.020758,0,0,0.33077
"11R0545",0.028074,0,0.000683,0.011353,0.034143,0.149863,0.06567,0,0,0.04589,0.108998,0,0.227646,0.000985,0,0,0,0.001939,0.020048,0,0,0.304707
"11R0546",0.04798,0,0,0.002971,0.168935,0.163589,0.038818,0,0,0.023173,0.029663,0,0.232598,0.005175,0,0,0.002855,0.008779,0.026098,0,0,0.249365
"11R0547",0.01803,0,0.001815,0.054224,0.066679,0.077835,0.036753,0,0,0.031765,0.0509,0,0.221534,0,0,0,0,0.004214,0.019569,0,0,0.416681
"11R0548",0.016796,0,0.004715,0.016731,0.13789,0.057608,0.035711,0,0,0.000157,0.065282,0,0.261777,0,0,0,0.001093,0.006371,0.026805,0,0,0.369063
"11R0549",0.016023,0,0,0.062095,0.049142,0.140444,0.036709,0,0,0.07168,0.071373,0,0.244664,0,0,0,0,0.001937,0.018401,0,0.001033,0.2865
"11R0553",0.010898,0,0.001062,0.009521,0.033128,0.135759,0.04113,0,0,0.00437,0.078047,0,0.253603,0,0,0,0,0.002027,0.015689,0,0,0.414767
"11R0557",0.024439,0,0.000219,0.019701,0.070466,0.14113,0.064137,0,0,0.033746,0.122317,0,0.261241,0,0,0,0,0.003839,0.005786,0,0,0.25298
"11R0561",0.048238,0,0.000992,0,0.028512,0.255249,0.025627,0,0,0.028965,0.074002,0,0.158697,0.005386,0.000491,0,0,0.00219,0.003569,0,0.015177,0.352905
"11R0564",0.00703,0,0.001117,0,0,0.2225,0.038875,0,0,0.04024,0.059192,0,0.211386,0,0,0,0.000231,0.001409,0.03397,0,0,0.384048
"11R0565",0.00319,0,0.001902,0.016434,0.034409,0.07217,0.043779,0,0,0.034801,0.065223,0,0.296687,0,0,0,0,0.004186,0.020579,0,0,0.406641
"11R0569",0.0234,0,0.00237,0.025083,0.080172,0.126609,0.036215,0,0,0.023901,0.028562,0,0.252334,0.000191,0,0,0,0.000966,0.020829,0,0,0.379368
"11R0571",0.046391,0,0,0,0.04013,0.185384,0.036395,0,0,0.004274,0.052594,0,0.227259,0.007134,0,0,0.001751,0,0.021982,0,0,0.376708
"11R0575",0.041097,0,0.001216,0.0299,0.056424,0.130961,0.044438,0,0,0.046876,0.043768,0,0.226347,0,0,0,0.000362,0.000533,0.011624,0,0,0.366455
"11R0577",0,0,0.001895,0.058135,0.054816,0.093933,0.059522,0,0,0.047412,0.054492,0,0.260529,0.002887,0,0,0.004524,0.007808,0.016774,0,0.003226,0.334047
"11R0580",0.008518,0,0.000701,0.023325,0.007176,0.105805,0.054395,0,0,0.019434,0.10088,0,0.278522,0,0,0,0,0.001581,0.030172,0,0,0.369491
"11R0589",0.009902,0,0.009892,0.032222,0.0093,0.084804,0.067369,0,0,0.066864,0.051136,0,0.264142,0,0,0,0.006505,0.009766,0.010532,0,0,0.377566
"11R0596",0.011945,0,0.002548,0.002959,0.06068,0.087469,0.044666,0,0,0.018696,0.047013,0,0.266928,0.009909,0,0,0,0.004863,0.020069,0,0,0.422255
"11R0603",0.005454,0,0.003333,0.002476,0,0.181443,0.052821,0,0,0.005308,0.081579,0,0.269042,0.000925,0,0,0,0.001023,0.01519,0,0,0.381406
"11R0610",0.025861,0,0.003446,0,0,0.259928,0.040844,0,0,0.049169,0.08387,0,0.240497,0,0,0,0,0.001656,0.004276,0,0,0.290453
"11R0612",0.003684,0,0.001142,0.053911,0.021558,0.073555,0.056691,0,0,0.009706,0.058059,0,0.250508,0,0,0,0,0.002937,0.017897,0,0,0.45035
"11R0613",0.007685,0,0.001253,0.030535,0.056487,0.117926,0.067457,0,0,0.04641,0.128466,0,0.275488,0,0,0,0,0.001976,0.018788,0,0.002583,0.244946
"11R0616",0.008665,0,0.001658,0,0.046857,0.187744,0.06793,0,0,0.077397,0.120626,0,0.251963,0,0,0,0,0.003023,0.016015,0,0,0.218123
"11R0631",0.017743,0,0.002272,0,0.038644,0.119419,0.029394,0,0,0.021444,0.040344,0,0.243201,0,0,0,0.001627,0.003383,0.038329,0,0,0.4442
"11R0634",0.007993,0,0.001121,0,0,0.16373,0.034481,0,0,0.002311,0.077059,0,0.197472,0,0,0,0.001047,0.000538,0.016303,0,0,0.497945
"11R0635",0.018994,0,0.001717,0.003078,0.025822,0.13249,0.028438,0,0,0.003947,0.083634,0,0.158035,5.7e-05,0,0,0,0.001814,0.003908,0,0,0.538067
"11R0645",0,0.000372,0.001578,0.013416,0,0.113756,0.053985,0,0,0.031638,0.069333,0,0.159811,0,0,0,0.001289,0.000269,0.032362,0,0,0.522191
"11R0647",0.021769,0,0.011153,0.065944,0.037741,0.044209,0.039348,0,0,0.021948,0.034251,0,0.274927,0,0,0,0.002437,0.00925,0.022947,0,0,0.414075
"11R0652",0.006624,0,0.002048,0.015052,0.05178,0.076047,0.049374,0,0,0.002181,0.108528,0,0.276624,0.006916,0,0,0,0.000222,0.017687,0,0.001844,0.385073
"11R0663",0,0,0.001598,0.012563,0.046504,0.071243,0.043079,0,0,0.025428,0.052293,0,0.214834,0.00326,0,0,0,0.000569,0.03792,0,0,0.49071
"11R0669",0,0,0.001226,0.027445,0.09411,0.101938,0.029369,0,0,0,0.052202,0,0.311496,0,0,0,0,0.002056,0.03483,0,0,0.345328
"11R0807",0.012165,0,0.002245,0.002235,0.033824,0.091588,0.037271,0,0,0.022865,0.086796,0,0.261202,0,0,0,0,0.002207,0.029405,0,0,0.418195
"11R0808",0,0.004106,0.001515,0,0.036094,0.12798,0.02964,0,0,0.018756,0.057281,0,0.120808,0.001081,0,0,0,0.000687,0.033342,0,0,0.568709
"11R0809",0.008619,0,0.004752,0.019728,0.067601,0.080696,0.043913,0,0,0.022722,0.048837,0,0.188012,0,0,0,0.002901,0.007179,0.025902,0,0,0.479139
"11R0821",0.023877,0,0.001666,0.026897,0.0624,0.081932,0.054771,0,0,0.046545,0.069408,0,0.261417,0,0,0,0,0.002694,0.019843,0,0,0.348549
"11R0832",0.002877,0,0.001421,0.074669,0.040541,0.105986,0.058702,0,0,0.028869,0.069837,0,0.321372,0,0,0,0,0.002405,0.029879,0,0,0.263442
"11R0835",0.00638,0,0.000431,0,0.082342,0.094437,0.039414,0,0,0.014494,0.036126,0,0.252013,0,0,0,0,0.003484,0.029888,0,0,0.440991
"11R0837",0,0,0.001255,0.011147,0.009551,0.104327,0.040728,0,0,0,0.093546,0,0.309355,0.007225,0,0,0,0.002636,0.029713,0,0,0.390518
"11R0839",0.006956,0,0.000187,0.014902,0.058105,0.055976,0.018418,0,0.001246,0.003758,0.051676,0,0.20459,0.00511,0,0,0,0.000574,0.018082,0,0,0.560421
"11R0845",0.007007,0,0,0,0.023456,0.076287,0.038748,0,0,0.025405,0.062058,0,0.166766,0.005289,0,0,0.000687,0,0.024345,0,0,0.569952
"11R0846",0.009237,0,0.003808,0.019357,0.034527,0.071849,0.056538,0,0,0.052177,0.074299,0,0.24763,0,0,0,0.001041,0.0031,0.022617,0,0,0.403819
"11R0847",0.012178,0,0.00214,0.00038,0.015291,0.135769,0.037197,0,0,0.0192,0.082258,0,0.284836,0,0,0,0.001989,0.001975,0.032918,0,0.008481,0.365389
"11R0848",0.004932,0,0.001388,0,0.027297,0.110448,0.048636,0,0,0.00914,0.13925,0,0.263396,0.002355,0,0,0,0.001287,0.014966,0,0,0.376905
"11R0849",0.003824,0,0.003622,0,0.037911,0.131636,0.031772,0,0,0.043102,0.062705,0,0.205307,0.001388,0,0,0,0.003369,0.007688,0,0,0.467677
"11R0850",0.0257,0,0,0.026167,0.039475,0.13612,0.042595,0,0,0.011708,0.058853,0,0.169279,0.006746,0,0,0.001258,0.000415,0.013228,0,0,0.468455
"11R0851",0.022752,0,0.000572,0.004202,0.053386,0.088924,0.024886,0,0,0,0.053546,0,0.298174,0.002117,0,0,0,0.002373,0.036681,0,0.019391,0.392997
"11R0852",0.000674,0,0.003458,0.055162,0.037181,0.111185,0.048529,0,0,0.044632,0.047956,0,0.284653,0,0,0,0,0.002099,0.018101,0,0,0.346368
"11R0853",0.002046,0,0.002189,0,0.018517,0.07356,0.048863,0,0,0,0.077355,0,0.317626,0,0,0,0,0.002943,0.032182,0,0.008931,0.415788
"11R0856",0,0,0.001832,0,0.122372,0.06584,0.024987,0,0.000885,0.001373,0.070304,0,0.305454,0,0,0,0,0.00101,0.027425,0,0,0.378517
"11R0857",0.008766,0,0.001168,0.0485,0.04567,0.087543,0.026074,0,0,0.038161,0.044795,0,0.245734,0.001711,0,0,0,0.001324,0.015706,0,0,0.434847
"11R0858",0.010924,0,0.001351,0.004732,0.056755,0.065741,0.062996,0,0,0.025087,0.064259,0,0.325595,0,0,0,0,0.003232,0.023482,0,0,0.355846
"11R0860",0.036065,0,0.000185,0.040068,0.053387,0.091972,0.043349,0,0,0.00609,0.067058,0,0.286355,0,0,0,0,0.003942,0.01794,0,0,0.353589
"11R0861",0.006468,0,0.003175,0.012676,0.06084,0.069341,0.032763,0,0,0.022303,0.039264,0,0.284977,0,0,0,0.000471,0.002773,0.0243,0,0,0.44065
"11R0866",0.006617,0,0.003505,0.060486,0.027323,0.092196,0.036934,0,0,0.017386,0.056669,0,0.351114,0,0,0,0,0.003274,0.02015,0,0,0.324347
"11R0878",0.006722,0,0.006619,0.002174,0.075013,0.086872,0.028807,0,0,0.002467,0.032254,0,0.301288,0.006643,0,0,0,0.006547,0.039975,0,0,0.404618
"11R0879",0.012636,0,0.004441,0.011215,0.047924,0.068277,0.052458,0,0,0.010837,0.068325,0,0.353241,0.025085,0,0,0,0,0.028472,0,0.005193,0.311894
"11R0882",0.00656,0,0.001721,0.028088,0.071268,0.071764,0.024828,0,0,0,0.092009,0,0.258132,0.025681,0,0,0,0,0.011065,0,0,0.408882
"11R0888",0.02364,0,0.0042,0.047066,0.067294,0.043111,0.024845,0,0,0,0.065636,0,0.23995,0,0,0,0,0.007076,0.029483,0,0,0.447698
"12R0031",0.020986,0,0.003603,0.02991,0.130358,0.110461,0.045071,0,0,0,0.076108,0,0.209917,0.009594,0,0,0,0.006553,0.023386,0,0,0.334052
"12R0032",0.014153,0,0.001185,0.000297,0.060677,0.080083,0.048173,0,0,0.012705,0.062915,0,0.286542,0.006364,0,0,0,0.000645,0.028788,0,0,0.397474
"12R0033",0,0,0.000926,0,0.026793,0.051077,0.032038,0,0,0.002168,0.058974,0,0.297015,0,0,0,0,0.002327,0.025111,0,0.000888,0.502683
"12R0036",0.019777,0,0.000507,0.015234,0.091919,0.174819,0.036509,0,0,0,0.042463,0,0.235389,0.003472,0,0,0,0.000198,0.027012,0,0,0.352702
"12R0038",0.00242,0,0.000666,0.033348,0.065299,0.077006,0.030037,0,0,0,0.043582,0,0.226437,0.000832,0,0,0,0.000834,0.037006,0,0,0.482534
"12R0042",0.01566,0,0.000881,0.03239,0.01389,0.14611,0.022182,0,0,0,0.194815,0,0.30411,0.000814,0,0,0,0.00298,0.024733,0,0,0.241434
"12R0047",0.022782,0,0.000689,0.009518,0.060239,0.094507,0.022305,0,0,0,0.059738,0,0.249623,0,0,0,0.000137,0.003423,0.029875,0,0,0.447163
"12R0048",0.019877,0,0,0.043237,0.113904,0.135609,0.044153,0,0,0,0.048464,0,0.21428,0,0,0,0.002216,0.00052,0.02231,0,0,0.35543
"12R0050",0.022017,0,0,0.043757,0.055974,0.120819,0.036322,0,0,0,0.105184,0,0.338944,0.006738,0,0,0,0.002597,0.026397,0,0.013926,0.227324
"12R0052",0.01684,0,0,0.01916,0.116299,0.1248,0.074363,0,0,0.040362,0.118571,0,0.245528,0,0,0,0,0.001662,0.018979,0,0,0.223438
"12R0059",0.022999,0,0.000364,0.014119,0.045817,0.072623,0.028199,0,0,0,0.059458,0,0.324629,0,0,0,0,0.005176,0.028369,0,0,0.398248
"12R0060",0,0,0.006092,0.016841,0.058775,0.055404,0.043202,0,0,0,0.083523,0,0.279068,0.00583,0,0,0,0.004403,0.03087,0,0,0.415993
"12R0071",0.003839,0,0.004328,0.019862,0.097178,0.078911,0.045103,0,0,0,0.112077,0,0.251567,0.00663,0,0,0.002777,0.007334,0.027674,0,0,0.342718
"12R0080",0.009032,0,0.001036,0.009949,0.038862,0.078732,0.037129,0,0,2e-06,0.058411,0,0.258726,0.002218,0,0,0,0.001783,0.025575,0,0,0.478545
"12R0081",0.029153,0,0.002206,0.016256,0.076118,0.118903,0.035392,0,0,0.012928,0.075955,0,0.296539,0,0,0,0.002007,0.002097,0.021693,0,0,0.310752
"12R0094",0.015916,0,0,0.007843,0.070841,0.09675,0.047617,0,0,0.002003,0.07061,0,0.262917,0.007043,0,0,0,0.001398,0.025423,0,0,0.391638
"12R0096",0.00592,0,0.0012,0.032063,0.061986,0.037799,0.060723,0,0,0,0.095208,0,0.272195,0.001629,0,0,0,0.00076,0.034461,0,0,0.396056
"12R0102",0,0,0.000454,0.02661,0.059142,0.108556,0.048442,0,0,0,0.060145,0,0.227429,0.00486,0,0,0,0.003538,0.033951,0,0,0.426873
"12R0104",0.015881,0,0.007713,0.032918,0.069305,0.048522,0.05227,0,0,0.015846,0.121092,0,0.251079,0.003731,0,0,0,0.006106,0.026864,0,0,0.348675
"12R0106",0.003314,0,0.001782,0.046449,0.000922,0.127619,0.048842,0,0,0,0.176057,0,0.203044,0.006412,0,0,0,0.000204,0.026968,0,0,0.358387
"12R0109",0.031228,0,0.002256,0.011002,0.020005,0.097432,0.033799,0,0,0.022265,0.096045,0,0.302415,0.019789,0,0,0,0.001581,0.003898,0,0,0.358285
"12R0110",0,0,0,0,0.064939,0.095634,0.02197,0,0,0,0.060682,0,0.259636,0.009865,0,0,0,0.000786,0.022503,0,0,0.463986
"12R0113",0,0,0.010493,0,0.040661,0.084589,0.034386,0,0,0.008865,0.068594,0,0.28004,0.006331,0,0,0,0.006008,0.021981,0,0.007957,0.430095
"12R0114",0.013496,0,0.006487,0.055061,0.031465,0.12397,0.039192,0,0,0,0.090046,0,0.308424,0.006264,0,0,0.001151,0.006981,0.015973,0,0,0.301489
"12R0115",0.001621,0,0.003759,0.056652,0.036319,0.109285,0.030891,0,0,0,0.083979,0,0.291709,0.008631,0,0,0,0,0.025779,0,0,0.351375
"12R0117",0.011228,0,0.001685,0,0.100886,0.111694,0.020686,0,0,0,0.054646,0,0.26361,0.007636,0,0,0,0.002006,0.025006,0,0,0.400916
"12R0128",0.007259,0,0.00113,0.060831,0.05687,0.088451,0.084809,0,0,0,0.143367,0,0.212348,0.006179,0,0,0,0.001525,0.025607,0,0,0.311625
"12R0130",0,0,0.00819,0.082567,0.023906,0.063188,0.060296,0,0,0.046461,0.114659,0,0.261843,0.007197,0,0,0,0.006148,0.006846,0,0.00189,0.31681
"12R0137",0.012623,0,0.003281,0.057046,0.014084,0.038563,0.079278,0,0,0.013462,0.088824,0,0.224957,0.006376,0,0,0,0.001946,0.014848,0,0,0.444713
"12R0139",0.019794,0,0.000543,0,0.062303,0.094825,0.044359,0,0,0.014375,0.071453,0,0.316971,0,0,0,0,0.001763,0.021465,0,0,0.352148
"12R0147",0.018037,0,0,0.013588,0.100425,0.099609,0.053515,0,0,0.008199,0.083812,0,0.218618,0.006268,0,0,9.6e-05,0.001116,0.046721,0,0,0.349996
"12R0149",0,0,0.003663,0.01684,0.029426,0.080472,0.047979,0,0,0.038488,0.077273,0,0.383034,0,0,0,0,0.004262,0.023612,0,0,0.29495
"12R0150",0.00919,0,0.0031,0.019721,0.038996,0.085543,0.022899,0,0,0.00838,0.055832,0,0.297165,0.004374,0,0,0,0.003489,0.033222,0,0,0.418088
"12R0155",0.010173,0,0.008911,0.029876,0.100209,0.110486,0.065187,0,0,0.002893,0.070014,0,0.228746,0.012989,0,0,0.004525,0.005224,0.026756,0,0,0.324011
"12R0156",0.023282,0,0,0.00328,0.028686,0.088502,0.045755,0,0,0.031623,0.153797,0,0.193823,0.00173,0,0,0,0.000732,0.024441,0,0,0.404348
"12R0157",0.007859,0,0.000801,0.025546,0.064887,0.102823,0.048015,0,0,0,0.095131,0,0.253387,0.011096,0,0,0,0.002987,0.034073,0,0.0125,0.340894
"12R0158",0.009461,0,0.001508,0.056542,0.067678,0.070623,0.058731,0,0,0,0.156794,0,0.249493,0.002416,0,0,0,0,0.021531,0,0,0.305222
"12R0163",0,0,0.00238,0,0.028674,0.068239,0.024402,0,0,0,0.072671,0,0.2156,0.034202,0,0,0,0.001466,0.017819,0,0,0.534548
"12R0164",0.008685,0,0.003006,0.016497,0.036722,0.074668,0.024268,0,0,0,0.051448,0,0.252294,0.009764,0,0,0,0,0.02312,0,0,0.499526
"12R0165",0.003296,0,0.000227,0.02109,0.039471,0.078164,0.037728,0,0,0,0.06865,0,0.29492,0.020991,0,0,0,0.000111,0.024227,0,0,0.411123
"12R0169",0.002309,0,0.002055,0.04223,0.026164,0.074708,0.044732,0,0,0,0.106011,0,0.277773,0.015302,0,0,0,0.000428,0.010838,0,0,0.397451
"12R0170",0.017409,0,0.00523,0,0.054083,0.1211,0.053176,0,0,0,0.092389,0,0.277685,0,0,0,0,0.006539,0.023529,0,0,0.34886
"12R0172",0.005633,0,0.007191,0.01938,0.078592,0.05435,0.049504,0,0,0,0.06324,0,0.306465,0.00341,0,0,0,0.006575,0.02906,0,0,0.376597
"12R0174",0.021361,0,0.005385,0.027522,0.112057,0.162097,0.064096,0,0,0.018258,0.088145,0,0.366112,0.010546,0,0,0,0.00496,0.002584,0,0.01559,0.101288
"12R0175",0,0,0.001847,0.039112,0.071578,0.062308,0.019613,0,0,0,0.107837,0,0.232525,0,0,0,0,0.003881,0.018146,0,0,0.443153
"12R0182",0,0,3.9e-05,0.037202,0.088637,0.106641,0.037445,0,0,0,0.036787,0,0.271312,0.009015,0,0,0,0,0.034815,0,0,0.378106
"12R0197",0.00446,0,0,0.039213,0.080298,0.121492,0.053165,0,0,0,0.155934,0,0.287703,0,0,0,0,0.003314,0.01641,0,0,0.238011
"12R0198",0.000432,0,0.008174,0.006309,0.048426,0.047997,0.039428,0,0,0.000386,0.047086,0,0.260255,0.023714,0,0,0,0.005811,0.020247,0,0,0.491734
"12R0199",0.021985,0,0.006641,0.02168,0.079941,0.070459,0.031049,0,0,0,0.043907,0,0.268223,0.019087,0,0,0,0.00659,0.030408,0,0,0.400028
"12R0202",0.003943,0,0.001402,0.056217,0.050567,0.156357,0.056446,0,0,0,0.122145,0,0.249127,0,0,0,0,0.001816,0.006401,0,0,0.29558
"12R0210",0.003424,0,0.002883,0.000715,0.033096,0.120728,0.038112,0,0,0.005957,0.093894,0,0.281476,0.014718,0,0,0,0.001176,0.012042,0,0,0.391781
"12R0213",0.005991,0,0.000896,0.043231,0.003396,0.039425,0.030621,0,0,0.00243,0.062547,0,0.245688,0.022891,0,0,0,0.00065,0.023949,0,0,0.518285
"12R0229",0.023438,0,0,0.022862,0.091957,0.119407,0.043981,0,0,0,0.071753,0,0.278537,0,0,0,0,0.002796,0.027684,0,0,0.317585
"12R0232",0.011356,0,0.000914,0.033529,0.066267,0.109465,0.041791,0,0,0,0.061168,0,0.21331,0.005498,0,0,0,0.002455,0.03232,0,0,0.421928
"12R0234",0.008582,0,0,0.009005,0.040942,0.10876,0.015933,0,0,0,0.090754,0,0.253657,0.00939,0,0,0,5.3e-05,0.016819,0,0,0.446104
"12R0235",0.000152,0,0.007107,0.04527,0.071534,0.054842,0.024503,0,0,0.007159,0.070452,0,0.331596,0.017844,0,0,0,0.00382,0.021272,0,0,0.344449
"12R0237",0.026136,0,0,0.027113,0.095683,0.15368,0.025435,0,0,0,0.058759,0,0.308639,0,0,0,0,0.002116,0.016649,0,0,0.285791
"12R0239",0.020904,0,0,0.045573,0.094518,0.116999,0.033021,0,0,0,0.073001,0,0.307587,0.004679,0,0,0,0.002514,0.008515,0,0,0.29269
"12R0240",0.004327,0,0.002551,0.010075,0.012632,0.068753,0.041036,0,0,0,0.118988,0,0.227132,0.011319,0,0,0,0.002099,0.013079,0,0,0.488009
"12R0242",0.009312,0,0.001247,0.01641,0.022633,0.115929,0.064128,0,0,0,0.102993,0,0.283583,0.00368,0,0,0,0.002117,0.031028,0,0,0.346941
"12R0244",0.015481,0,0.001752,0.019464,0.032544,0.089866,0.035437,0,0,0.007724,0.046004,0,0.221781,0.009315,0,0,0,0.003307,0.030009,0,0,0.487317
"12R0245",0.015081,0,0.001269,0.049042,0.008584,0.108871,0.047391,0,0,0.014261,0.033855,0,0.195703,0,0,0,0,0.002878,0.021244,0,0,0.501821
"12R0247",0.028864,0,0,0.091277,0.033525,0.078418,0.041762,0,0,0.00964,0.070561,0,0.251802,0,0,0,0,0.003912,0.024922,0,0,0.365316
"12R0249",0,0,0.000501,0.012272,0.065564,0.119668,0.02889,0,0,0.033754,0.059863,0,0.228493,0.001363,0,0,0,0.0036,0.031585,0,0.008221,0.406225
"12R0253",0.010382,0,0.001313,0.012911,0.02958,0.105263,0.034463,0,0,0.013422,0.033295,0,0.213481,0,0,0,0,0.002326,0.029251,0,0,0.514313
"12R0254",0.006361,0,0,0.03817,0.045638,0.121907,0.033991,0,0,0,0.056637,0,0.186776,0.000771,0,0,0,0.002496,0.033188,0,0,0.474065
"12R0260",0.020223,0,0,0.050739,0.086911,0.117293,0.019167,0,0,0,0.062892,0,0.210362,0,0,0,0,0.00083,0.028731,0,0,0.402854
"12R0261",0.011688,0,0.002082,0.107209,0.016836,0.119798,0.079098,0,0,0.006858,0.137688,0,0.213166,0,0,0,0,0.000893,0.030832,0,0,0.273852
"12R0267",0.016387,0,0.001863,0.070502,0.092754,0.09171,0.022103,0,0,0,0.117558,0,0.253596,0,0,0,0,0.000864,0.01381,0,0,0.318853
"12R0281",0.006923,0,0.000532,0.084079,0.03493,0.143799,0.026738,0,0,0,0.042311,0,0.229632,0.00056,0,0,0,0.000484,0.033441,0,0,0.39657
"12R0289",0.017881,0,0.002551,0.028395,0.130604,0.079723,0.0328,0,0,0,0.061982,0,0.218616,0.016049,0,0,0,0.006132,0.029544,0,0,0.375722
"12R0294",0.003686,0,0.002017,0.025482,0.035957,0.065704,0.049971,0,0,0,0.073934,0,0.258869,0.011223,0,0,0,0.003483,0.024616,0,0,0.445058
"12R0295",0.028014,0,0,0.092055,0.081414,0.126363,0.040878,0,0,0.025487,0.075802,0,0.272519,0,0,0,0,0.001976,0.031067,0,0,0.224423
"12R0298",0,0,0.002329,0.098486,0.073119,0.103551,0.032254,0,0,0.024328,0.068493,0,0.296829,0,0,0,0,0.001529,0.026887,0,0,0.272195
"12R0300",0.018922,0,5.3e-05,0,0.085569,0.192386,0.060785,0,0,0.064092,0.059335,0,0.319442,0.002293,0,0,0,0.002834,0.014729,0,0.005438,0.17412
"12R0307",0.004979,0,0,0.042424,0.092103,0.11981,0.013671,0,0,0,0.048514,0,0.313515,0,0,0,0,0.002217,0.026695,0,0,0.336073
"12R0325",0,0,0.003184,0.042312,0.046791,0.083468,0.046195,0,0,0.000626,0.07736,0,0.327799,0,0,0,0,0.003426,0.016453,0,0,0.352387
"12R0332",0.020208,0,0.007323,0.042895,0.027192,0.061394,0.041453,0,0,0,0.123575,0,0.395039,0.007274,0,0,0,0.004499,0.016238,0,0,0.252908
"12R0333",0.000547,0,0.004724,0.060949,0.058252,0.101892,0.026174,0,0,0,0.051636,0,0.260843,0,0,0,0,0.004614,0.031031,0,0.005513,0.393824
"12R0412",0.04326,0,0.001438,0.014129,0.061629,0.151523,0.052799,0,0,0.009074,0.109685,0,0.223226,0,0,0,0,0.000821,0.007297,0,0,0.325119
"12R0413",0.030078,0,0.000453,0.085904,0.091276,0.204178,0.065958,0,0,0.036015,0.06554,0,0.252767,0,0,0,0,0.001602,0.009388,0,0.016437,0.140404
"12R0416",0,0,0.000546,0.018166,0.054059,0.034123,0.03176,0,0,0,0.080751,0,0.24189,0,0,0,0,0.001772,0.022482,0,0,0.514451
"12R0419",0.006753,0,0.000921,0.071798,0.029211,0.122027,0.046405,0,0,0.010253,0.106884,0,0.357119,0,0,0,0,0.003562,0.007374,0,0,0.237691
"12R0421",0.009525,0,0.001394,0.022959,0.035809,0.148174,0.0313,0,0,0.02592,0.051579,0,0.168372,0,0,0,0,0.000869,0.017821,0,0,0.486278
"12R0424",0.015257,0,0,0.023855,0.056445,0.099951,0.039255,0,0,0,0.052446,0,0.289072,0,0,0,0,0.001279,0.030095,0,0,0.392345
"12R0427",0.003142,0,0.002284,0.026809,0.060976,0.117647,0.037708,0,0,0.01012,0.100325,0,0.329322,0,0,0,0,0.003638,0.003937,0,0,0.304091
"12R0428",0,0,0.007551,0.013743,0.048693,0.076088,0.033769,0,0,0.00557,0.042066,0,0.338788,0.001809,0,0,0,0.006241,0.035379,0,0,0.390305
"12R0429",0.031963,0,0.002691,0,0.068661,0.101116,0.035168,0,0,0.018073,0.059925,0,0.153569,0,0,0,0.003159,0.000659,0.017082,0,0,0.507936
"12R0430",0,0,0.001983,0.002146,0.025257,0.093665,0.047339,0,0,0.025539,0.085194,0,0.26445,0,0,0,0,0.002964,0.024374,0,0,0.42709
"12R0433",0,0,0.001647,0.000674,0.039564,0.073943,0.023689,0,0,0.004443,0.034532,0,0.241045,0,0,0,0,0.002627,0.032504,0,0,0.545331
"12R0452",0.010359,0,0.000399,0.218544,0,0.03372,0.068952,0,0,0.032618,0.100063,0,0.305861,0,0.000969,0,0,0.002658,0.006486,0,0,0.219372
"12R0453",0.018129,0,0.003544,0.0304,0.095154,0.110258,0.028681,0,0,0,0.051124,0,0.253535,0,0,0,0,0.002403,0.025343,0,0,0.381429
"12R0454",0.014632,0,0.001149,0.017103,0,0.329562,0.053177,0,0,0.045915,0.057341,0,0.300171,0,0,0,0,0.003095,0.009617,0,0.00689,0.161348
"12R0459",0.041251,0,0,0.004832,0.07228,0.133851,0.026175,0,0,0,0.082529,0,0.228181,0.00175,0,0,0,0.00041,0.01351,0,0,0.395231
"12R0460",0,0,0.005965,0.003625,0.079843,0.095239,0.035625,0,0,0,0.068845,0,0.263502,0.002044,0,0,0,0.005628,0.028188,0,0,0.411497
"12R0463",0.01919,0,0,0.02264,0.043259,0.113514,0.070732,0,0,0.019624,0.165045,0,0.287032,0.002053,0,0,0,0.003791,0.022879,0,0,0.230241
"12R0470",0,0,0.003294,0.007258,0.039933,0.085501,0.021224,0,0,0.010737,0.041558,0,0.303358,0,0,0,0,0.001925,0.023559,0,0,0.461653
"12R0471",0,0,0.001379,0.018743,0.045908,0.090286,0.03502,0,0,0,0.058379,0,0.283092,0,0,0,0,0.003823,0.025471,0,0,0.437899
"12R0472",0.002487,0,0.001904,0.094251,0.015984,0.097608,0.064069,0,0,0.000777,0.078403,0,0.175517,0,0,0,0.006523,0.001651,0.027189,0,0,0.433638
"12R0473",0.016963,0,0.006873,0.068782,0.101018,0.089191,0.04885,0,0,0,0.048279,0,0.259121,0.007737,0,0,0,0.004324,0.031391,0,0,0.31747
"12R0474",0.001747,0,0.000602,0.024725,0.053529,0.09646,0.047724,0,0,0,0.101174,0,0.241721,0,0,0,0,0.000149,0.032993,0,0,0.399174
"12R0475",0.006391,0,0.011798,0.008713,0.043312,0.08663,0.043792,0,0,0.012196,0.050805,0,0.231463,0.001176,0,0,0.001768,0.008799,0.025051,0,0,0.468108
"12R0482",0,0,0.000443,0.041696,0.065444,0.074227,0.015131,0,0,0,0.093657,0,0.296415,0,0,0,0,0.001905,0.019342,0,0,0.391741
"12R0483",0.005487,0,0.001136,0.031725,0.035633,0.082107,0.024118,0,0,0,0.043423,0,0.255657,0.01142,0,0,0,0.000109,0.027117,0,0,0.482069
"12R0493",0.02898,0,0,0.020586,0.065212,0.159201,0.029551,0,0,0,0.076477,0,0.219824,0.004042,0,0,0,0.000118,0.003655,0,0,0.392354
"12R0510",0.014659,0,0.007597,0.003042,0.074394,0.0544,0.034727,0,0,0,0.063594,0,0.255877,0.021611,0,0,0,0.004342,0.029437,0,0,0.43632
"12R0511",0.011583,0,0.001636,0.031951,0.067212,0.107684,0.052367,0,0,0,0.080963,0,0.277306,0,0,0,0.002114,0,0.0355,0,0,0.331684
"12R0519",0.018297,0,0,0.022747,0.061257,0.091243,0.035103,0,0,0,0.07197,0,0.201905,0.013547,0,0,0,0.002761,0.022477,0,0,0.458692
"12R0527",0.014792,0,0.004845,0.045471,0.039399,0.086945,0.049999,0,0,0,0.086858,0,0.289207,0.000879,0,0,0,0.006441,0.027973,0,0.000239,0.346952
"12R0531",0.0072,0,0,0.04802,0.101172,0.119374,0.03053,0,0,0,0.060935,0,0.209149,0.005536,0,0,0,0.002646,0.018364,0,0,0.397073
"12R0542",0.005449,0,0.003137,0.032766,0.08399,0.07573,0.038481,0,0,0,0.08393,0,0.306719,0,0,0,0,0.006176,0.029918,0,0,0.333702
"12R0547",0,0,0.007963,0.007664,0.0691,0.045981,0.028615,0,0,0.000145,0.039049,0,0.258919,0.001364,0,0,0,0.006534,0.031898,0,0,0.502768
"12R0548",0.032433,0,0.005519,0.022536,0.101165,0.086981,0.038501,0,0,0.008716,0.064373,0,0.218005,0,0,0,0,0.007244,0.020863,0,0,0.393664
"12R0551",0.017587,0,0.001929,0.022447,0.080233,0.138209,0.03435,0,0,0,0.067829,0,0.246608,0,0,0,0,0.003206,0.014418,0,0,0.373183
"12R0552",0.006007,0,0.000581,0.084648,0,0.06483,0.061799,0,0,0,0.096909,0,0.301487,0,0,0,0,0.00334,0.00761,0,0,0.372789
"12R0559",0.009898,0,0.000898,0.005356,0.041257,0.108678,0.063533,0,0,0.016087,0.057142,0,0.292117,0.005118,0,0,0.00019,0.00238,0.026148,0,0,0.371199
"12R0563",0,0,0.00425,0.008798,0.078424,0.088176,0.016997,0,0,0,0.043865,0,0.273009,0,0,0,0,0.002448,0.031537,0,0,0.452496
"12R0567",0,0,0.007849,0.02005,0.055538,0.109736,0.038434,0,0,0,0.103495,0,0.292138,0.003531,0,0,0,0.006022,0.018427,0,0,0.344782
"12R0596",0.019671,0,0.003822,0,0.050258,0.131476,0.040046,0,0.002096,0,0.090007,0,0.273878,0,0,0,0,0.005514,0.019292,0,0,0.36394
"12R0609",0.01581,0,0.000418,0.096814,0.023181,0.112914,0.037027,0,0,0,0.097091,0,0.212867,0,0,0,0,0.001837,0.008078,0,0,0.393963
"12R0614",0.012831,0,0.001465,0.027173,0.024211,0.16646,0.034345,0,0.000697,0,0.063863,0,0.236481,0,0,0,0,0.001772,0.011237,0,0,0.419465
"12R0615",0.016666,0,0,0.025832,0.034656,0.080586,0.04079,0,0,0,0.055371,0,0.242913,0,0,0,0.002244,0.005746,0.018243,0,0,0.476953
"12R0616",0.017577,0,0,0.118729,0.045856,0.123427,0.050709,0,0,0,0.100378,0,0.269876,0,0,0,0,0.002219,0.015128,0,0.030053,0.226047
"12R0617",0.016027,0,0.000643,0.018518,0.045396,0.109365,0.041363,0,0,0,0.047644,0,0.242869,0,0,0,0,0.001985,0.026819,0,0,0.449371
"12R0620",0,0.000204,0.005977,0.029113,0.074064,0.104613,0.052543,0,0.004365,0,0.056352,0,0.196377,0,0,0,0.001418,0.005882,0.031283,0,0,0.437811
"12R0622",0.012837,0,0.004686,0,0.072143,0.132095,0.049863,0,0.009241,0,0.072354,0,0.229153,0,0,0,0,0.006335,0.024796,0,0,0.386497
"12R0624",0,0,0.00266,0.023701,0.045,0.122821,0.063035,0,0,0,0.062682,0,0.22244,0.001653,0,0,0.000616,0.000931,0.02835,0,0,0.42611
"12R0646",0.007176,0,0.001961,0.022412,0.062138,0.094809,0.028912,0,0,0,0.102099,0,0.20623,0.005822,0,0,0,0.002005,0.015712,0,0,0.450724
"12R0648",0.021239,0,0.00019,0.050882,0.076929,0.163645,0.033306,0,0,0,0.099839,0,0.245708,0.015255,0,0,0,0.000227,0.021634,0,0,0.271146
"12R0667",0.021153,0,5.9e-05,0.009882,0.040066,0.125468,0.040179,0,0,0,0.057267,0,0.310838,0.004393,0,0,0,0.000594,0.029609,0,0,0.360494
"12R0668",0.015495,0,0,0.031733,0.089958,0.105083,0.043126,0,0,0,0.069092,0,0.295241,0.004813,0,0,0,0.001534,0.022202,0,0,0.321723
"12R0672",0.017194,0,0.000671,0.041314,0.04688,0.084827,0.038898,0,0,0.001064,0.0871,0,0.241316,0.017148,0,0,0,0,0.009769,0,0,0.41382
"12R0675",0,0,0.005162,0.008948,0.051088,0.044666,0.042837,0,0,0,0.054169,0,0.284297,0.002889,0,0,0,0.006265,0.03801,0,0,0.46167
"12R0678",0.022922,0,0.001945,0.017933,0.0976,0.084886,0.040572,0,0,0,0.098715,0,0.286793,0,0,0,0,0.005449,0.015127,0,0,0.328058
"12R0683",0,0,0.002041,0.032218,0.073465,0.09131,0.018467,0,0,0,0.052975,0,0.253684,0.002037,0,0,0,0.000601,0.028699,0,0,0.444504
"12R0684",0.000101,0,0.002935,0.040152,0.035411,0.059444,0.020384,0,0,0.003562,0.102554,0,0.287782,0,0,0,0,0.001074,0.016052,0,0,0.430547
"12R0687",0,0,0.00619,0.050173,0.119862,0.000502,0.035645,0,0,0,0.088232,0,0.257841,0.000205,0,0,0,0.004648,0.035341,0,0.009043,0.392317
"12R0688",0.013586,0,0,0.00737,0.026289,0.115978,0.044465,0,0,0.022394,0.033108,0,0.251667,0.004442,0,0,0,0.002214,0.024853,0,0,0.453635
"12R0691",0.014412,0,0.003483,0.06973,0.073004,0.119328,0.049686,0,0,0,0.082556,0,0.205168,0.002802,0,0,0,0.003006,0.026937,0,0,0.349887
"12R0695",0.016466,0,0.000245,0.017501,0.067147,0.074493,0.048401,0,0,0.004692,0.082816,0,0.181852,0.001739,0,0,0,0.002725,0.027253,0,0,0.474671
"12R0698",0.027201,0,0.001463,0.034293,0.052955,0.123978,0.039003,0,0,0.00313,0.07186,0,0.327562,0,0,0,0,0.002021,0.002966,0,0,0.313566
"12R0699",0,0,0.006684,0,0.059616,0.122015,0.042745,0,0,0.016774,0.052491,0,0.196738,0,0,0,0,0.006435,0.038326,0,0,0.458176
"12R0703",0.013559,0,0.000639,0.03531,0.016141,0.126231,0.064051,0,0,0.02424,0.056567,0,0.215995,0,0,0,0,0.001103,0.02346,0,0,0.422702
"12R0707",0.018585,0,0.000466,0.091421,0.080142,0.112684,0.043707,0,0,0,0.117797,0,0.218824,0.004693,0,0,0,0,0.013269,0,0,0.298413
"12R0710",0.002722,0,0.00149,0.027473,0.066123,0.114203,0.02941,0,0,0.004028,0.08262,0,0.255945,0.001602,0,0,0,0.002899,0.014036,0,0,0.397449
"12R0712",0.025409,0,0,0.062315,0.11217,0.199226,0.053514,0,0,0,0.078818,0,0.331127,0,0,0,0,0.001855,0.011344,0,0.009094,0.115128
"12R0714",0.023759,0,0.000728,0.024974,0.032519,0.087502,0.03732,0,0,0.062558,0.071204,0,0.173564,0,0,0,0,0.002322,0.015211,0,0,0.468339
"12R0715",0.023552,0,0.000323,0.013322,0.0674,0.137102,0.028467,0,0,0,0.036895,0,0.236786,0,0,0,0,0.00042,0.032426,0,0,0.423308
"12R0716",0.010477,0,0.002117,0.039459,0.045725,0.112631,0.033224,0,0,0,0.059316,0,0.226838,0,0,0,0,0.001317,0.025018,0,0,0.443877
"12R0719",0.003693,0,0,0.05602,0.059541,0.083978,0.066729,0,0,0,0.134913,0,0.276371,0.001071,0,0,0,0,0.021956,0,0.00106,0.294666
"12R0720",0,0.002477,0.003956,0.003804,0.043693,0.102508,0.031813,0,0,0.012477,0.033349,0,0.233686,0,0,0,0,0.007549,0.02537,0,0,0.499317
"12R0722",0.033924,0,0.004999,0.04113,0.041209,0.057355,0.051357,0,0,0.020009,0.051669,0,0.270292,0,0,0,0,0.006652,0.025463,0,0,0.395941
"12R0729",0.02803,0,0.001358,0.023603,0.027794,0.10839,0.045576,0,0,0.017198,0.120401,0,0.290469,0,0,0,0,0.001275,0.015036,0,0,0.320869
"12R0730",0.014441,0,0.008274,0.082132,0.022479,0.048469,0.047618,0,0,0,0.100814,0,0.275325,0.01007,0,0,0,0.005632,0.016839,0,0,0.367907
"12R0734",0.005741,0,0.001163,0.013209,0.014308,0.103374,0.046134,0,0,0.00415,0.049082,0,0.309124,0,0,0,0,0.000915,0.027406,0,0,0.425394
"12R0736",0.036719,0,0,0.028331,0.112277,0.127544,0.053317,0,0,0.029159,0.061614,0,0.289589,0,0,0,0,0.00381,0.015793,0,0.004168,0.23768
"12R0737",0.005479,0,0.008198,0.027084,0.076484,0.065701,0.044165,0,0,0.001002,0.053149,0,0.282569,0,0,0,0,0.007624,0.025065,0,0,0.403482
"12R0738",0.015975,0,0.000117,0.037306,0.064783,0.149728,0.046929,0,0,0.050779,0.046962,0,0.339957,0,0,0,0,0.001597,0.013506,0,0,0.232361
"12R0741",0.00517,0,0.002318,0.028883,0.036623,0.115668,0.059546,0,0,0.00796,0.053849,0,0.225824,0,0,0,0,0.001285,0.031051,0,0,0.431823
"12R0742",0.018761,0,0.00141,0.044445,0.053025,0.069777,0.076716,0,0,0.026481,0.056915,0,0.251438,0,0,0,0,0.001459,0.024839,0,0,0.374734
"12R0793",0.00977,0,0.001578,0.005107,0.041734,0.043257,0.033425,0,0,0.018515,0.062157,0,0.313104,0.016476,0,0,0,0.001618,0.031119,0,0,0.42214
"12R0794",0.020118,0,0,0.022662,0.07398,0.128383,0.034293,0,0,0,0.047893,0,0.201879,0,0,0,0,0.001878,0.01589,0,0,0.453024
"12R0797",0.016626,0,0,0.067037,0.055656,0.086513,0.038642,0,0,0,0.092165,0,0.239416,0.014069,0,0,0,0.001397,0.02091,0,0,0.367569
"12R0799",0,0,0.00633,0.06525,0.021336,0.07723,0.037641,0,0,0.0039,0.043317,0,0.356,0.013094,0,0,0,0.005875,0.024243,0,0.00101,0.344774
"12R0803",0,0,0.00726,0.064459,0.07566,0.056012,0.042086,0,0,0,0.083927,0,0.289836,0.021458,0,0,0,0.005593,0.03094,0,0,0.32277
"12R0818",0.010489,0,0.001563,0,0.063065,0.114855,0.037283,0,0,0.002186,0.073514,0,0.177166,0,0,0,0,0,0.031331,0,0,0.488546
"12R0819",0.011711,0,8.4e-05,0.020187,0.051869,0.143699,0.040567,0,0,0,0.073881,0,0.251086,0,0,0,0,0.002008,0.017615,0,0,0.387293
"12R0820",0.00468,0,1.3e-05,0.109898,0.01121,0.096912,0.056888,0,0,0,0.069358,0,0.198862,0,0,0,0,0.000869,0.019856,0,0,0.431454
"12R0824",0.040464,0,0,0.032956,0.05547,0.119465,0.034959,0,0,0,0.053902,0,0.298479,0,0,0,0,0.003192,0.019537,0,0,0.341576
"12R0826",0.003854,0,0.004207,0.008506,0.077427,0.154127,0.035138,0,0,0,0.078797,0,0.301865,0.012894,0,0,0,0.004798,0.016865,0,0,0.301521
"12R0828",0,0,0.005845,0.074178,0.106161,0.031819,0.025791,0,0,0,0.101957,0,0.3022,0.004197,0,0,0,0.001363,0.018218,0,0,0.328271
"12R0830",0.035787,0,0,0.057966,0.059101,0.189592,0.040944,0,0,0.010473,0.089793,0,0.288005,0,0,0,0,0.002764,0.010974,0,0,0.2146
"12R0832",0.025938,0,0.003536,0.026921,0.014448,0.116911,0.053802,0,0,0.01658,0.079649,0,0.257321,0,0,0,0,0.006986,0.020426,0,0.004053,0.373429
"12R0833",0.00442,0,0.00079,0,0.026796,0.056923,0.037747,0,0,0.01871,0.097569,0,0.273574,0,0,0,0,0.004212,0.038078,0,0,0.441182
"12R0835",0.010466,0,0.007291,0.010708,0,0.213775,0.067618,0,0,0.047544,0.088175,0,0.435918,0.017633,0.000298,0,0.0036,0.005882,0.006126,0,0.034762,0.050202
"12R0846",0,0,0.004302,0.04075,0,0.160232,0.065005,0,0,0.054677,0.087773,0,0.385245,0,0,0,0,0.004346,0.010991,0,0.004784,0.181895
"12R0847",0.046324,0,0,0.049829,0.11423,0.162612,0.036618,0,0,0.016415,0.08242,0,0.216289,0,0,0,0,0.001696,0.01207,0,0.010044,0.251453
"12R0862",0.011097,0,0.00153,0.026657,0.065268,0.056167,0.041482,0,0,0.007407,0.06156,0,0.338895,0,0,0,0,0.001833,0.014766,0,0,0.373337
"12R0865",0.007947,0,0,0.011784,0.067883,0.1617,0.065107,0,0,0.042042,0.044199,0,0.256414,0,0,0,0,0.004215,0.020157,0,0,0.318552
"12R0867",0.001293,0,0.0022,0,0.025393,0.071627,0.036668,0,0,0.00178,0.082033,0,0.278478,0,0,0,0,0.003905,0.032164,0,0,0.464461
"12R0868",0.015819,0,0.000103,0.028116,0.063781,0.088727,0.051896,0,0,0.064435,0.051854,0,0.214209,0,0,0,0,0.004305,0.022833,0,0,0.393922
"12R0870",0,0,0.001454,0.005794,0.038661,0.098966,0.047642,0,0,0.000112,0.074469,0,0.369695,0,0,0,0,0.002369,0.02587,0,0,0.334969
"12R0873",0.013292,0,0.001935,0.038256,0.008827,0.151277,0.07438,0,0,0.020031,0.069211,0,0.343574,0,0,0,0,0.003617,0.015325,0,0.008335,0.25194
"12R0879",0.009812,0,0,0.014135,0.078299,0.103439,0.044046,0,0,0.017056,0.066958,0,0.271178,0,0,0,0,0.002754,0.028103,0,0,0.364221
"12R0885",0.00825,0,0.001345,0.002104,0.055869,0.082064,0.050606,0,0,0,0.05329,0,0.287055,0,0,0,0,0.001727,0.035266,0,0,0.422423
"12R0888",0.008534,0,0.000339,0.070284,0.060963,0.068326,0.051986,0,0,0.022006,0.075311,0,0.360769,0.001416,0,0,0,0.00222,0.016922,0,0,0.260924
"12R0891",0.007483,0,0.004463,0.016262,0.063204,0.104759,0.035195,0,0,0.006822,0.053632,0,0.26768,0,0,0,0,0.003127,0.019405,0,0,0.417969
"12R0893",0.021415,0,0,1.9e-05,0.041136,0.10485,0.032506,0,0,0.011745,0.053164,0,0.272669,0,0,0,0,0.001426,0.033784,0,0,0.427288
"12R0895",0.004831,0,0.000666,0.05414,0.05828,0.115615,0.041111,0,0,0.001774,0.092866,0,0.235028,0,0,0,0,0.00193,0.012333,0,0,0.381425
"12R0897",0.00456,0,0.001022,0.004341,0.048088,0.068996,0.04687,0,0,0.017406,0.051745,0,0.256798,0,0,0,0,0.001555,0.023854,0,0,0.474762
"12R0898",0.003718,0,0.002241,0.001491,0.042015,0.139823,0.046382,0,0,0.020023,0.029417,0,0.198922,0,0,0,0,0.001227,0.040355,0,0,0.474385
"12R0902",0.001368,0,0.000429,0,0.028753,0.117231,0.035723,0,0,0,0.041084,0,0.234669,0.002498,0,0,0,0.000991,0.037319,0,0,0.499936
"12R0903",0.026902,0,0,0.03591,0.054961,0.106623,0.061113,0,0,0,0.068164,0,0.263243,0,0,0,0,0.00447,0.032387,0,0,0.346228
"12R0907",0,0,0.003217,0.008291,0.015932,0.095594,0.045899,0,0,0.005098,0.047838,0,0.307338,0,0,0,0.003238,0.00201,0.03991,0,0,0.425634
"12R0908",0.018189,0,0.000129,0.035765,0.058762,0.137384,0.047049,0,0,0.036214,0.059407,0,0.31253,0.004287,0,0,0,0.00266,0.016126,0,0,0.271497
"12R0923",0.012956,0,0,0.026112,0.052928,0.133868,0.026582,0,0,0.013452,0.031762,0,0.231486,0,0,0,0,0.002636,0.024558,0,0,0.44366
"12R0926",0.009781,0,0.000955,0.06221,0.01713,0.124041,0.054343,0,0,0.001418,0.097384,0,0.326657,0,0,0,0,0.000784,0.01534,0,0,0.289958
"12R0935",0,0,0.001124,0.083647,0.036995,0.128417,0.054207,0,0,0,0.093449,0,0.178576,0,0,0,0,0,0.017565,0,0,0.40602
"12R0937",0.018107,0,0,0.022233,0.054144,0.10472,0.075745,0,0,0.016254,0.09384,0,0.287862,0,0,0,0.001182,0.001936,0.019988,0,0,0.303989
"12R0941",0.01092,0,0,0.062963,0.057141,0.164868,0.022979,0,0,0,0.094288,0,0.277117,0,0,0,0,0.000933,0.024065,0,0,0.284727
"12R1372",0.008538,0,0.000234,0.03361,0.036998,0.133219,0.037471,0,0,0,0.103225,0,0.228819,0.006419,0,0,0,0.003209,0.023714,0,0,0.384542
"12R1698",0.007497,0,0,0.032683,0.098728,0.140314,0.039721,0,0,0.000186,0.059528,0,0.260749,0,0,0,0.000421,0.001292,0.019189,0,0,0.33969
"12R1845",0.002888,0,0.000714,0.024621,0.036663,0.102983,0.038967,0,0,0,0.092835,0,0.216243,0.001569,0,0,0,0.00026,0.017937,0,0,0.464321
"12R1930",0.016424,0,0,0.011192,0.021726,0.105873,0.074647,0,0,0.028602,0.064388,0,0.339742,6.1e-05,0,0,0.000524,0.003548,0.031735,0,0,0.301536
"12R1980",0.001304,0,0.00027,0.023812,0.022411,0.09332,0.045897,0,0,0,0.052582,0,0.287265,0,0,0,0,0.005664,0.028031,0,0,0.439445
"12R1997",0.036902,0,0,0.033245,0.037786,0.135242,0.046052,0,0,0.014162,0.056732,0,0.247555,0.002921,0,0,0,0.000623,0.019936,0,0,0.368844
"12R2013",0.00697,0,0,0.037982,0.031568,0.154353,0.047681,0,0,0,0.084934,0,0.219144,0,0,0,0,0.003208,0.027232,0,0,0.386928
"12R2015",0.009886,0,0,0.021468,0.049342,0.146032,0.040144,0,0,0.009304,0.064995,0,0.227026,0,0,0,0,0.006633,0.020543,0,0.033185,0.371442
"12R2018",0.006289,0,0.00237,0.006229,0.008552,0.142905,0.056228,0,0,0.043066,0.073113,0,0.28791,0,0,0,0,0.002454,0.026505,0,0,0.344378
"12R2044",0.025144,0,0.000786,0.007034,0.037586,0.108893,0.034809,0,0,0,0.067555,0,0.262146,0.001205,0,0,0,0.000278,0.03502,0,0,0.419544
"12R2052",0.006237,0,0.000618,0.077901,0,0.074973,0.078427,0,0,0.025562,0.124127,0,0.269523,0,0,0,0,0.001582,0.027351,0,0,0.313698
"12R2066",0.016539,0,0,0.063664,0.047765,0.218214,0.040261,0,0,0,0.069081,0,0.205585,0,0,0,0.000736,0.001912,0.020977,0,0,0.315266
"12R2071",0.002064,0,0.007237,0,0.07807,0.128076,0.036012,0,0.000644,0,0.057205,0,0.246084,0.009214,0,0,0.00042,0.006234,0.021867,0,0,0.406872
"12R2111",0.010264,0,0.000643,0.066892,0.055578,0.113031,0.049853,0,0,0.015131,0.074375,0,0.22986,0,0,0,0.000819,0.000527,0.024369,0,0,0.358659
"12R2134",0.024073,0,0.003557,0.035809,0.061192,0.114195,0.029008,0,0,0.013989,0.073454,0,0.25806,0,0,0,0,0.003006,0.022446,0,0,0.361211
"12R2135",0,0,0.005262,0.009251,0.03171,0.182929,0.040961,0,0,0.010565,0.048093,0,0.258048,0.008716,0,0,0,0.006102,0.017825,0,0,0.380538
"12R2136",0.008026,0,0.001252,0.042443,0.001493,0.128519,0.025684,0,0,0.000377,0.091108,0,0.258546,0,0,0,0,0.000774,0.020293,0,0,0.421485
"12R2137",0.001567,0,0.000886,0.028153,0.024864,0.132793,0.031797,0,0,0,0.06984,0,0.246558,0.008221,0,0,0,0.002465,0.026696,0,0,0.426159
"12R2138",0.03124,0,0.000109,0.052445,0.064586,0.121402,0.06123,0,0,0,0.125694,0,0.262019,0,0,0,0,0.00054,0.021497,0,0,0.259239
"12R2143",0.018877,0,0.001224,0.070376,0.075678,0.124446,0.061839,0,0,0,0.081335,0,0.35421,0,0,0,0,0.002068,0.018106,0,0.003569,0.188272
"12R2144",0.004209,0,0.003519,0.004272,0.028156,0.116098,0.065446,0,0,0.008591,0.096376,0,0.296495,0,0,0,0.000736,0.006284,0.038909,0,0,0.33091
"12R2155",0.000505,0,0.00244,0,0.041423,0.129404,0.064556,0,0,0,0.093291,0,0.211322,0,0,0,0,0.001546,0.040622,0,0,0.414892
"12R2157",0.009976,0,0.00591,0.037861,0.021671,0.102946,0.086865,0,0,0,0.135671,0,0.246697,0.009094,0,0,0.001661,0.007148,0.027639,0,0,0.30686
"12R2158",0.010561,0,0.001073,0.026598,0.039928,0.076498,0.071951,0,0,0.012916,0.069414,0,0.292141,0.005573,0,0,0,0.001668,0.034443,0,0,0.357234
"12R2160",0,0,0.005857,0.019524,0.069984,0.141414,0.044511,0,0,0,0.073359,0,0.214776,0.00957,0,0,0.001104,0.0061,0.026767,0,0,0.387032
"12R2171",0.018106,0,0.002616,0.028005,0.026065,0.129577,0.078717,0,0,0.02778,0.044842,0,0.255844,0,0,0,0,0.003788,0.032436,0,0,0.352224
"12R2172",0.012415,0,0,0.041328,0.056406,0.11013,0.058332,0,0,0.005939,0.078527,0,0.261651,0,0,0,0,0.004966,0.02253,0,0,0.347777
"12R2173",0.004722,0,0.003297,0.009653,0.014699,0.059753,0.050326,0,0,0.01258,0.072125,0,0.313736,0,0,0,0,0.004835,0.024032,0,0,0.430242
"12R2175",0.021888,0,0.000763,0.044134,0.068752,0.118907,0.045124,0,0,0,0.06058,0,0.229556,0,0,0,0,0.000664,0.023274,0,0,0.386358
"12R2192",0.017575,0,0,0.043895,0.03181,0.234852,0.042811,0,0,0.086635,0.020056,0,0.201302,0,0,0,0.001263,0.00078,0.020338,0,0,0.298683
"12R2193",0.005643,0,0,0.022129,0.019627,0.127334,0.033457,0,0,0.009984,0.055361,0,0.189779,0.002942,0,0,0.000737,0.002473,0.030713,0,0,0.499822
"12R2210",0.010495,0,0.000142,0.000446,0.054887,0.055691,0.038323,0,0,0,0.061328,0,0.291693,0,0,0,0,0.003632,0.030217,0,0,0.453145
"12R2211",0.014434,0,4.9e-05,0.093579,0.041378,0.114094,0.047844,0,0,0,0.084189,0,0.221062,0.005066,0,0,0,0.0016,0.017253,0,0,0.359452
"12R2214",0,0,0.002933,0.038913,0.082795,0.121112,0.040046,0,0,0.013433,0.027241,0,0.257438,0,0,0,0,0.006152,0.016867,0,0,0.393071
"12R2215",0.005892,0,0.001366,0.051154,0.09652,0.157997,0.037473,0,0,0,0.081797,0,0.206922,0,0,0,0,0.002046,0.016708,0,0,0.342123
"12R2219",0.000811,0,0.002144,0.050462,0.048163,0.112534,0.034316,0,0,0,0.104908,0,0.270389,0.003265,0,0,0,0.001777,0.014393,0,0,0.356838
"12R2257",0.005534,0,0.002386,0.062801,0.037793,0.099592,0.098414,0,0,0.044227,0.088321,0,0.293888,0,0,0,0,0.00246,0.02482,0,0.001994,0.237771
"12R2269",0.013035,0,0.001654,0.057743,0.014275,0.126826,0.033096,0,0,0.012505,0.074399,0,0.324253,0,0,0,0,0.001228,0.009439,0,0,0.331547
"12R2273",0.013653,0,0,0.022212,0.070893,0.141169,0.060521,0,0,0,0.117336,0,0.252375,0,0,0,0,0.001857,0.021167,0,0.001633,0.297184
"12R2392",0.026779,0,0,0.05554,0.047477,0.155626,0.04933,0,0,0.002732,0.069645,0,0.254898,0,0,0,1.8e-05,0.000774,0.013016,0,0,0.324166
"12R2396",0,0.001194,0,0.054054,0.066415,0.081752,0.061603,0,0,0,0.089988,0,0.194786,0,0,0,0,0.015019,0.00714,0,0,0.428049
"13R0029",0.012503,0,0.001506,0.030822,0.016602,0.129944,0.050601,0,0,0.025301,0.10462,0,0.29703,0,0,0,0,0.000733,0.014166,0,0,0.316172
"13R0060",0.010432,0,0.001084,0.049886,0.025582,0.089431,0.039766,0,0.000117,0,0.063505,0,0.209661,0.003378,0,0,0,0,0.036479,0,0,0.470679
"13R0062",0.002356,0,0.004609,0.081611,0.035519,0.121203,0.08624,0,0,0,0.12973,0,0.225233,0.005659,0,0,0.002845,0.006805,0.024455,0,0,0.273734
"13R0070",0.010617,0,0.000385,0.044286,0.040261,0.107325,0.060629,0,0,0.040073,0.119914,0,0.207004,0.003015,0,0,0.001036,0.000844,0.024902,0,0,0.339709
"13R0075",0.003447,0,0.001528,0.107343,0.009595,0.112213,0.067771,0,0,0,0.095159,0,0.193918,0.007183,0,0,0,0,0.033029,0,0,0.368814
"13R0090",0.005187,0,0,0.06744,0,0.140875,0.054268,0,0,0.011699,0.092464,0,0.303955,0.004595,0,0,0,0.001407,0.01695,0,0,0.301161
"13R0100",0.014152,0,0.000898,0,0.033808,0.114333,0.055088,0,0,0.042544,0.11135,0,0.273094,0,0,0,0,0.003705,0.020371,0,0.002696,0.327962
"13R0133",0.005129,0,0.002575,0.041884,0.044044,0.093599,0.075563,0,0,0.012161,0.089479,0,0.288012,0,0,0,0,0.003764,0.025292,0,0,0.318498
"13R0285",0,0,0.002028,0.0115,0.027385,0.061258,0.039449,0,0,0.024995,0.087282,0,0.302071,0,0,0,0,0.004722,0.025747,0,0,0.413562
"13R0329",0.000145,0,0.002614,0,0.103035,0.075904,0.037708,0,0,0.025413,0.0446,0,0.313716,0,0,0,0,0.004473,0.026708,0,0,0.365682
"13R0332",0.013145,0,0.000705,0.020242,0.067731,0.094666,0.033345,0,0,0,0.059198,0,0.215969,0.000453,0,0,0,0.000736,0.025829,0,0,0.46798
"13R0336",0.00045,0,0.003539,0.024926,0.036368,0.052888,0.034623,0,0,0.019964,0.039071,0,0.258326,0,0,0,0,0.004659,0.024604,0,0,0.500582
"13R0337",0.011803,0,0.003699,0.058338,0.011315,0.082524,0.040791,0,0,0.034432,0.070568,0,0.347293,0.006897,0,0,0,0.000553,0.017809,0,0,0.313977
"13R0338",0.013626,0,0,0.027347,0.036228,0.144983,0.035358,0,0,0,0.092639,0,0.327297,0,0.000583,0,0,0.002139,0.027724,0,0.001781,0.290295
"13R0382",0,0,0.001042,0.037826,0.026479,0.162669,0.049579,0,0,0.03402,0.063715,0,0.239106,0.001088,0,0,0,0.001908,0.01724,0,0.00287,0.362459
"13R0391",0.021571,0,0,0,0.055078,0.13278,0.022626,0,0,0,0.058575,0,0.197861,0.001296,0,0,0,0.001006,0.02049,0,0,0.488717
"13R0428",0.000418,0,0.001206,0.039793,0.033426,0.081985,0.027465,0,0,0.011677,0.049867,0,0.3479,0.006411,0,0,0,0.001491,0.021595,0,0,0.376766
"13R0430",0.01836,0,0,0,0.061981,0.09359,0.035686,0,0,0.006192,0.041101,0,0.290397,0.000731,0,0,0,6.1e-05,0.037355,0,0,0.414546
"13R0432",0.005656,0,0,0.033172,0.005903,0.137148,0.071257,0,0,0.035675,0.093669,0,0.385247,0,0,0,0,0.004212,0.026555,0,0.005547,0.19596
"13R0433",0.007536,0,0.001022,0.03134,0.023877,0.08554,0.044184,0,0,0.011521,0.055269,0,0.259655,0.001506,0,0,0,0.001006,0.032973,0,0,0.444571
"13R0438",0.012667,0,0.001708,0,0.052158,0.098567,0.046166,0,0,0.029445,0.071644,0,0.335942,0,0,0,0,0.004678,0.020253,0,0,0.326771
"13R0451",0.007895,0,0.002008,0.032007,0.058267,0.070709,0.068745,0,0,0.024027,0.089528,0,0.329905,0.00314,0,0,0,0.002168,0.023604,0,0.034209,0.253788
"13R0495",0,0,0.009254,0,0.03948,0.07383,0.051294,0,0,0.03742,0.045508,0,0.286965,0.005958,0,0,0.003085,0.008424,0.023543,0,0,0.415237
"13R0506",0.008906,0,0.001862,0,0.052164,0.079727,0.059654,0,0,0.034318,0.071672,0,0.288624,0,0,0,0,0.001527,0.028511,0,0,0.373034
"13R0509",0.01836,0,0.001192,0.028603,0.049989,0.164611,0.061376,0,0,0.0513,0.091199,0,0.261312,0,0,0,0,0.002595,0.016774,0,0.000871,0.251818
"13R0519",0.010722,0,0.000946,0,0.061669,0.136543,0.042167,0,0,0.034533,0.080952,0,0.310268,0,0,0,0,0.002592,0.017147,0,0.006067,0.296393
"13R0704",0.010646,0,0.002005,0.03483,0.035235,0.083897,0.059135,0,0,0.059272,0.060923,0,0.359842,0,0,0,0,0.002308,0.023249,0,0,0.268658
"13R0705",0.001716,0,0.001681,0.016862,0.024602,0.135519,0.059781,0,0,0.012426,0.078679,0,0.329473,0,0,0,0,0.001055,0.028541,0,0,0.309665
"13R0707",0.003671,0,0,0.006073,0.043944,0.121186,0.045155,0,0,0,0.075866,0,0.232709,0.006819,0,0,0,0.000929,0.025821,0,0,0.437827
"13R0708",0,0.00186,0.004145,0.007108,0.088943,0.071838,0.037745,0,0,0,0.061823,0,0.32101,0.000473,0,0,0.00289,0.008859,0.0266,0,0,0.366704
"13R0710",0.028343,0,0.00125,0.077778,0.058994,0.095015,0.053571,0,0,0.004765,0.063154,0,0.234084,0,0,0,0,0.002019,0.019031,0,0,0.361995
"13R0711",0.014185,0,0.00025,0.047956,0.088674,0.116655,0.055143,0,0,0.026483,0.13925,0,0.325348,0.002229,0,0,0,0.001638,0.015931,0,0.007324,0.158934
"13R0742",0.007456,0,0.001405,6.4e-05,0.041968,0.047094,0.053361,0,0,0,0.071054,0,0.301222,0,0,0,0,0.004159,0.034664,0,0,0.437552
"13R0753",0.012702,0,0.002618,0.064772,0.009106,0.122112,0.046163,0,0,0.027119,0.038837,0,0.241922,0.000967,0,0,0,0.003823,0.021301,0,0,0.408558
"13R0757",0.022157,0,0.002666,0.04058,0.039822,0.100695,0.034777,0,0,0,0.0781,0,0.360766,0,0,0,0,0.003819,0.023693,0,0,0.292926
"13R0781",0.029598,0,0,0.058369,0.100491,0.11784,0.042191,0,0,0,0.07761,0,0.245622,0,0,0,0.003277,0.006747,0.024096,0,0,0.294158
"13R0783",0.003956,0,0.002631,0.071579,0.050295,0.093475,0.074032,0,0,0.012239,0.068122,0,0.207552,0.009047,0,0,0,0.002502,0.028433,0,0,0.376136
"13R0793",0.014602,0,0,0.041142,0.15479,0.095565,0.047595,0,0,0,0.076782,0,0.238209,0.001232,0,0,0,0.001062,0.029792,0,0,0.29923
"13R0803",0.013769,0,0,0.049219,0.066984,0.098406,0.046377,0,0,0,0.102202,0,0.259197,0,0,0,0,0.003814,0.025277,0,0,0.334755
"13R0805",0.004089,0,0.002239,0.11915,0.001348,0.08774,0.058201,0,0,0.002374,0.086928,0,0.256805,0.000754,0,0,0,0.003289,0.028207,0,0,0.348875
"13R0806",0.010336,0,0.007153,0.015402,0.048327,0.053663,0.052727,0,0,0.014908,0.047788,0,0.283979,0,0,0,0,0.004118,0.022247,0,0,0.43935
"13R0807",0.001853,0,0.0014,0.03787,0.049661,0.107848,0.045296,0,0,0.021273,0.0708,0,0.330986,0.008944,0,0,0,0.002856,0.015957,0,0,0.305257
"13R0820",0.018727,0,0.000674,0.035442,0.074455,0.09163,0.04786,0,0,0.000219,0.0635,0,0.260607,0.010898,0,0,0,0.001957,0.023128,0,0,0.370902
"13R0821",0,0,0.002866,0.023072,0.05875,0.133184,0.030091,0,0,0.023544,0.044526,0,0.278572,0,0,0,0,0.003904,0.017837,0,0,0.383655
"13R0825",0,0,0.002591,0.042878,0.01438,0.086492,0.075036,0,0,0.022747,0.084657,0,0.295725,0.005644,0,0,0,0.001363,0.026281,0,0,0.342206
"13R0828",0,0,0.006766,0.00368,0.016778,0.116522,0.052663,0,0,0.030707,0.067617,0,0.282952,0.00302,0,0,0.000454,0.006747,0.026664,0,0,0.385429
"13R0840",0.006644,0,0.001096,0.036469,0.053555,0.086937,0.042226,0,0,0,0.105162,0,0.2587,0.00608,0,0,0,0.001611,0.034965,0,0,0.366556
"13R0855",0.010643,0,7e-04,0,0.054503,0.069564,0.062487,0,0,0.011976,0.04789,0,0.274358,0,0,0,0,0.001886,0.038512,0,0,0.427481
"13R0889",0.010534,0,0.000148,0,0.065013,0.11522,0.040327,0,0,0,0.102197,0,0.28439,0,0,0,0,0.001016,0.028594,0,0,0.352561
"13R0898",0.012702,0,0.000757,0.039295,0.030566,0.111809,0.055689,0,0,0,0.068293,0,0.291266,0.00579,0,0,0,0.003106,0.026143,0,0,0.354587
"13R0901",0.012318,0,0,0.036117,0.048311,0.098154,0.067668,0,0,0.016046,0.13086,0,0.315101,0,0,0,0.000164,0.001769,0.030666,0,0.002525,0.240301
"13R0903",0.014903,0,4.3e-05,0.017379,0.098111,0.143542,0.04185,0,0,0,0.090275,0,0.297375,0,0,0,0,0,0.019655,0,0.018197,0.258669
"13R0938",0.00734,0,0.002916,0.002161,0.023645,0.120258,0.061185,0,0,0.018013,0.081088,0,0.332406,0,0,0,0,0.001471,0.03561,0,0,0.313906
"13R0950",0.003919,0,0.001353,0.009664,0.046184,0.195116,0.091237,0,0,0.060879,0.128594,0,0.204051,0,0,0,0,0.002737,0.009532,0,0.011324,0.235412
"13R0952",0.001763,0,0.002073,0.026135,0,0.12646,0.076402,0,0,0.027755,0.104397,0,0.343836,0.00306,0,0,0,0.002489,0.005967,0,0.021328,0.258335
"13R0959",0,0,0.001654,0.046329,0.089867,0.096543,0.05724,0,0,0.008536,0.051306,0,0.265783,0.003094,0,0,0,0.003744,0.028261,0,0,0.347642
"13R0967",0.018611,0,0,0.042497,0.011929,0.122023,0.083137,0,0,0,0.123186,0,0.255716,0,0,0,0,0.002795,0.028027,0,0,0.31208
"13R0972",0.028879,0,0.001337,0.054106,0.040345,0.114756,0.052426,0,0,0.009092,0.086304,0,0.305023,0.000473,0,0,0,0.002619,0.031227,0,0.003463,0.26995
"13R1012",0.003377,0,0.003594,0.03849,0.061939,0.088568,0.063654,0,0,0.030355,0.082017,0,0.270418,0,0,0,0,0.002085,0.012688,0,0,0.342816
"13R1018",0.010209,0,0.001236,0.000595,0.051497,0.107204,0.071018,0,0,0,0.116637,0,0.294669,0,0,0,0,0.002784,0.040916,0,0,0.303236
"13R1028",0.021534,0,0.000918,0.015596,0.055365,0.128067,0.052026,0,0,0.001659,0.083547,0,0.321487,0.001227,0,0,0.000227,5.8e-05,0.034083,0,0.002956,0.281249
"13R1050",0.004808,0,0.001793,0.007923,0.050442,0.109612,0.041446,0,0,0.030373,0.056001,0,0.275453,0.002778,0,0,0,0.003243,0.018302,0,0,0.397826
"13R1051",0.007538,0,0.004153,0.033409,0.032822,0.113488,0.061953,0,0,0.03316,0.086638,0,0.270288,0,0,0,0,0.001705,0.016213,0,0,0.338633
"13R1054",0.004263,0,0.005656,0.002659,0.070147,0.141519,0.037946,0,0,0.032125,0.034992,0,0.274195,0,0,0,0.005783,0.00876,0.025955,0,0,0.356001
"13R1191",0.011106,0,0.00081,0.061975,0.017581,0.142229,0.053221,0,0,0.073474,0.094131,0,0.267178,0,0,0,0,0.001312,0.016859,0,0.000794,0.25933
"13R1193",0.006718,0,0.003696,0.06307,0.040082,0.153649,0.049742,0,0,0.060545,0.009433,0,0.277583,0,0,0,0,0.001965,0.02499,0,0,0.308528
"13R1199",0.016887,0,0.003396,0.034513,0.051442,0.132037,0.053049,0,0,0,0.059346,0,0.211888,0,0,0,0.003037,0.001986,0.034497,0,0,0.397922
"13R1200",0.014793,0,0.001549,0.020898,0.037324,0.122599,0.070429,0,0,0,0.081685,0,0.210895,0.001838,0,0,0,0.001875,0.023295,0,0,0.412822
"13R1484",0.014436,0,0,0.000208,0.032518,0.093783,0.04852,0,0,0.022622,0.069361,0,0.296923,0,0,0,0,0.008919,0.033414,0,0,0.379296
"13R1493",0.010022,0,0.000575,0.011483,0.012377,0.144604,0.040254,0,0,0.02045,0.101223,0,0.315761,0.000993,0,0,0,0.001854,0.013119,0,0.002108,0.325177
