"draw","n_deg"
1,1744
2,1434
3,823
4,369
5,652
6,1749
7,611
8,867
9,1690
10,836
11,2487
12,1413
13,1234
14,586
15,1564
16,825
17,2894
18,282
19,1401
20,513
21,251
22,1084
23,670
24,995
25,851
26,1309
27,1134
28,1614
29,1725
30,1412
31,1266
32,795
33,1178
34,1655
35,1146
36,1946
37,897
38,950
39,574
40,1767
41,2145
42,1470
43,1210
44,1435
45,958
46,1377
47,715
48,727
49,906
50,896
51,854
52,2031
53,1186
54,1204
55,1652
56,378
57,515
58,779
59,1506
60,1685
61,1141
62,531
63,666
64,1361
65,1688
66,1000
67,328
68,963
69,1428
70,516
71,664
72,1573
73,2614
74,1443
75,1842
76,1021
77,1529
78,1249
79,963
80,1143
81,987
82,660
83,1802
84,1273
85,524
86,856
87,2318
88,575
89,305
90,1609
91,856
92,469
93,785
94,1001
95,627
96,419
97,1094
98,837
99,746
100,847
