"fid","rule","n_genes","is_baseline","analysis","contrast","adjust","pi0","min_p","BH_05","BH_10","BY_05","storey_05","holm_05","pct_BH_05"
"c50_p100",">50 in >=100%",2087,FALSE,"LI_raw","LI","raw",0.4248,1.99e-13,608,836,147,886,55,29.133
"c50_p100",">50 in >=100%",2087,FALSE,"LI_ilr","LI","ilr",0.5909,1.17e-14,129,199,69,190,46,6.181
"c50_p100",">50 in >=100%",2087,FALSE,"BPD_raw","BPD","raw",0.6449,1.75e-05,1,4,0,2,1,0.048
"c50_p100",">50 in >=100%",2087,FALSE,"BPD_ilr","BPD","ilr",0.7697,0.000103,0,0,0,0,0,0
"c20_p100",">20 in >=100%",4469,FALSE,"LI_raw","LI","raw",0.3729,1.78e-20,1080,1624,266,1854,98,24.166
"c20_p100",">20 in >=100%",4469,FALSE,"LI_ilr","LI","ilr",0.6853,2.48e-21,225,345,103,282,67,5.035
"c20_p100",">20 in >=100%",4469,FALSE,"BPD_raw","BPD","raw",0.6053,1.41e-05,0,1,0,1,0,0
"c20_p100",">20 in >=100%",4469,FALSE,"BPD_ilr","BPD","ilr",0.8306,8.98e-05,0,0,0,0,0,0
"c50_p99",">50 in >=99%",5068,FALSE,"LI_raw","LI","raw",0.3601,2.06e-20,1195,1832,275,2145,100,23.579
"c50_p99",">50 in >=99%",5068,FALSE,"LI_ilr","LI","ilr",0.5888,1.55e-21,226,381,112,311,69,4.459
"c50_p99",">50 in >=99%",5068,FALSE,"BPD_raw","BPD","raw",0.6148,5.33e-06,1,1,0,1,1,0.02
"c50_p99",">50 in >=99%",5068,FALSE,"BPD_ilr","BPD","ilr",0.7756,2.89e-05,0,0,0,0,0,0
"c10_p100",">10 in >=100%",6560,FALSE,"LI_raw","LI","raw",0.3883,3.2e-20,1262,2064,277,2408,106,19.238
"c10_p100",">10 in >=100%",6560,FALSE,"LI_ilr","LI","ilr",0.6341,1.17e-21,243,420,120,347,75,3.704
"c10_p100",">10 in >=100%",6560,FALSE,"BPD_raw","BPD","raw",0.6517,1.1e-05,0,3,0,3,0,0
"c10_p100",">10 in >=100%",6560,FALSE,"BPD_ilr","BPD","ilr",0.7987,4.32e-06,1,1,0,1,1,0.015
"c20_p99",">20 in >=99%",7901,FALSE,"LI_raw","LI","raw",0.4627,4.81e-20,1236,2037,315,2115,119,15.644
"c20_p99",">20 in >=99%",7901,FALSE,"LI_ilr","LI","ilr",0.7199,6.29e-22,283,431,125,338,81,3.582
"c20_p99",">20 in >=99%",7901,FALSE,"BPD_raw","BPD","raw",0.6432,9.79e-06,0,3,0,3,0,0
"c20_p99",">20 in >=99%",7901,FALSE,"BPD_ilr","BPD","ilr",0.802,5.28e-06,1,1,0,1,1,0.013
"c50_p90",">50 in >=90%",8267,FALSE,"LI_raw","LI","raw",0.3976,4.31e-20,1382,2312,284,2715,112,16.717
"c50_p90",">50 in >=90%",8267,FALSE,"LI_ilr","LI","ilr",0.6565,7.44e-22,271,443,132,356,84,3.278
"c50_p90",">50 in >=90%",8267,FALSE,"BPD_raw","BPD","raw",0.651,1.24e-05,0,4,0,3,0,0
"c50_p90",">50 in >=90%",8267,FALSE,"BPD_ilr","BPD","ilr",0.81,1.68e-05,0,0,0,0,0,0
"c5_p100",">5 in >=100%",8347,FALSE,"LI_raw","LI","raw",0.484,4.78e-20,1217,2051,290,2086,117,14.58
"c5_p100",">5 in >=100%",8347,FALSE,"LI_ilr","LI","ilr",0.7123,4.81e-22,285,448,131,339,83,3.414
"c5_p100",">5 in >=100%",8347,FALSE,"BPD_raw","BPD","raw",0.6495,1.2e-05,0,2,0,0,0,0
"c5_p100",">5 in >=100%",8347,FALSE,"BPD_ilr","BPD","ilr",0.8144,1.45e-05,0,0,0,0,0,0
"c50_p75",">50 in >=75%",9272,FALSE,"LI_raw","LI","raw",0.467,5.27e-20,1248,2147,295,2238,122,13.46
"c50_p75",">50 in >=75%",9272,FALSE,"LI_ilr","LI","ilr",0.7072,3.66e-22,304,454,131,357,89,3.279
"c50_p75",">50 in >=75%",9272,FALSE,"BPD_raw","BPD","raw",0.6418,2.93e-06,7,8,0,8,1,0.075
"c50_p75",">50 in >=75%",9272,FALSE,"BPD_ilr","BPD","ilr",0.778,7.18e-06,3,4,0,3,0,0.032
"c10_p99",">10 in >=99%",9708,FALSE,"LI_raw","LI","raw",0.4927,7.57e-20,1286,2226,286,2245,123,13.247
"c10_p99",">10 in >=99%",9708,FALSE,"LI_ilr","LI","ilr",0.7248,6.3e-22,319,466,137,353,87,3.286
"c10_p99",">10 in >=99%",9708,FALSE,"BPD_raw","BPD","raw",0.6617,5.2e-06,5,7,0,6,0,0.052
"c10_p99",">10 in >=99%",9708,FALSE,"BPD_ilr","BPD","ilr",0.8442,1.45e-05,0,4,0,3,0,0
"c50_p50",">50 in >=50%",10209,FALSE,"LI_raw","LI","raw",0.4848,6.53e-20,1322,2267,287,2317,123,12.949
"c50_p50",">50 in >=50%",10209,FALSE,"LI_ilr","LI","ilr",0.7254,4.57e-22,316,480,139,375,89,3.095
"c50_p50",">50 in >=50%",10209,FALSE,"BPD_raw","BPD","raw",0.6438,5e-06,7,8,0,8,0,0.069
"c50_p50",">50 in >=50%",10209,FALSE,"BPD_ilr","BPD","ilr",0.8357,1.27e-05,3,6,0,3,0,0.029
"c20_p90",">20 in >=90%",10742,FALSE,"LI_raw","LI","raw",0.4797,6.4e-20,1329,2317,292,2370,127,12.372
"c20_p90",">20 in >=90%",10742,FALSE,"LI_ilr","LI","ilr",0.739,4.31e-22,321,492,143,373,91,2.988
"c20_p90",">20 in >=90%",10742,FALSE,"BPD_raw","BPD","raw",0.6604,4.47e-06,7,8,0,8,1,0.065
"c20_p90",">20 in >=90%",10742,FALSE,"BPD_ilr","BPD","ilr",0.8505,1.19e-05,3,3,0,3,0,0.028
"c1_p100",">1 in >=100%",11049,FALSE,"LI_raw","LI","raw",0.4614,5.28e-20,1440,2459,305,2645,125,13.033
"c1_p100",">1 in >=100%",11049,FALSE,"LI_ilr","LI","ilr",0.7095,5.13e-22,332,529,140,401,91,3.005
"c1_p100",">1 in >=100%",11049,FALSE,"BPD_raw","BPD","raw",0.6469,5.26e-06,5,8,0,8,0,0.045
"c1_p100",">1 in >=100%",11049,FALSE,"BPD_ilr","BPD","ilr",0.8439,1.54e-05,0,3,0,0,0,0
"c5_p99",">5 in >=99%",11215,FALSE,"LI_raw","LI","raw",0.4836,4.53e-20,1379,2387,302,2446,128,12.296
"c5_p99",">5 in >=99%",11215,FALSE,"LI_ilr","LI","ilr",0.7417,3.39e-22,337,514,147,404,91,3.005
"c5_p99",">5 in >=99%",11215,FALSE,"BPD_raw","BPD","raw",0.6376,5.04e-06,5,8,0,8,0,0.045
"c5_p99",">5 in >=99%",11215,FALSE,"BPD_ilr","BPD","ilr",0.8469,1.34e-05,0,3,0,0,0,0
"c20_p75",">20 in >=75%",11696,FALSE,"LI_raw","LI","raw",0.4644,5.32e-20,1438,2561,299,2721,123,12.295
"c20_p75",">20 in >=75%",11696,FALSE,"LI_ilr","LI","ilr",0.6961,5.09e-22,331,531,141,412,89,2.83
"c20_p75",">20 in >=75%",11696,FALSE,"BPD_raw","BPD","raw",0.6527,4.08e-06,9,11,0,10,1,0.077
"c20_p75",">20 in >=75%",11696,FALSE,"BPD_ilr","BPD","ilr",0.817,1.13e-05,3,3,0,3,0,0.026
"c10_p90",">10 in >=90%",12368,TRUE,"LI_raw","LI","raw",0.4871,5.65e-20,1426,2513,303,2568,125,11.53
"c10_p90",">10 in >=90%",12368,TRUE,"LI_ilr","LI","ilr",0.7344,5.04e-22,341,537,146,409,90,2.757
"c10_p90",">10 in >=90%",12368,TRUE,"BPD_raw","BPD","raw",0.6435,6.51e-06,4,9,0,5,0,0.032
"c10_p90",">10 in >=90%",12368,TRUE,"BPD_ilr","BPD","ilr",0.8636,1.55e-05,0,0,0,0,0,0
"c0_p100",">0 in >=100%",12483,FALSE,"LI_raw","LI","raw",0.5,4.77e-20,1393,2462,305,2462,127,11.159
"c0_p100",">0 in >=100%",12483,FALSE,"LI_ilr","LI","ilr",0.7386,3.34e-22,362,561,151,415,92,2.9
"c0_p100",">0 in >=100%",12483,FALSE,"BPD_raw","BPD","raw",0.6525,3.79e-06,5,8,0,8,1,0.04
"c0_p100",">0 in >=100%",12483,FALSE,"BPD_ilr","BPD","ilr",0.8686,1.11e-05,0,3,0,3,0,0
"c20_p50",">20 in >=50%",12678,FALSE,"LI_raw","LI","raw",0.4914,5.67e-20,1450,2521,314,2586,126,11.437
"c20_p50",">20 in >=50%",12678,FALSE,"LI_ilr","LI","ilr",0.7214,4.71e-22,356,559,151,434,94,2.808
"c20_p50",">20 in >=50%",12678,FALSE,"BPD_raw","BPD","raw",0.6593,3.97e-06,10,11,0,10,0,0.079
"c20_p50",">20 in >=50%",12678,FALSE,"BPD_ilr","BPD","ilr",0.8375,1.09e-05,0,3,0,3,0,0
"c10_p75",">10 in >=75%",13336,FALSE,"LI_raw","LI","raw",0.516,5.14e-20,1400,2509,309,2453,126,10.498
"c10_p75",">10 in >=75%",13336,FALSE,"LI_ilr","LI","ilr",0.7332,3.36e-22,361,542,151,422,93,2.707
"c10_p75",">10 in >=75%",13336,FALSE,"BPD_raw","BPD","raw",0.6487,6.66e-06,0,11,0,10,0,0
"c10_p75",">10 in >=75%",13336,FALSE,"BPD_ilr","BPD","ilr",0.8526,1.56e-05,0,0,0,0,0,0
"c1_p99",">1 in >=99%",13636,FALSE,"LI_raw","LI","raw",0.5085,4.96e-20,1410,2505,311,2472,129,10.34
"c1_p99",">1 in >=99%",13636,FALSE,"LI_ilr","LI","ilr",0.7341,3.2e-22,369,553,157,427,96,2.706
"c1_p99",">1 in >=99%",13636,FALSE,"BPD_raw","BPD","raw",0.6559,3.19e-06,9,9,0,9,1,0.066
"c1_p99",">1 in >=99%",13636,FALSE,"BPD_ilr","BPD","ilr",0.8511,9.76e-06,3,3,0,3,0,0.022
"c5_p90",">5 in >=90%",13812,FALSE,"LI_raw","LI","raw",0.5387,6.03e-20,1369,2426,322,2310,132,9.912
"c5_p90",">5 in >=90%",13812,FALSE,"LI_ilr","LI","ilr",0.7594,3.29e-22,368,552,156,427,98,2.664
"c5_p90",">5 in >=90%",13812,FALSE,"BPD_raw","BPD","raw",0.6587,3e-06,10,11,0,10,1,0.072
"c5_p90",">5 in >=90%",13812,FALSE,"BPD_ilr","BPD","ilr",0.8319,8.64e-06,3,3,0,3,0,0.022
"edgeR_fbe","edgeR filterByExpr",13925,FALSE,"LI_raw","LI","raw",0.504,5.65e-20,1452,2559,313,2549,128,10.427
"edgeR_fbe","edgeR filterByExpr",13925,FALSE,"LI_ilr","LI","ilr",0.7232,4.46e-22,363,566,151,437,94,2.607
"edgeR_fbe","edgeR filterByExpr",13925,FALSE,"BPD_raw","BPD","raw",0.6448,3.86e-06,4,11,0,10,0,0.029
"edgeR_fbe","edgeR filterByExpr",13925,FALSE,"BPD_ilr","BPD","ilr",0.8619,1.21e-05,0,3,0,0,0,0
"c10_p50",">10 in >=50%",14522,FALSE,"LI_raw","LI","raw",0.5113,5.84e-20,1453,2551,322,2520,130,10.006
"c10_p50",">10 in >=50%",14522,FALSE,"LI_ilr","LI","ilr",0.7231,4.62e-22,373,580,156,463,93,2.569
"c10_p50",">10 in >=50%",14522,FALSE,"BPD_raw","BPD","raw",0.6574,5.25e-06,0,11,0,10,0,0
"c10_p50",">10 in >=50%",14522,FALSE,"BPD_ilr","BPD","ilr",0.8647,1.36e-05,0,0,0,0,0,0
"c5_p75",">5 in >=75%",15053,FALSE,"LI_raw","LI","raw",0.5337,4.18e-20,1395,2478,326,2352,130,9.267
"c5_p75",">5 in >=75%",15053,FALSE,"LI_ilr","LI","ilr",0.76,3.08e-22,384,563,160,434,96,2.551
"c5_p75",">5 in >=75%",15053,FALSE,"BPD_raw","BPD","raw",0.6574,5.73e-06,0,12,0,10,0,0
"c5_p75",">5 in >=75%",15053,FALSE,"BPD_ilr","BPD","ilr",0.8732,1.62e-05,0,0,0,0,0,0
"c0_p99",">0 in >=99%",15057,FALSE,"LI_raw","LI","raw",0.5191,6.08e-20,1402,2539,304,2448,128,9.311
"c0_p99",">0 in >=99%",15057,FALSE,"LI_ilr","LI","ilr",0.7149,4.22e-22,357,562,156,448,92,2.371
"c0_p99",">0 in >=99%",15057,FALSE,"BPD_raw","BPD","raw",0.6643,2.83e-06,11,12,0,11,1,0.073
"c0_p99",">0 in >=99%",15057,FALSE,"BPD_ilr","BPD","ilr",0.8408,8.52e-06,3,3,0,3,0,0.02
"c5_p50",">5 in >=50%",16563,FALSE,"LI_raw","LI","raw",0.5106,8.72e-20,1402,2571,299,2523,125,8.465
"c5_p50",">5 in >=50%",16563,FALSE,"LI_ilr","LI","ilr",0.7348,7.63e-22,379,593,155,459,85,2.288
"c5_p50",">5 in >=50%",16563,FALSE,"BPD_raw","BPD","raw",0.6614,2.91e-06,11,11,0,11,1,0.066
"c5_p50",">5 in >=50%",16563,FALSE,"BPD_ilr","BPD","ilr",0.8552,8.45e-06,0,3,0,0,0,0
"c1_p90",">1 in >=90%",16771,FALSE,"LI_raw","LI","raw",0.5682,7.57e-20,1293,2359,298,2081,125,7.71
"c1_p90",">1 in >=90%",16771,FALSE,"LI_ilr","LI","ilr",0.7373,4.46e-22,365,551,153,441,89,2.176
"c1_p90",">1 in >=90%",16771,FALSE,"BPD_raw","BPD","raw",0.659,2.67e-06,11,11,0,11,1,0.066
"c1_p90",">1 in >=90%",16771,FALSE,"BPD_ilr","BPD","ilr",0.861,7.41e-06,0,3,0,0,0,0
"c1_p75",">1 in >=75%",18572,FALSE,"LI_raw","LI","raw",0.61,5.24e-20,1298,2306,310,1966,133,6.989
"c1_p75",">1 in >=75%",18572,FALSE,"LI_ilr","LI","ilr",0.7795,2.67e-22,364,561,159,427,95,1.96
"c1_p75",">1 in >=75%",18572,FALSE,"BPD_raw","BPD","raw",0.7089,6.45e-06,0,7,0,0,0,0
"c1_p75",">1 in >=75%",18572,FALSE,"BPD_ilr","BPD","ilr",0.8663,1.53e-05,0,0,0,0,0,0
"c0_p90",">0 in >=90%",18645,FALSE,"LI_raw","LI","raw",0.5981,6.56e-20,1307,2388,303,2038,128,7.01
"c0_p90",">0 in >=90%",18645,FALSE,"LI_ilr","LI","ilr",0.7684,5.39e-22,367,561,162,424,93,1.968
"c0_p90",">0 in >=90%",18645,FALSE,"BPD_raw","BPD","raw",0.6773,2.57e-06,4,11,0,11,1,0.021
"c0_p90",">0 in >=90%",18645,FALSE,"BPD_ilr","BPD","ilr",0.8688,7.35e-06,0,0,0,0,0,0
"c1_p50",">1 in >=50%",20855,FALSE,"LI_raw","LI","raw",0.6212,5.81e-20,1261,2355,290,1942,125,6.047
"c1_p50",">1 in >=50%",20855,FALSE,"LI_ilr","LI","ilr",0.7708,4.11e-22,359,551,152,416,85,1.721
"c1_p50",">1 in >=50%",20855,FALSE,"BPD_raw","BPD","raw",0.7192,4.15e-06,0,11,0,4,0,0
"c1_p50",">1 in >=50%",20855,FALSE,"BPD_ilr","BPD","ilr",0.8924,9.3e-06,0,0,0,0,0,0
"c0_p75",">0 in >=75%",20885,FALSE,"LI_raw","LI","raw",0.6003,1.18e-19,1283,2454,263,2097,115,6.143
"c0_p75",">0 in >=75%",20885,FALSE,"LI_ilr","LI","ilr",0.7815,1.03e-21,348,564,148,398,78,1.666
"c0_p75",">0 in >=75%",20885,FALSE,"BPD_raw","BPD","raw",0.7191,2.94e-06,0,11,0,11,0,0
"c0_p75",">0 in >=75%",20885,FALSE,"BPD_ilr","BPD","ilr",0.8973,7.61e-06,0,0,0,0,0,0
"c0_p50",">0 in >=50%",24084,FALSE,"LI_raw","LI","raw",0.676,3.72e-20,1130,2079,267,1514,123,4.692
"c0_p50",">0 in >=50%",24084,FALSE,"LI_ilr","LI","ilr",0.8211,3.32e-22,328,509,142,369,83,1.362
"c0_p50",">0 in >=50%",24084,FALSE,"BPD_raw","BPD","raw",0.7701,6.17e-06,0,0,0,0,0,0
"c0_p50",">0 in >=50%",24084,FALSE,"BPD_ilr","BPD","ilr",0.8844,1.37e-05,0,0,0,0,0,0
