"logFC","AveExpr","t","P.Value","adj.P.Val","B","gene"
0.855061127696675,5.88457698274738,12.7165176156323,4.46333375530297e-31,5.52025118855871e-27,59.4713050116052,"ENSG00000134198"
0.800782821906833,3.8547022303611,11.6623423363472,4.76839258324097e-27,2.94877397347621e-23,50.1925383598342,"ENSG00000087903"
0.427538564582384,3.55844536739402,10.3884231774425,2.11947744110375e-22,8.7378989971904e-19,39.8100541762354,"ENSG00000118690"
0.628331936901741,4.265765223681,10.3414929787421,3.10561255459524e-22,9.50630239917869e-19,39.5856920921197,"ENSG00000241163"
0.429157004696991,3.72660822878136,10.3152693941739,3.84310413938337e-22,9.50630239917869e-19,39.2774770721552,"ENSG00000096093"
0.546628373642712,6.20953397706433,10.0739580118,2.69242876149159e-21,5.54999315368799e-18,37.5629163787414,"ENSG00000069943"
0.532250212598229,5.95021222989115,9.41609078271325,4.75183043596236e-19,8.39580554742607e-16,32.5409488364622,"ENSG00000064763"
0.610703936486149,4.78582453813739,9.394086716984,5.62945610140076e-19,8.70313913276558e-16,32.3587766064588,"ENSG00000267519"
0.757480672879122,2.61605810149809,9.09614038812436,5.45532607624502e-18,7.49683032344427e-15,29.7366526415991,"ENSG00000213085"
0.323606721618646,6.22311292306307,8.87850325978525,2.78530557013496e-17,3.44486592914292e-14,28.5854671641278,"ENSG00000150054"
0.673930275657652,5.91633820258836,8.84716345896618,3.51516365538124e-17,3.95232218997774e-14,28.360993824724,"ENSG00000179820"
0.327064744939338,3.63273546758038,8.81357986024887,4.50820427566502e-17,4.64645587345209e-14,28.0121216016556,"ENSG00000187049"
0.415071721591093,5.09505694052808,8.79203886938669,5.2865978222479e-17,5.02958783581246e-14,27.9630485670439,"ENSG00000162769"
0.31076315948807,5.69622755103515,8.58896422662184,2.34400442034311e-16,2.07076047648597e-13,26.5221450507494,"ENSG00000139668"
0.476437372186449,2.26913833019433,8.26863321190722,2.34485795310043e-15,1.93341354426308e-12,23.8878801880274,"ENSG00000114670"
0.469937420063258,2.93658949397254,8.11904245686791,6.73773355796309e-15,5.20826804030547e-12,23.0775133202505,"ENSG00000180758"
0.512639439973085,7.31844652909186,8.10161526713253,7.61290794907453e-15,5.50312907048655e-12,23.1340206815742,"ENSG00000136867"
0.87202660951084,2.29120527788428,8.09436834361921,8.00908176493838e-15,5.50312907048655e-12,22.7448955173998,"ENSG00000176834"
1.0025377712436,5.91892986051751,8.00687390525288,1.47410668672218e-14,9.3229657038651e-12,22.5058045917475,"ENSG00000106714"
0.39715896941339,4.10623747543011,8.00363985569408,1.50759471278543e-14,9.3229657038651e-12,22.4643773602734,"ENSG00000243660"
0.598817690840114,1.41770629978826,7.89528620017848,3.18846697874582e-14,1.8778552187204e-11,21.1185202722219,"ENSG00000216316"
0.454211018809763,6.34863669157409,7.81159525127577,5.65914403833936e-14,3.18146788482642e-11,21.2035255163969,"ENSG00000007237"
0.532649439665437,6.24025661244601,7.79680628159531,6.26023397425138e-14,3.36637277363222e-11,21.1059389736418,"ENSG00000165801"
0.657748268757646,2.01992295988913,7.77406767779314,7.30943360989873e-14,3.76679478696781e-11,20.5988861018022,"ENSG00000188596"
0.445291027597468,4.81187450644421,7.76764990248198,7.63575507983677e-14,3.77756075309684e-11,20.9131120300769,"ENSG00000253676"
0.40149574179057,3.7831520957427,7.66992029062625,1.48030884694858e-13,7.04171531502311e-11,20.2547640908739,"ENSG00000114346"
0.568590359382965,1.74131010098191,7.24805416617532,2.40869880536819e-12,1.10336247499236e-09,17.1912813496878,"ENSG00000188026"
-0.81324205510717,3.92059190674702,-7.21810471126503,2.92360899260542e-12,1.29139985787657e-09,17.3873968617273,"ENSG00000169429"
0.243572813440549,6.45969986605305,7.1991235796023,3.30455170974395e-12,1.40933432917632e-09,17.2725514147029,"ENSG00000151694"
0.45643861570585,8.36420347357485,7.17107517892122,3.95849971136509e-12,1.61860417782276e-09,17.0931412062617,"ENSG00000155744"
0.412910520282162,8.62471832241393,7.16586101390757,4.09339825484861e-12,1.61860417782276e-09,17.0567825606768,"ENSG00000158710"
0.270314967201023,5.35461713816131,7.16230991744422,4.18785039540172e-12,1.61860417782276e-09,17.0422750345717,"ENSG00000229124"
0.380148832171545,6.32042640410193,7.09761074059697,6.33679634919765e-12,2.37495446202656e-09,16.6430720413255,"ENSG00000183049"
0.304464309518056,4.70575730466434,6.95691531943763,1.54495582644577e-11,5.62000401808272e-09,15.788658165757,"ENSG00000047578"
0.369941560310072,6.62243198452223,6.9397150396237,1.72124641298288e-11,6.08239303879207e-09,15.6827601223981,"ENSG00000010404"
0.373973065961929,5.45769637095767,6.90347505372798,2.15990855385123e-11,7.42048583167556e-09,15.4578891663864,"ENSG00000181826"
0.18418056909104,5.39948103686008,6.80804715232971,3.91042766083276e-11,1.30713971105891e-08,14.8855750788664,"ENSG00000150712"
0.315186232430904,5.34121853874345,6.74447831725147,5.78722112372279e-11,1.82919372989413e-08,14.507825062688,"ENSG00000156313"
0.37323543221128,3.0295384007475,6.74289828762914,5.84368049013243e-11,1.82919372989413e-08,14.4727419482419,"ENSG00000197182"
0.586368487026521,4.80783830890889,6.74089914412347,5.91589175256834e-11,1.82919372989413e-08,14.4926024431257,"ENSG00000111837"
0.212319660357297,6.12569529052561,6.73390773450263,6.17538691669678e-11,1.83207808291871e-08,14.4462477086268,"ENSG00000165609"
0.488577057905105,2.93695055428762,6.73269608983566,6.22148120007972e-11,1.83207808291871e-08,14.4095630741486,"ENSG00000264508"
0.239044479687723,8.77632594784811,6.68800056184055,8.17948063002028e-11,2.35264689376956e-08,14.1914281007845,"ENSG00000124831"
0.280089416443382,5.04704172694285,6.65213430945255,1.0177826082875e-10,2.8608943862045e-08,13.9670860346197,"ENSG00000179833"
0.382285495413356,2.206365779754,6.63643381856514,1.11967002151452e-10,3.07735085024257e-08,13.7712410712654,"ENSG00000230068"
0.635239488944179,1.98234780054516,6.60439132376268,1.35964343888387e-10,3.65566740263384e-08,13.5432589095631,"ENSG00000137094"
0.292062412278454,4.80197702169149,6.5226465637708,2.22424390895044e-10,5.85307418423384e-08,13.2208884255872,"ENSG00000149532"
0.371583669156116,6.0421785920839,6.48893361372839,2.72116007904301e-10,7.01152247033417e-08,13.0183515395159,"ENSG00000120696"
0.37003464196798,6.05260386686255,6.46463152606593,3.14533836311138e-10,7.93909079080848e-08,12.8773701136937,"ENSG00000143409"
0.200171816535058,4.83546335549129,6.44132714442022,3.61268180390761e-10,8.93632971014587e-08,12.7520667675681,"ENSG00000077514"
0.23900000237932,4.70025559096612,6.42264620851672,4.03586973734675e-10,9.78737978656953e-08,12.6488431371846,"ENSG00000213066"
0.390087436916979,3.09276727861177,6.34359958680048,6.43164316785087e-10,1.52974159038422e-07,12.2184446232381,"ENSG00000183690"
0.378239285626194,4.90087175685151,6.33403060888587,6.80286648387419e-10,1.58750665419917e-07,12.1449886583691,"ENSG00000104973"
0.374583497745068,2.01161503630794,6.30946437132906,7.85466888396689e-10,1.79901008809079e-07,11.9267257427542,"ENSG00000224451"
0.384728085680696,3.46579771357477,6.25332640187839,1.08919924986189e-09,2.44931205859852e-07,11.7236274888802,"ENSG00000104450"
0.299109450282239,4.69584702721808,6.21134723280584,1.38880533745222e-09,3.06727578814446e-07,11.4659511298786,"ENSG00000121413"
0.328277210314107,5.91432871305512,6.1660979933709,1.80212115347167e-09,3.91028674142766e-07,11.1980834320839,"ENSG00000204054"
0.209302751251141,6.4268848282533,6.14253567757583,2.06275469822265e-09,4.35797312417793e-07,11.076068899204,"ENSG00000163659"
0.272703270287777,7.54802835184098,6.13912475669017,2.10341747229609e-09,4.35797312417793e-07,11.0779740090727,"ENSG00000185905"
0.413721579857863,5.90887872525648,6.13823502463501,2.1141525505391e-09,4.35797312417793e-07,11.0452231266526,"ENSG00000136026"
0.26925438468799,4.02372844211892,6.13424401120511,2.16296912827956e-09,4.38550855386255e-07,11.0634531233743,"ENSG00000169231"
0.333791545524827,8.75867155414607,6.11954392810396,2.35246725169600e-09,4.69279273693162e-07,10.9912162370424,"ENSG00000104093"
0.378279202986465,3.50593365704883,6.04237028318127,3.6466400414841e-09,7.15899111636117e-07,10.5757064604687,"ENSG00000264584"
0.465509647051929,3.0630400934313,6.03378335629087,3.82788702145602e-09,7.39739166896376e-07,10.524513260038,"ENSG00000203804"
0.4644286987744,3.37547774504252,6.02570838438002,4.0063432163921e-09,7.62314660005192e-07,10.4866002818828,"ENSG00000247400"
0.306441562466248,3.40595635697068,6.02060730214773,4.12323978033001e-09,7.72670145501842e-07,10.459794570927,"ENSG00000010361"
0.35600654912028,7.36910431330815,6.00697206822052,4.45230926401926e-09,8.21882999662541e-07,10.3607809208484,"ENSG00000111885"
0.221814435552327,7.42176685878239,5.97867892624518,5.21906159481885e-09,9.49255203010582e-07,10.2055069624264,"ENSG00000114316"
0.386821690052526,1.87257517378076,5.958929126367,5.82924188340421e-09,1.0448704871586e-06,10.0335251035955,"ENSG00000225471"
-0.21583342318513,6.73049310498283,-5.94049881218792,6.46118139862853e-09,1.14159845054625e-06,9.98828488748322,"ENSG00000134602"
0.355333316060647,6.65884402204019,5.91264706303377,7.54496434393309e-09,1.30177148676597e-06,9.83434286084743,"ENSG00000204131"
0.273186380364068,6.62941055952009,5.91185541765699,7.57822987121196e-09,1.30177148676597e-06,9.83053708801808,"ENSG00000176463"
0.394623198821458,2.36542251084139,5.89172981785509,8.47368827837588e-09,1.43565173461579e-06,9.74654278864805,"ENSG00000180221"
0.369812407427965,7.08421999240945,5.83794837311821,1.14039813110271e-08,1.90600595749707e-06,9.45066365237166,"ENSG00000163694"
0.300503137733109,2.48629717370485,5.80438395573832,1.37114855531548e-08,2.26111537761892e-06,9.3140249075649,"ENSG00000252391"
0.152848246010871,7.70151853140705,5.79387731467512,1.45231643939177e-08,2.36345391084176e-06,9.23588994685498,"ENSG00000149187"
-0.164317528333498,4.86005279688488,-5.78393008342926,1.53347050234018e-08,2.46311210038225e-06,9.15684944468708,"ENSG00000174010"
0.319193942510896,5.87900089620163,5.70254130856583,2.38610162339926e-08,3.78350062541052e-06,8.72047545128893,"ENSG00000005238"
0.234698294988115,8.75071144284766,5.69491071892756,2.48645886064668e-08,3.89272445423774e-06,8.75225299605334,"ENSG00000067082"
0.286763371495358,5.29236534243785,5.69078406764356,2.54243382059769e-08,3.93060268664403e-06,8.6645858444117,"ENSG00000197818"
0.270620785475804,3.52150625438594,5.68266693335807,2.65614184208259e-08,4.05569904973796e-06,8.69073210235167,"ENSG00000065665"
0.13239060178643,8.64485529372723,5.67524818589705,2.76438986372424e-08,4.13264441248965e-06,8.64794361868794,"ENSG00000108669"
0.254745629768107,5.68478451730171,5.67464600301554,2.77336259893791e-08,4.13264441248965e-06,8.57682426964105,"ENSG00000213390"
0.326809369188751,4.77080547773709,5.66376439090181,2.94047700220117e-08,4.30961563973265e-06,8.53887042216611,"ENSG00000173171"
-0.225701105813068,6.27556430159153,-5.66241854194522,2.96181540570242e-08,4.30961563973265e-06,8.52025264074384,"ENSG00000113013"
0.494758690254028,3.12531799615465,5.63925130261176,3.35367171198337e-08,4.82304787602446e-06,8.48060575167359,"ENSG00000237781"
0.430221846056797,1.41832884693988,5.62063244869578,3.70477662722142e-08,5.26674452016949e-06,8.27817363969412,"ENSG00000248727"
0.192136588469296,5.17396709877982,5.61742998464287,3.76867093143988e-08,5.29669569091459e-06,8.28955386206187,"ENSG00000154978"
0.228828801213213,5.8599056759842,5.60948466708584,3.93186095814969e-08,5.46057294435521e-06,8.24228647580603,"ENSG00000099991"
0.46771838562835,5.39850695423571,5.60545422159929,4.01725255334624e-08,5.46057294435521e-06,8.22415061196208,"ENSG00000135378"
0.234368054102449,4.62121465277512,5.60543218917375,4.01772427180081e-08,5.46057294435521e-06,8.24931969905535,"ENSG00000118960"
-0.201833488732382,7.62822749777452,-5.57800857629122,4.64866293844427e-08,6.24941991550856e-06,8.12680875577842,"ENSG00000153201"
-0.171603002762138,6.08175033038869,-5.55472047583757,5.25932223119221e-08,6.99433304896616e-06,7.969228066754,"ENSG00000186480"
0.24082230136392,3.73943153811376,5.55018259732051,5.3870849487057e-08,7.08802836655235e-06,8.01139605045268,"ENSG00000271840"
0.137519000678075,5.31173898926713,5.54065592296629,5.66520645691384e-08,7.37550246938003e-06,7.89747371368,"ENSG00000143420"
0.341237398594377,2.39818714694252,5.52219889277007,6.24433704534626e-08,8.04478756008776e-06,7.8847434631473,"ENSG00000237788"
0.361328933933441,1.9788729907836,5.51072869596362,6.63283436507713e-08,8.45720571415195e-06,7.80934525469327,"ENSG00000238829"
0.277967611334743,6.64780746007905,5.48253829635387,7.69021668767908e-08,9.68308104210207e-06,7.61470837844657,"ENSG00000110931"
0.422005662138748,1.91844386064553,5.48103834398734,7.75084915239412e-08,9.68308104210207e-06,7.65384107764886,"ENSG00000221995"
0.14781799547267,6.64582062200288,5.47714294617307,7.91049162531545e-08,9.70280714990896e-06,7.58925228564519,"ENSG00000152242"
0.266258624511541,5.88627914782868,5.47682792443916,7.92354076763264e-08,9.70280714990896e-06,7.57304062397667,"ENSG00000148411"
0.26412451491317,5.39776286870777,5.45808286675371,8.73885620586507e-08,1.05962915249156e-05,7.48118348558262,"ENSG00000188315"
0.41545419329961,5.72183117322344,5.42033282218465,1.06356125891214e-07,1.26958072476442e-05,7.29271855631293,"ENSG00000198734"
0.187675087633397,3.43102300670555,5.41886201778741,1.07170855839041e-07,1.26958072476442e-05,7.3718504477149,"ENSG00000260257"
0.250579182453918,3.88881618539605,5.41776412060559,1.07782969033202e-07,1.26958072476442e-05,7.34719108955996,"ENSG00000173846"
0.225399582466845,5.05721676845616,5.40210045702589,1.16894791945085e-07,1.35931561994064e-05,7.21321532186603,"ENSG00000196588"
0.156877067551912,6.3269196748134,5.40014469830201,1.18083747161474e-07,1.35931561994064e-05,7.20013061116897,"ENSG00000093167"
-0.170466093289495,6.57308385846264,-5.39914124439196,1.18698323862863e-07,1.35931561994064e-05,7.20192856482526,"ENSG00000066654"
-0.132429170483421,7.18666828013246,-5.3931780599099,1.22415152954491e-07,1.38901890985427e-05,7.18994732070045,"ENSG00000181467"
-0.164452337850804,5.01231952582588,-5.38286112368708,1.29114324131419e-07,1.45171450987036e-05,7.11761566042033,"ENSG00000107937"
0.236021930645514,10.0888110753934,5.32848184569687,1.70747094081383e-07,1.90252257621491e-05,6.95200871073542,"ENSG00000003402"
-0.165730470670271,5.84661414126409,-5.32153701936285,1.76922783858622e-07,1.94525281777799e-05,6.80786021710548,"ENSG00000102054"
0.325237004751557,1.94159957833285,5.32064928808625,1.77727658804102e-07,1.94525281777799e-05,6.89759335303897,"ENSG00000272016"
-0.140943455950867,5.99000182057395,-5.31610671811373,1.81902189356541e-07,1.97347919119447e-05,6.78312015349645,"ENSG00000069248"
0.388551651735989,4.30691293190377,5.28894311981457,2.08923677880601e-07,2.24692873741502e-05,6.69581885260697,"ENSG00000136810"
0.245516121975185,4.96144646423491,5.28425324023692,2.13967454732803e-07,2.28133575873733e-05,6.63823740974967,"ENSG00000136868"
-0.183818616776378,5.25066416504138,-5.28178888243972,2.1666491766615e-07,2.29035188179055e-05,6.61841251079781,"ENSG00000065183"
-0.126909908697768,4.86212053349009,-5.27910668560446,2.19638319352596e-07,2.30210740148551e-05,6.61893037174671,"ENSG00000167447"
0.315392606039857,1.86318075716754,5.2722563863305,2.27413138121349e-07,2.36356780864272e-05,6.6524394159831,"ENSG00000131188"
-0.143461740591584,5.26938416501962,-5.26382189088889,2.37353221728185e-07,2.44632053861183e-05,6.53120458832034,"ENSG00000184575"
0.301058738438101,3.8975335280361,5.25362902463281,2.499287625053e-07,2.55464374765748e-05,6.54881533384698,"ENSG00000133985"
0.208472233695559,5.35143971290817,5.23689187744314,2.71992602321296e-07,2.75738074222114e-05,6.40007858613102,"ENSG00000154803"
0.199737238462364,5.87952484663393,5.23124377532904,2.79855855255179e-07,2.81403025837078e-05,6.37025750502323,"ENSG00000126214"
-0.153229483323282,7.39121515937513,-5.22263409567666,2.92267891757052e-07,2.91513652036389e-05,6.37084691033021,"ENSG00000134900"
-0.218948436446909,6.44623064369564,-5.21246317031921,3.07619094637439e-07,3.04370636998067e-05,6.28943230561504,"ENSG00000171115"
-0.143122869138788,5.45645611567242,-5.2046718220177,3.19904621536019e-07,3.14014314218848e-05,6.2444965328459,"ENSG00000072042"
0.38525838965617,4.55176480865885,5.1886296440309,3.46715741694678e-07,3.37651991596833e-05,6.19601245368631,"ENSG00000140450"
-0.12920160067032,4.98484987233089,-5.18052742298593,3.61072067677418e-07,3.48885885393305e-05,6.1401277076807,"ENSG00000253797"
-0.200026835444586,6.20486832978754,-5.17431672488043,3.72465147222335e-07,3.57104569057817e-05,6.10465903618943,"ENSG00000180530"
-0.145341433551346,6.04450742841979,-5.16737313566079,3.85615131927816e-07,3.65451941994659e-05,6.06771655232074,"ENSG00000065150"
0.418546018088586,2.71371180329857,5.16661326399331,3.87081212817758e-07,3.65451941994659e-05,6.19160599034371,"ENSG00000224307"
-0.15313695176733,6.53061446608591,-5.16154936283011,3.96990220456528e-07,3.71967806561086e-05,6.05059983788122,"ENSG00000091009"
-0.447236209428562,2.96819563798743,-5.15894821404147,4.0217522184765e-07,3.7399271757983e-05,6.1512023252153,"ENSG00000122025"
0.213374318355799,4.02357762405473,5.14940977758668,4.21755919949725e-07,3.89274419249119e-05,6.04621311453713,"ENSG00000136828"
-0.191371471711929,6.06872165175036,-5.14550925152477,4.30026273047385e-07,3.93967773707412e-05,5.96620066122476,"ENSG00000134987"
0.201842579399128,3.53096583089397,5.14057053082133,4.4072351236635e-07,4.00799147128457e-05,6.04083238464451,"ENSG00000160055"
-0.1255366817411,5.09495210240021,-5.13726648170062,4.48023470003883e-07,4.02521612287337e-05,5.93194905542426,"ENSG00000141385"
-0.216115820497005,5.82132579955006,-5.1367717152564,4.49126637254629e-07,4.02521612287337e-05,5.92271575428908,"ENSG00000177485"
0.222111222897665,5.86274093166156,5.11472414077949,5.01047164306836e-07,4.43754644214455e-05,5.8153268327909,"ENSG00000166716"
0.304182285454675,2.89617842357282,5.11380393203307,5.03335967883744e-07,4.43754644214455e-05,5.94333414937571,"ENSG00000214530"
0.324621768038976,2.31880260613913,5.11222393447541,5.07289473859735e-07,4.43754644214455e-05,5.93734667076662,"ENSG00000167987"
0.206362838749623,8.85655605464133,5.11135146978696,5.09485442096156e-07,4.43754644214455e-05,5.89972907419535,"ENSG00000110422"
0.186077258025332,4.40512654808929,5.10685621413211,5.20946536425394e-07,4.50564109266383e-05,5.81706726914478,"ENSG00000203705"
0.109551237086778,5.6414908905429,5.10490745487313,5.25992285425667e-07,4.51768929593379e-05,5.76897935631686,"ENSG00000140153"
-0.126538658172028,5.99016216862505,-5.10045822305907,5.37690233852825e-07,4.58289689382288e-05,5.75179552645229,"ENSG00000087470"
0.196060132275475,6.28863078753782,5.09800989653001,5.44234403588186e-07,4.58289689382288e-05,5.74567452371013,"ENSG00000206560"
-0.148233034155373,5.4284351774135,-5.09783652815858,5.44700714256115e-07,4.58289689382288e-05,5.73790305225107,"ENSG00000124228"
0.515664976170005,5.75651582282476,5.09138945395077,5.62318744787461e-07,4.69916096995359e-05,5.7085763893538,"ENSG00000134755"
0.166672554685488,7.22741877927057,5.08981842943249,5.66694776065475e-07,4.70394697340791e-05,5.7323749582677,"ENSG00000119321"
0.356738049808041,1.87339284976572,5.08413283552231,5.8280897018227e-07,4.80545422880954e-05,5.79746636634919,"ENSG00000252906"
0.255695290689064,6.8777343469884,5.06498419803837,6.40407953195036e-07,5.21272679463149e-05,5.60760979775851,"ENSG00000112146"
0.282358914317084,5.73757630620173,5.06491281074273,6.40632659107363e-07,5.21272679463149e-05,5.58113054259413,"ENSG00000087074"
0.345957965973231,2.57881681135754,5.06334858862844,6.4557555715081e-07,5.21861339270668e-05,5.71607577286991,"ENSG00000256448"
0.282528691889418,3.29401455434834,5.06039635917697,6.55005251610397e-07,5.26045776098532e-05,5.67859906466761,"ENSG00000273311"
0.188966339485016,4.16821023137993,5.05889564468156,6.59849624090148e-07,5.26271924104966e-05,5.61118634477133,"ENSG00000160746"
0.380972515652624,2.88443836828766,5.05768064942802,6.63797058217777e-07,5.26271924104966e-05,5.68084401318916,"ENSG00000230789"
0.186919336706908,5.70621560712462,5.05483914067653,6.73118322654381e-07,5.30262892649006e-05,5.53399909148764,"ENSG00000269858"
0.323293092483156,2.85895749489922,5.04631554660375,7.0184500136003e-07,5.49393606127902e-05,5.63551817418034,"ENSG00000084731"
-0.149746200790877,6.84608065254834,-5.04025571799643,7.22985729046647e-07,5.6238286143704e-05,5.48799352349914,"ENSG00000213203"
0.379915143168154,2.31615805096357,5.03650471030012,7.36378996487331e-07,5.69220964284707e-05,5.59391985280723,"ENSG00000273151"
0.147861331589308,6.52854506151376,5.02717192441065,7.70752058435959e-07,5.89093928299849e-05,5.41925559108514,"ENSG00000115310"
-0.22197015921196,5.06927276098272,-5.02694311184723,7.71613974648897e-07,5.89093928299849e-05,5.41514173223795,"ENSG00000102241"
-0.150367867434574,6.28924262891992,-5.01852047939941,8.03998065203728e-07,6.10052028861331e-05,5.37531898211023,"ENSG00000122068"
0.352374945471794,2.77550510592408,5.01592301422124,8.14247476777749e-07,6.14061755657756e-05,5.49986840426606,"ENSG00000180089"
0.231803839821885,6.29666357800646,5.01146710933961,8.32125141427184e-07,6.23740833283115e-05,5.33940845883733,"ENSG00000118263"
-0.180656342546,5.85081065641015,-5.00624481181308,8.53560945568533e-07,6.35954323782628e-05,5.31030679388405,"ENSG00000067704"
0.179639261804375,6.57828281856329,4.99645549746104,8.95190004634998e-07,6.59035515030752e-05,5.27506766507589,"ENSG00000070476"
-0.143153806868929,4.10336769835849,-4.99535997163929,8.99969044584053e-07,6.59035515030752e-05,5.32668504544103,"ENSG00000182810"
0.170832042782441,5.22867501849886,4.99523276284296,9.00525566301723e-07,6.59035515030752e-05,5.26443465239238,"ENSG00000104960"
-0.148168998558461,7.50929067267168,-4.99377716509956,9.06917344183373e-07,6.59809041932938e-05,5.30126748500982,"ENSG00000135829"
0.288370005227103,7.27533200022802,4.98877634159656,9.29212682800814e-07,6.72076167302951e-05,5.2653417661769,"ENSG00000203709"
0.316306699561137,8.32333396777434,4.98555854968388,9.43837815036922e-07,6.78685238161434e-05,5.29676663014408,"ENSG00000123146"
-0.247703088358135,7.86216069672667,-4.98359730275583,9.52860713379988e-07,6.81212792085763e-05,5.27368629047926,"ENSG00000150093"
-0.208361501179822,6.72499772303374,-4.98101001583326,9.64891383220279e-07,6.85849231475196e-05,5.21312791553089,"ENSG00000081189"
0.228633505646836,6.45139109956668,4.97911988370685,9.7377300591272e-07,6.88207116407344e-05,5.19408020404295,"ENSG00000135365"
0.205388408527919,4.29664619131381,4.97040707698908,1.01574581370849e-06,7.13279124647305e-05,5.19566030016144,"ENSG00000167065"
0.336266673387685,5.64723083658668,4.96938498338888,1.02078270587462e-06,7.13279124647305e-05,5.13852715952888,"ENSG00000238160"
-0.17531359337326,5.71581873662901,-4.96245562246358,1.0555727808514e-06,7.33445177166862e-05,5.10910278884907,"ENSG00000154174"
-0.145178628461459,5.63967786879051,-4.96078230891767,1.0641441338976e-06,7.3527009206958e-05,5.09975621554118,"ENSG00000171824"
0.203215674116885,4.54285383113819,4.9546349833731,1.09621417406743e-06,7.5322093915922e-05,5.10755735500262,"ENSG00000125834"
0.241128777387334,2.36095289936591,4.94995010564045,1.12127972945886e-06,7.64304308997214e-05,5.20578839439571,"ENSG00000226266"
-0.202095352112053,6.88428878288657,-4.94931797211597,1.12470394758646e-06,7.64304308997214e-05,5.074289771296,"ENSG00000165732"
-0.108532500040809,7.58245799301458,-4.94433526160716,1.15205083238289e-06,7.77947300535507e-05,5.0783966444836,"ENSG00000136450"
-0.161483774271711,4.81494190848914,-4.9433811428138,1.1573601495677e-06,7.77947300535507e-05,5.04062015697113,"ENSG00000094880"
-0.281182048651225,7.39347626741184,-4.93924627238953,1.18064360626854e-06,7.89308114720506e-05,5.04799489203608,"ENSG00000121807"
0.304355630567336,8.93425615796345,4.93789148952255,1.1883703241365e-06,7.9020237467313e-05,5.10626723105488,"ENSG00000156675"
0.172245742091063,5.40982068690898,4.93660324168662,1.19576286434474e-06,7.90866048460738e-05,4.99148386148117,"ENSG00000140577"
0.245974269034099,1.73275173701187,4.92715176911066,1.25137446350583e-06,8.23244647055328e-05,5.08559204230229,"ENSG00000270344"
0.222616003810532,7.35759480873825,4.92076913171507,1.29033356506336e-06,8.44383361518713e-05,4.96358467531697,"ENSG00000124788"
0.329326479196301,6.66486273887645,4.91674248000643,1.3155117345988e-06,8.56328901764105e-05,4.91662700481056,"ENSG00000135604"
-0.157186156683955,5.59969306047649,-4.91533228858383,1.32444114969269e-06,8.56615049347814e-05,4.89243867094439,"ENSG00000004487"
-0.0982098810857192,6.40811397735058,-4.91448984621027,1.32980344012597e-06,8.56615049347814e-05,4.89910234121482,"ENSG00000114742"
-0.162490403058583,6.50286146877825,-4.91151693746906,1.34889454734605e-06,8.64410764848497e-05,4.88627183517762,"ENSG00000111670"
0.349559062209207,6.17845486809479,4.90546962454659,1.38854854913107e-06,8.85235487404798e-05,4.85081536055852,"ENSG00000113749"
-0.115431824623427,7.75599201206124,-4.89949091450602,1.42885788968501e-06,9.06262275878165e-05,4.88276378956975,"ENSG00000109606"
0.220464569814804,4.29789649465855,4.89694176146192,1.44638608515113e-06,9.12699137813736e-05,4.85577234803856,"ENSG00000244627"
-0.146071977884347,7.58491484977953,-4.89241080174853,1.47805502263423e-06,9.27948452788839e-05,4.84254165298421,"ENSG00000145675"
0.17060049653336,5.22393621307868,4.88808216597124,1.50893434603385e-06,9.42550504633668e-05,4.77370808168831,"ENSG00000148429"
-0.117715058907669,5.26036360675293,-4.88436134212081,1.53597458592104e-06,9.54619782847812e-05,4.75693521401279,"ENSG00000131795"
0.227764627932877,3.06079823283752,4.8829681341831,1.54621926725482e-06,9.56181994870379e-05,4.88359054549005,"ENSG00000240429"
