"analysis","lineage","n_tests","per_lineage_BH_05","BB_selected","BB_family_p","BB_05"
"CT_LI_raw","gran",12368,109,TRUE,1.36e-05,89
"CT_LI_raw","mono",12368,20,TRUE,1.59e-06,20
"CT_LI_raw","T",12368,28,TRUE,2.99e-08,27
"CT_LI_raw","NK",12368,4,TRUE,0.00227,4
"CT_LI_raw","B",12368,0,FALSE,0.372,0
"CT_BPD_raw","gran",12368,0,FALSE,1,0
"CT_BPD_raw","mono",12368,0,FALSE,0.0911,0
"CT_BPD_raw","T",12368,0,FALSE,0.113,0
"CT_BPD_raw","NK",12368,0,FALSE,0.882,0
"CT_BPD_raw","B",12368,0,FALSE,0.165,0
"CT_LI_ilr","gran",12368,123,TRUE,1.54e-05,100
"CT_LI_ilr","mono",12368,24,TRUE,6.44e-08,16
"CT_LI_ilr","T",12368,31,TRUE,1.71e-07,29
"CT_LI_ilr","NK",12368,7,TRUE,4.17e-05,7
"CT_LI_ilr","B",12368,0,FALSE,0.195,0
"CT_BPD_ilr","gran",12368,0,FALSE,1,0
"CT_BPD_ilr","mono",12368,0,FALSE,0.12,0
"CT_BPD_ilr","T",12368,0,FALSE,0.34,0
"CT_BPD_ilr","NK",12368,0,FALSE,0.995,0
"CT_BPD_ilr","B",12368,0,FALSE,0.162,0
