"filter_quantile","n_kept","n_rejected","is_best","analysis"
0,12368,1426,TRUE,"WB_LI_raw"
0.05,11749,1423,FALSE,"WB_LI_raw"
0.1,11131,1368,FALSE,"WB_LI_raw"
0.15,10512,1362,FALSE,"WB_LI_raw"
0.2,9894,1339,FALSE,"WB_LI_raw"
0.25,9276,1289,FALSE,"WB_LI_raw"
0.3,8657,1252,FALSE,"WB_LI_raw"
0.35,8039,1228,FALSE,"WB_LI_raw"
0.4,7421,1170,FALSE,"WB_LI_raw"
0.45,6802,1112,FALSE,"WB_LI_raw"
0.5,6184,1062,FALSE,"WB_LI_raw"
0,12368,4,FALSE,"WB_BPD_raw"
0.05,11749,4,FALSE,"WB_BPD_raw"
0.1,11131,4,FALSE,"WB_BPD_raw"
0.15,10512,4,FALSE,"WB_BPD_raw"
0.2,9894,5,TRUE,"WB_BPD_raw"
0.25,9276,5,TRUE,"WB_BPD_raw"
0.3,8657,3,FALSE,"WB_BPD_raw"
0.35,8039,0,FALSE,"WB_BPD_raw"
0.4,7421,0,FALSE,"WB_BPD_raw"
0.45,6802,0,FALSE,"WB_BPD_raw"
0.5,6184,0,FALSE,"WB_BPD_raw"
0,61840,105,TRUE,"CT_LI_raw"
0.05,58748,93,FALSE,"CT_LI_raw"
0.1,55656,83,FALSE,"CT_LI_raw"
0.15,52564,77,FALSE,"CT_LI_raw"
0.2,49472,75,FALSE,"CT_LI_raw"
0.25,46380,70,FALSE,"CT_LI_raw"
0.3,43288,65,FALSE,"CT_LI_raw"
0.35,40196,61,FALSE,"CT_LI_raw"
0.4,37104,55,FALSE,"CT_LI_raw"
0.45,34012,52,FALSE,"CT_LI_raw"
0.5,30920,42,FALSE,"CT_LI_raw"
0,61840,0,TRUE,"CT_BPD_raw"
0.05,58748,0,TRUE,"CT_BPD_raw"
0.1,55656,0,TRUE,"CT_BPD_raw"
0.15,52564,0,TRUE,"CT_BPD_raw"
0.2,49472,0,TRUE,"CT_BPD_raw"
0.25,46380,0,TRUE,"CT_BPD_raw"
0.3,43288,0,TRUE,"CT_BPD_raw"
0.35,40196,0,TRUE,"CT_BPD_raw"
0.4,37104,0,TRUE,"CT_BPD_raw"
0.45,34012,0,TRUE,"CT_BPD_raw"
0.5,30920,0,TRUE,"CT_BPD_raw"
0,12368,341,FALSE,"WB_LI_ilr"
0.05,11749,343,TRUE,"WB_LI_ilr"
0.1,11131,328,FALSE,"WB_LI_ilr"
0.15,10512,323,FALSE,"WB_LI_ilr"
0.2,9894,317,FALSE,"WB_LI_ilr"
0.25,9276,305,FALSE,"WB_LI_ilr"
0.3,8657,293,FALSE,"WB_LI_ilr"
0.35,8039,273,FALSE,"WB_LI_ilr"
0.4,7421,266,FALSE,"WB_LI_ilr"
0.45,6802,256,FALSE,"WB_LI_ilr"
0.5,6184,242,FALSE,"WB_LI_ilr"
0,12368,0,TRUE,"WB_BPD_ilr"
0.05,11749,0,TRUE,"WB_BPD_ilr"
0.1,11131,0,TRUE,"WB_BPD_ilr"
0.15,10512,0,TRUE,"WB_BPD_ilr"
0.2,9894,0,TRUE,"WB_BPD_ilr"
0.25,9276,0,TRUE,"WB_BPD_ilr"
0.3,8657,0,TRUE,"WB_BPD_ilr"
0.35,8039,0,TRUE,"WB_BPD_ilr"
0.4,7421,0,TRUE,"WB_BPD_ilr"
0.45,6802,0,TRUE,"WB_BPD_ilr"
0.5,6184,0,TRUE,"WB_BPD_ilr"
0,61840,130,TRUE,"CT_LI_ilr"
0.05,58748,110,FALSE,"CT_LI_ilr"
0.1,55656,90,FALSE,"CT_LI_ilr"
0.15,52564,86,FALSE,"CT_LI_ilr"
0.2,49472,81,FALSE,"CT_LI_ilr"
0.25,46380,76,FALSE,"CT_LI_ilr"
0.3,43288,66,FALSE,"CT_LI_ilr"
0.35,40196,63,FALSE,"CT_LI_ilr"
0.4,37104,55,FALSE,"CT_LI_ilr"
0.45,34012,51,FALSE,"CT_LI_ilr"
0.5,30920,38,FALSE,"CT_LI_ilr"
0,61840,0,TRUE,"CT_BPD_ilr"
0.05,58748,0,TRUE,"CT_BPD_ilr"
0.1,55656,0,TRUE,"CT_BPD_ilr"
0.15,52564,0,TRUE,"CT_BPD_ilr"
0.2,49472,0,TRUE,"CT_BPD_ilr"
0.25,46380,0,TRUE,"CT_BPD_ilr"
0.3,43288,0,TRUE,"CT_BPD_ilr"
0.35,40196,0,TRUE,"CT_BPD_ilr"
0.4,37104,0,TRUE,"CT_BPD_ilr"
0.45,34012,0,TRUE,"CT_BPD_ilr"
0.5,30920,0,TRUE,"CT_BPD_ilr"
