"networkType","corType","deepSplit","detectCutHeight","pamStage","pamRespectsDendro","kme_filter","n_modules_predetect","n_grey_predetect","n_modules_premerge","n_modules","n_grey","n_assigned","min_size","max_size","mean_size","ari_all","ari_bothnongrey"
"unsigned","pearson",2,"auto",TRUE,FALSE,FALSE,54,301,54,31,301,12043,47,1697,388.483870967742,0.448209196176751,0.445204361575609
"unsigned","pearson",2,"auto",TRUE,FALSE,TRUE,54,301,54,31,530,11814,47,1642,381.096774193548,0.434469867468369,0.445892915433916
"unsigned","pearson",2,"0.995",TRUE,FALSE,FALSE,53,789,53,28,789,11555,44,1660,412.678571428571,0.43694501283369,0.457190605020321
"unsigned","pearson",2,"0.995",TRUE,FALSE,TRUE,53,789,53,28,842,11502,44,1642,410.785714285714,0.432256591573166,0.457201595670495
"unsigned","pearson",2,"0.99",TRUE,FALSE,FALSE,50,1454,50,27,1454,10890,40,1606,403.333333333333,0.380687069267979,0.449183238687339
"unsigned","pearson",2,"0.99",TRUE,FALSE,TRUE,50,1454,50,27,1455,10889,40,1606,403.296296296296,0.380590005832979,0.449157907740847
"unsigned","pearson",2,"0.999",TRUE,FALSE,FALSE,54,236,54,31,236,12108,47,1707,390.58064516129,0.444986501663795,0.444890044695201
"unsigned","pearson",2,"0.999",TRUE,FALSE,TRUE,54,236,54,31,513,11831,47,1643,381.645161290323,0.433729837258191,0.445439941244813
"unsigned","pearson",2,"auto",TRUE,TRUE,FALSE,54,1378,54,28,1378,10966,46,1461,391.642857142857,0.300577050266826,0.353523914976184
"unsigned","pearson",2,"auto",TRUE,TRUE,TRUE,54,1378,54,28,1405,10939,46,1453,390.678571428571,0.299387155571732,0.354289072490847
"unsigned","pearson",2,"0.995",TRUE,TRUE,FALSE,53,2957,53,24,2957,9387,32,2661,391.125,0.187081872068499,0.309124551218414
"unsigned","pearson",2,"0.995",TRUE,TRUE,TRUE,53,2957,53,24,2960,9384,32,2661,391,0.186834269847735,0.309012313816277
"unsigned","pearson",2,"0.99",TRUE,TRUE,FALSE,50,3964,50,21,3964,8380,32,2544,399.047619047619,0.140054109351257,0.306580464206428
"unsigned","pearson",2,"0.99",TRUE,TRUE,TRUE,50,3964,50,21,3964,8380,32,2544,399.047619047619,0.140054109351257,0.306580464206428
"unsigned","pearson",2,"0.999",TRUE,TRUE,FALSE,54,1164,54,27,1164,11180,46,1539,414.074074074074,0.310771102680473,0.347610165661755
"unsigned","pearson",2,"0.999",TRUE,TRUE,TRUE,54,1164,54,27,1209,11135,46,1536,412.407407407407,0.308739991751907,0.348701238297862
"unsigned","pearson",2,"auto",FALSE,FALSE,FALSE,54,6671,54,27,6671,5673,30,767,210.111111111111,0.163287060974764,0.441128246550546
"unsigned","pearson",2,"auto",FALSE,FALSE,TRUE,54,6671,54,27,6674,5670,30,767,210,0.163001712800842,0.440872662902559
"unsigned","pearson",2,"0.995",FALSE,FALSE,FALSE,53,6920,53,23,6920,5424,36,767,235.826086956522,0.146383984529435,0.441146850867058
"unsigned","pearson",2,"0.995",FALSE,FALSE,TRUE,53,6920,53,23,6923,5421,36,767,235.695652173913,0.146121545222165,0.440865600030752
"unsigned","pearson",2,"0.99",FALSE,FALSE,FALSE,50,7286,50,22,7286,5058,40,767,229.909090909091,0.12247634199382,0.421949449308824
"unsigned","pearson",2,"0.99",FALSE,FALSE,TRUE,50,7286,50,22,7286,5058,40,767,229.909090909091,0.12247634199382,0.421949449308824
"unsigned","pearson",2,"0.999",FALSE,FALSE,FALSE,54,6663,54,27,6663,5681,30,767,210.407407407407,0.163609672767709,0.440751646365093
"unsigned","pearson",2,"0.999",FALSE,FALSE,TRUE,54,6663,54,27,6666,5678,30,767,210.296296296296,0.16332399476463,0.440495861480793
"unsigned","pearson",1,"auto",TRUE,FALSE,FALSE,38,346,38,24,346,11998,50,1510,499.916666666667,0.415905036229381,0.412347040869102
"unsigned","pearson",1,"auto",TRUE,FALSE,TRUE,38,346,38,23,703,11641,50,2418,506.130434782609,0.445416688579879,0.465496310325014
"unsigned","pearson",3,"auto",TRUE,FALSE,FALSE,61,294,61,31,294,12050,46,1793,388.709677419355,0.412366024739346,0.409046949502068
"unsigned","pearson",3,"auto",TRUE,FALSE,TRUE,61,294,61,31,528,11816,46,1729,381.161290322581,0.399864419667386,0.409730167171417
"unsigned","pearson",4,"auto",TRUE,FALSE,FALSE,65,286,65,35,286,12058,31,1783,344.514285714286,0.381930400505929,0.378216948481519
"unsigned","pearson",4,"auto",TRUE,FALSE,TRUE,65,286,65,35,522,11822,31,1742,337.771428571429,0.37100554965117,0.38019424850757
"unsigned","pearson",1,"0.995",TRUE,FALSE,FALSE,38,903,38,23,903,11441,44,2465,497.434782608696,0.433562156234157,0.458604584545369
"unsigned","pearson",1,"0.995",TRUE,FALSE,TRUE,38,903,38,23,987,11357,44,2429,493.782608695652,0.426899991022223,0.459021636300974
"unsigned","pearson",3,"0.995",TRUE,FALSE,FALSE,59,781,59,32,781,11563,40,1663,361.34375,0.411287070417742,0.43020265875865
"unsigned","pearson",3,"0.995",TRUE,FALSE,TRUE,59,781,59,32,842,11502,40,1636,359.4375,0.406807464508082,0.430997322078295
"unsigned","pearson",4,"0.995",TRUE,FALSE,FALSE,62,780,62,33,780,11564,40,1766,350.424242424242,0.363742621621908,0.380376977273161
"unsigned","pearson",4,"0.995",TRUE,FALSE,TRUE,62,780,62,33,842,11502,40,1750,348.545454545455,0.360335586634972,0.381897742399968
"unsigned","pearson",1,"auto",TRUE,TRUE,FALSE,38,1384,38,22,1384,10960,50,1635,498.181818181818,0.316284386611178,0.36907341685666
"unsigned","pearson",1,"auto",TRUE,TRUE,TRUE,38,1384,38,22,1455,10889,50,1634,494.954545454545,0.31228813367084,0.369588669317508
"unsigned","pearson",3,"auto",TRUE,TRUE,FALSE,61,1331,61,28,1331,11013,44,1698,393.321428571429,0.272570055498739,0.314453737903571
"unsigned","pearson",3,"auto",TRUE,TRUE,TRUE,61,1331,61,28,1360,10984,44,1698,392.285714285714,0.271543578131837,0.315063660440387
"unsigned","pearson",4,"auto",TRUE,TRUE,FALSE,65,1257,65,31,1257,11087,31,1533,357.645161290323,0.284282596574605,0.326888091123219
"unsigned","pearson",4,"auto",TRUE,TRUE,TRUE,65,1257,65,31,1296,11048,31,1801,356.387096774194,0.243710754141199,0.280576782664907
"unsigned","pearson",1,"0.995",TRUE,TRUE,FALSE,38,3046,38,22,3046,9298,36,1265,422.636363636364,0.208981993351747,0.386577649817402
"unsigned","pearson",1,"0.995",TRUE,TRUE,TRUE,38,3046,38,22,3051,9293,36,1263,422.409090909091,0.208623727008072,0.386673710907806
"unsigned","pearson",3,"0.995",TRUE,TRUE,FALSE,59,2655,59,27,2655,9689,36,1623,358.851851851852,0.185787383337907,0.298125651107662
"unsigned","pearson",3,"0.995",TRUE,TRUE,TRUE,59,2655,59,27,2659,9685,36,1623,358.703703703704,0.185470532612418,0.298039774727981
"unsigned","pearson",4,"0.995",TRUE,TRUE,FALSE,62,2547,62,29,2547,9797,36,1520,337.827586206897,0.194894025366507,0.309157338177151
"unsigned","pearson",4,"0.995",TRUE,TRUE,TRUE,62,2547,62,29,2551,9793,36,1520,337.689655172414,0.194570889698455,0.309077577824328
"unsigned","pearson",1,"auto",FALSE,FALSE,FALSE,38,6674,38,22,6674,5670,50,893,257.727272727273,0.160022140815019,0.419000577267871
"unsigned","pearson",1,"auto",FALSE,FALSE,TRUE,38,6674,38,22,6699,5645,50,893,256.590909090909,0.157802887534612,0.416012710540893
"unsigned","pearson",3,"auto",FALSE,FALSE,FALSE,61,6304,61,29,6304,6040,44,767,208.275862068966,0.161932451153872,0.403351089176902
"unsigned","pearson",3,"auto",FALSE,FALSE,TRUE,61,6304,61,29,6307,6037,44,767,208.172413793103,0.161640357166356,0.403069318198315
"unsigned","pearson",4,"auto",FALSE,FALSE,FALSE,65,6192,65,31,6192,6152,31,767,198.451612903226,0.163859862565367,0.407047323636574
"unsigned","pearson",4,"auto",FALSE,FALSE,TRUE,65,6192,65,31,6195,6149,31,767,198.354838709677,0.163564918335963,0.406781693452962
"unsigned","pearson",1,"0.995",FALSE,FALSE,FALSE,38,6849,38,22,6849,5495,36,893,249.772727272727,0.146356128011287,0.405758475076264
"unsigned","pearson",1,"0.995",FALSE,FALSE,TRUE,38,6849,38,22,6852,5492,36,893,249.636363636364,0.146091309696768,0.405462943422627
"unsigned","pearson",3,"0.995",FALSE,FALSE,FALSE,59,6632,59,27,6632,5712,36,767,211.555555555556,0.156089278286534,0.429989646690678
"unsigned","pearson",3,"0.995",FALSE,FALSE,TRUE,59,6632,59,27,6635,5709,36,767,211.444444444444,0.155808801575117,0.429726319864048
"unsigned","pearson",4,"0.995",FALSE,FALSE,FALSE,62,6489,62,28,6489,5855,36,767,209.107142857143,0.152705193244426,0.417848294042697
"unsigned","pearson",4,"0.995",FALSE,FALSE,TRUE,62,6489,62,28,6492,5852,36,767,209,0.152424449403469,0.417585816100915
