"sample_set","n","direction","resid_fit","cell_type","beta","se","t","p","adj_r2","n_selected"
"cases_only_BP1_BP2",239,"both","analysis_set","neutrophils",0.629710395069548,0.276054106808773,2.28111221509832,0.0234337107721232,0.0278159403090594,2
"cases_only_BP1_BP2",239,"both","analysis_set","dendritic.cells.resting",105.155830496493,63.7954241556387,1.64832873028557,0.100615829118929,0.0278159403090594,2
"cases_only_BP1_BP2",239,"backward","analysis_set","neutrophils",0.629710395069548,0.276054106808773,2.28111221509832,0.0234337107721232,0.0278159403090594,2
"cases_only_BP1_BP2",239,"backward","analysis_set","dendritic.cells.resting",105.155830496493,63.7954241556387,1.64832873028557,0.100615829118929,0.0278159403090594,2
"cases_only_BP1_BP2",239,"both","all444","dendritic.cells.resting",395.93427115702,206.470871943771,1.91762773813851,0.056447371314951,0.000272694433734344,17
"cases_only_BP1_BP2",239,"both","all444","b.cells.memory",324.350401574383,174.896108449857,1.85453183863936,0.0649952361960311,0.000272694433734344,17
"cases_only_BP1_BP2",239,"both","all444","plasma.cells",192.904332755263,110.891382676704,1.73957910974617,0.0833251962529712,0.000272694433734344,17
"cases_only_BP1_BP2",239,"both","all444","macrophages.m0",191.525542005597,111.840898940907,1.71248214042694,0.0882104641849194,0.000272694433734344,17
"cases_only_BP1_BP2",239,"both","all444","t.cells.cd8",171.80504180388,103.44718704242,1.66079955111229,0.0981717409260201,0.000272694433734344,17
"cases_only_BP1_BP2",239,"both","all444","mast.cells.resting",170.893661266067,103.910167382181,1.6446288709893,0.101468015469334,0.000272694433734344,17
"cases_only_BP1_BP2",239,"both","all444","neutrophils",169.866190214429,103.523189099274,1.64085159752502,0.1022506309953,0.000272694433734344,17
"cases_only_BP1_BP2",239,"both","all444","b.cells.naive",169.555988511517,103.353815571919,1.64053922511968,0.1023155675358,0.000272694433734344,17
"cases_only_BP1_BP2",239,"both","all444","t.cells.gamma.delta",169.454158939791,103.379516090178,1.63914637394875,0.102605518149337,0.000272694433734344,17
"cases_only_BP1_BP2",239,"both","all444","monocytes",169.270301441976,103.512695473279,1.6352612659543,0.103417762257071,0.000272694433734344,17
"cases_only_BP1_BP2",239,"both","all444","t.cells.cd4.memory.activated",169.355961456481,103.581816417922,1.63499702277068,0.103473192908007,0.000272694433734344,17
"cases_only_BP1_BP2",239,"both","all444","t.cells.cd4.naive",169.091442358398,103.56904689114,1.63264457320079,0.103967718136844,0.000272694433734344,17
"cases_only_BP1_BP2",239,"both","all444","t.cells.cd4.memory.resting",169.229442501455,103.665934418498,1.63244988289284,0.104008729941956,0.000272694433734344,17
"cases_only_BP1_BP2",239,"both","all444","nk.cells.resting",168.411352291814,103.398004007743,1.62876792359746,0.104786779395293,0.000272694433734344,17
"cases_only_BP1_BP2",239,"both","all444","eosinophils",164.784967531907,107.056615209763,1.5392319961642,0.125178215743585,0.000272694433734344,17
"cases_only_BP1_BP2",239,"both","all444","dendritic.cells.activated",156.470159274546,104.50165461615,1.4972983906263,0.135742481470845,0.000272694433734344,17
"cases_only_BP1_BP2",239,"both","all444","macrophages.m2",150.655136910274,106.787844823696,1.41078918821708,0.159712854459967,0.000272694433734344,17
"BP1_only",226,"both","analysis_set","neutrophils",0.785547651323691,0.276410087117096,2.84196448659599,0.00489935448790951,0.0392750589416906,2
"BP1_only",226,"both","analysis_set","dendritic.cells.resting",89.320039704905,62.0503888544899,1.43947590585392,0.1514179699022,0.0392750589416906,2
"all_444",444,"both","analysis_set","neutrophils",4.69862059346663,1.29968048877288,3.61521207254788,0.00033539973874774,0.0694662885492174,10
"all_444",444,"both","analysis_set","t.cells.cd4.naive",4.01886136387688,1.3504563655485,2.97592833534062,0.00308467049403863,0.0694662885492174,10
"all_444",444,"both","analysis_set","t.cells.cd4.memory.resting",3.86642004478228,1.3628584216882,2.83699317790682,0.00476785570261559,0.0694662885492174,10
"all_444",444,"both","analysis_set","monocytes",3.7148238439729,1.3318241979238,2.78927492815042,0.00551566243898104,0.0694662885492174,10
"all_444",444,"both","analysis_set","t.cells.cd8",6.14123671779824,2.37646032878645,2.58419492360484,0.0100870903248279,0.0694662885492174,10
"all_444",444,"both","analysis_set","b.cells.naive",4.54759274504228,1.85400840150225,2.45284365559374,0.0145666462364914,0.0694662885492174,10
"all_444",444,"both","analysis_set","dendritic.cells.resting",146.018733086852,61.2293439568942,2.38478356373784,0.0175186592412908,0.0694662885492174,10
"all_444",444,"both","analysis_set","nk.cells.resting",3.3431427813615,1.76444896269255,1.89472342473418,0.0587950058739816,0.0694662885492174,10
"all_444",444,"both","analysis_set","dendritic.cells.activated",-22.1491020812421,11.8357920175259,-1.87136628021553,0.0619684095507577,0.0694662885492174,10
"all_444",444,"both","analysis_set","t.cells.gamma.delta",5.97566053351399,3.28783779777499,1.81750466448131,0.0698308792761414,0.0694662885492174,10
