"comparison","reference","test","beta_reference","beta_test","n_reference","n_test","module","moduleSize","Zsummary","Zdensity","Zconnectivity","medianRank","verdict","nPermutations","is_module"
"cases(ref) -> controls(test)","cases","controls",4.2,5.5,239,205,"darkgrey",47,14.458997100577,20.743842010993,8.17415219016095,8,"well preserved",200,TRUE
"cases(ref) -> controls(test)","cases","controls",4.2,5.5,239,205,"darkgreen",85,17.8701728624261,22.4957717547218,13.2445739701304,12,"well preserved",200,TRUE
"cases(ref) -> controls(test)","cases","controls",4.2,5.5,239,205,"lightcyan",139,20.7691863455903,23.9099455184692,17.6284271727115,16,"well preserved",200,TRUE
"cases(ref) -> controls(test)","cases","controls",4.2,5.5,239,205,"orange",43,22.1614028818295,35.5904799938697,8.73232576978935,2,"well preserved",200,TRUE
"cases(ref) -> controls(test)","cases","controls",4.2,5.5,239,205,"salmon",190,23.0684579767654,27.598744146075,18.5381718074559,20,"well preserved",200,TRUE
"cases(ref) -> controls(test)","cases","controls",4.2,5.5,239,205,"lightyellow",111,25.4545698864506,37.2609247466814,13.6482150262198,7,"well preserved",200,TRUE
"cases(ref) -> controls(test)","cases","controls",4.2,5.5,239,205,"midnightblue",166,25.8648844399791,29.7819484770977,21.9478204028604,13,"well preserved",200,TRUE
"cases(ref) -> controls(test)","cases","controls",4.2,5.5,239,205,"grey60",128,26.3078339765846,34.6920787692264,17.9235891839429,9,"well preserved",200,TRUE
"cases(ref) -> controls(test)","cases","controls",4.2,5.5,239,205,"darkturquoise",57,27.1543949129332,43.5184648213029,10.7903250045634,4,"well preserved",200,TRUE
"cases(ref) -> controls(test)","cases","controls",4.2,5.5,239,205,"cyan",171,27.3302239060219,33.0709681301271,21.5894796819167,11,"well preserved",200,TRUE
"cases(ref) -> controls(test)","cases","controls",4.2,5.5,239,205,"tan",197,27.9478147156696,36.2005136222938,19.6951158090455,10,"well preserved",200,TRUE
"cases(ref) -> controls(test)","cases","controls",4.2,5.5,239,205,"royalblue",110,28.0700549751504,39.6947419237277,16.445368026573,8,"well preserved",200,TRUE
"cases(ref) -> controls(test)","cases","controls",4.2,5.5,239,205,"greenyellow",287,32.0925354375416,38.9488281303946,25.2362427446886,14,"well preserved",200,TRUE
"cases(ref) -> controls(test)","cases","controls",4.2,5.5,239,205,"purple",313,32.553910530746,37.7302243064039,27.377596755088,17,"well preserved",200,TRUE
"cases(ref) -> controls(test)","cases","controls",4.2,5.5,239,205,"lightgreen",127,34.634695464293,53.133266619529,16.1361243090569,3,"well preserved",200,TRUE
"cases(ref) -> controls(test)","cases","controls",4.2,5.5,239,205,"magenta",354,35.8754662849597,39.3821887348803,32.368743835039,22,"well preserved",200,TRUE
"cases(ref) -> controls(test)","cases","controls",4.2,5.5,239,205,"black",431,38.7893827285822,43.6121276337936,33.9666378233707,17,"well preserved",200,TRUE
"cases(ref) -> controls(test)","cases","controls",4.2,5.5,239,205,"green",598,39.5002915839112,45.5795748230255,33.4210083447968,21,"well preserved",200,TRUE
"cases(ref) -> controls(test)","cases","controls",4.2,5.5,239,205,"red",465,41.739355753,49.5929802179171,33.8857312880828,13,"well preserved",200,TRUE
"cases(ref) -> controls(test)","cases","controls",4.2,5.5,239,205,"yellow",614,44.3637814636593,52.6810638940939,36.0464990332246,15,"well preserved",200,TRUE
"cases(ref) -> controls(test)","cases","controls",4.2,5.5,239,205,"darkred",89,50.2647791687126,87.5042812616117,13.0252770758134,1,"well preserved",200,TRUE
"cases(ref) -> controls(test)","cases","controls",4.2,5.5,239,205,"turquoise",1000,51.1343815489861,51.1656114051431,51.1031516928291,25,"well preserved",200,TRUE
"cases(ref) -> controls(test)","cases","controls",4.2,5.5,239,205,"brown",1000,57.2032882573631,63.5140445265262,50.8925319882,24,"well preserved",200,TRUE
"cases(ref) -> controls(test)","cases","controls",4.2,5.5,239,205,"blue",1000,58.0750649506349,66.3953026748223,49.7548272264474,17,"well preserved",200,TRUE
"cases(ref) -> controls(test)","cases","controls",4.2,5.5,239,205,"pink",404,61.3363508303823,92.7579631356241,29.9147385251404,7,"well preserved",200,TRUE
"cases(ref) -> controls(test)","cases","controls",4.2,5.5,239,205,"grey",691,21.5111356932696,6.36896142992376,36.6533099566155,27,"well preserved",200,FALSE
"cases(ref) -> controls(test)","cases","controls",4.2,5.5,239,205,"gold",1000,33.5021975693892,19.2109935352022,47.7934016035761,26,"well preserved",200,FALSE
"controls(ref) -> cases(test)","controls","cases",5.5,4.2,205,239,"paleturquoise",39,8.38563324659095,8.50599059927008,8.26527589391182,26,"moderately preserved",200,TRUE
"controls(ref) -> cases(test)","controls","cases",5.5,4.2,205,239,"white",61,10.1512904997234,11.4539988133569,8.84858218608996,24,"well preserved",200,TRUE
"controls(ref) -> cases(test)","controls","cases",5.5,4.2,205,239,"saddlebrown",52,10.2218320497159,10.8092450478446,9.63441905158712,16,"well preserved",200,TRUE
"controls(ref) -> cases(test)","controls","cases",5.5,4.2,205,239,"skyblue",56,11.4086690152431,12.0695059957313,10.7478320347549,23,"well preserved",200,TRUE
"controls(ref) -> cases(test)","controls","cases",5.5,4.2,205,239,"orange",66,13.1505786574697,16.2374924230293,10.06366489191,13,"well preserved",200,TRUE
"controls(ref) -> cases(test)","controls","cases",5.5,4.2,205,239,"darkorange",61,15.5252556372934,20.5479750416012,10.5025362329856,9,"well preserved",200,TRUE
"controls(ref) -> cases(test)","controls","cases",5.5,4.2,205,239,"steelblue",48,15.6887310164564,23.0623118761191,8.31515015679371,3,"well preserved",200,TRUE
"controls(ref) -> cases(test)","controls","cases",5.5,4.2,205,239,"lightyellow",128,15.7555051410672,14.6587578867854,16.852252395349,29,"well preserved",200,TRUE
"controls(ref) -> cases(test)","controls","cases",5.5,4.2,205,239,"royalblue",124,16.5848156554448,17.8120214850221,15.3576098258675,15,"well preserved",200,TRUE
"controls(ref) -> cases(test)","controls","cases",5.5,4.2,205,239,"grey60",141,17.9084082174378,16.6310652988352,19.1857511360404,25,"well preserved",200,TRUE
"controls(ref) -> cases(test)","controls","cases",5.5,4.2,205,239,"darkturquoise",105,18.6112771382076,21.8619589944228,15.3605952819924,8,"well preserved",200,TRUE
"controls(ref) -> cases(test)","controls","cases",5.5,4.2,205,239,"darkred",112,19.5302536521973,26.0419743393981,13.0185329649965,6,"well preserved",200,TRUE
"controls(ref) -> cases(test)","controls","cases",5.5,4.2,205,239,"darkgrey",88,21.3850767391985,28.2700077156395,14.5001457627576,3,"well preserved",200,TRUE
"controls(ref) -> cases(test)","controls","cases",5.5,4.2,205,239,"lightcyan",150,21.8150826221909,25.9051912960051,17.7249739483768,23,"well preserved",200,TRUE
"controls(ref) -> cases(test)","controls","cases",5.5,4.2,205,239,"tan",255,22.4530613759209,19.7636852662448,25.1424374855969,28,"well preserved",200,TRUE
"controls(ref) -> cases(test)","controls","cases",5.5,4.2,205,239,"midnightblue",183,22.466263924807,24.4283279004459,20.504199949168,14,"well preserved",200,TRUE
"controls(ref) -> cases(test)","controls","cases",5.5,4.2,205,239,"lightgreen",138,23.2187903724826,28.7210123389509,17.7165684060144,11,"well preserved",200,TRUE
"controls(ref) -> cases(test)","controls","cases",5.5,4.2,205,239,"salmon",249,25.2342628954504,25.8767512855214,24.5917745053793,20,"well preserved",200,TRUE
"controls(ref) -> cases(test)","controls","cases",5.5,4.2,205,239,"darkgreen",111,28.6701123611083,40.1130700007332,17.2271547214834,1,"well preserved",200,TRUE
"controls(ref) -> cases(test)","controls","cases",5.5,4.2,205,239,"magenta",469,31.6912860407087,28.8143971676519,34.5681749137655,26,"well preserved",200,TRUE
"controls(ref) -> cases(test)","controls","cases",5.5,4.2,205,239,"greenyellow",292,32.8180567990698,39.9832617196303,25.6528518785093,4,"well preserved",200,TRUE
"controls(ref) -> cases(test)","controls","cases",5.5,4.2,205,239,"cyan",220,34.0734084229781,40.6636050239633,27.4832118219929,6,"well preserved",200,TRUE
"controls(ref) -> cases(test)","controls","cases",5.5,4.2,205,239,"green",708,34.2890564076686,26.6629376102802,41.915175205057,31,"well preserved",200,TRUE
"controls(ref) -> cases(test)","controls","cases",5.5,4.2,205,239,"yellow",747,34.7269389108613,30.254352807491,39.1995250142316,28,"well preserved",200,TRUE
"controls(ref) -> cases(test)","controls","cases",5.5,4.2,205,239,"black",514,36.6058672087245,38.9995107779667,34.2122236394823,20,"well preserved",200,TRUE
"controls(ref) -> cases(test)","controls","cases",5.5,4.2,205,239,"pink",484,37.2923200197557,37.402051348616,37.1825886908954,12,"well preserved",200,TRUE
"controls(ref) -> cases(test)","controls","cases",5.5,4.2,205,239,"red",525,38.509692486028,39.5839383920874,37.4354465799687,18,"well preserved",200,TRUE
"controls(ref) -> cases(test)","controls","cases",5.5,4.2,205,239,"purple",408,46.7227598680691,59.4906728147944,33.9548469213439,7,"well preserved",200,TRUE
"controls(ref) -> cases(test)","controls","cases",5.5,4.2,205,239,"brown",915,47.8246958216121,48.5681828064356,47.0812088367887,19,"well preserved",200,TRUE
"controls(ref) -> cases(test)","controls","cases",5.5,4.2,205,239,"blue",1000,48.9387909308043,48.25680039927,49.6207814623387,17,"well preserved",200,TRUE
"controls(ref) -> cases(test)","controls","cases",5.5,4.2,205,239,"turquoise",1000,57.9669676590522,66.6618795251025,49.2720557930019,11,"well preserved",200,TRUE
"controls(ref) -> cases(test)","controls","cases",5.5,4.2,205,239,"grey",1000,15.7852068950803,-0.935676897439349,32.5060906875999,33,"well preserved",200,FALSE
"controls(ref) -> cases(test)","controls","cases",5.5,4.2,205,239,"gold",1000,35.4356715920194,21.3192339944039,49.5521091896348,32,"well preserved",200,FALSE
"lithium(ref) -> nonlithium(test)","lithium","nonlithium",7,7,152,87,"darkgrey",34,9.86696676557228,14.2716367099637,5.46229682118086,9,"moderately preserved",200,TRUE
"lithium(ref) -> nonlithium(test)","lithium","nonlithium",7,7,152,87,"darkred",74,10.1484832159976,9.44019510271744,10.8567713292777,24,"well preserved",200,TRUE
"lithium(ref) -> nonlithium(test)","lithium","nonlithium",7,7,152,87,"royalblue",83,13.056589592432,14.7474089375843,11.3657702472797,19,"well preserved",200,TRUE
"lithium(ref) -> nonlithium(test)","lithium","nonlithium",7,7,152,87,"darkturquoise",47,13.7769568401481,19.1482940561027,8.40561962419355,4,"well preserved",200,TRUE
"lithium(ref) -> nonlithium(test)","lithium","nonlithium",7,7,152,87,"midnightblue",124,15.8654784062619,15.8764948919786,15.8544619205453,23,"well preserved",200,TRUE
"lithium(ref) -> nonlithium(test)","lithium","nonlithium",7,7,152,87,"darkgreen",66,16.2559659915089,20.7386018052483,11.7733301777695,7,"well preserved",200,TRUE
"lithium(ref) -> nonlithium(test)","lithium","nonlithium",7,7,152,87,"lightyellow",100,16.9083108919379,22.5856543707149,11.2309674131609,10,"well preserved",200,TRUE
"lithium(ref) -> nonlithium(test)","lithium","nonlithium",7,7,152,87,"lightcyan",113,19.1570637351566,24.9520541379899,13.3620733323233,14,"well preserved",200,TRUE
"lithium(ref) -> nonlithium(test)","lithium","nonlithium",7,7,152,87,"lightgreen",107,19.6338514593965,24.9860100271636,14.2816928916294,9,"well preserved",200,TRUE
"lithium(ref) -> nonlithium(test)","lithium","nonlithium",7,7,152,87,"cyan",130,19.6804915221991,22.7956783229144,16.5653047214838,16,"well preserved",200,TRUE
"lithium(ref) -> nonlithium(test)","lithium","nonlithium",7,7,152,87,"grey60",110,22.9337599447611,32.1801092097151,13.6874106798072,3,"well preserved",200,TRUE
"lithium(ref) -> nonlithium(test)","lithium","nonlithium",7,7,152,87,"salmon",160,23.6628452129374,29.2497768854821,18.0759135403927,11,"well preserved",200,TRUE
"lithium(ref) -> nonlithium(test)","lithium","nonlithium",7,7,152,87,"tan",177,26.401711531409,33.2271780050446,19.5762450577733,12,"well preserved",200,TRUE
"lithium(ref) -> nonlithium(test)","lithium","nonlithium",7,7,152,87,"red",340,28.918775257628,28.7358208994782,29.1017296157778,21,"well preserved",200,TRUE
"lithium(ref) -> nonlithium(test)","lithium","nonlithium",7,7,152,87,"green",411,31.8349048504771,33.13388862808,30.5359210728742,17,"well preserved",200,TRUE
"lithium(ref) -> nonlithium(test)","lithium","nonlithium",7,7,152,87,"greenyellow",227,33.0967859552129,44.5438241575769,21.649747752849,6,"well preserved",200,TRUE
"lithium(ref) -> nonlithium(test)","lithium","nonlithium",7,7,152,87,"magenta",304,34.1161737230144,42.6806667777628,25.5516806682661,5,"well preserved",200,TRUE
"lithium(ref) -> nonlithium(test)","lithium","nonlithium",7,7,152,87,"purple",276,34.7778101291252,43.4086848759806,26.1469353822699,11,"well preserved",200,TRUE
"lithium(ref) -> nonlithium(test)","lithium","nonlithium",7,7,152,87,"black",322,35.7375535343413,40.648925118457,30.8261819502257,13,"well preserved",200,TRUE
"lithium(ref) -> nonlithium(test)","lithium","nonlithium",7,7,152,87,"pink",319,42.0071526005648,59.7079855487604,24.3063196523692,1,"well preserved",200,TRUE
"lithium(ref) -> nonlithium(test)","lithium","nonlithium",7,7,152,87,"yellow",469,42.7667449182282,49.4828903112338,36.0505995252225,15,"well preserved",200,TRUE
"lithium(ref) -> nonlithium(test)","lithium","nonlithium",7,7,152,87,"brown",855,48.7369761568379,46.4067909920173,51.0671613216586,20,"well preserved",200,TRUE
"lithium(ref) -> nonlithium(test)","lithium","nonlithium",7,7,152,87,"turquoise",1000,51.5732041320018,55.9189569424735,47.2274513215301,19,"well preserved",200,TRUE
"lithium(ref) -> nonlithium(test)","lithium","nonlithium",7,7,152,87,"blue",1000,52.4369561980588,57.2032152294542,47.6706971666635,15,"well preserved",200,TRUE
"lithium(ref) -> nonlithium(test)","lithium","nonlithium",7,7,152,87,"grey",1000,25.1843147366391,4.6829502967006,45.6856791765776,26,"well preserved",200,FALSE
"lithium(ref) -> nonlithium(test)","lithium","nonlithium",7,7,152,87,"gold",1000,32.6861276418854,20.0995113070151,45.2727439767557,25,"well preserved",200,FALSE
"nonlithium(ref) -> lithium(test)","nonlithium","lithium",7,7,87,152,"lightyellow",37,10.7402125937536,14.5833209879529,6.89710419955437,10,"well preserved",200,TRUE
"nonlithium(ref) -> lithium(test)","nonlithium","lithium",7,7,87,152,"purple",141,15.420328485965,16.3602530946365,14.4804038772934,16,"well preserved",200,TRUE
"nonlithium(ref) -> lithium(test)","nonlithium","lithium",7,7,87,152,"lightgreen",56,15.9874322449768,21.4129494203863,10.5619150695674,10,"well preserved",200,TRUE
"nonlithium(ref) -> lithium(test)","nonlithium","lithium",7,7,87,152,"tan",136,18.9166967627508,21.632009561864,16.2013839636377,12,"well preserved",200,TRUE
"nonlithium(ref) -> lithium(test)","nonlithium","lithium",7,7,87,152,"royalblue",31,19.7043429879718,33.5671575220289,5.84152845391476,1,"well preserved",200,TRUE
"nonlithium(ref) -> lithium(test)","nonlithium","lithium",7,7,87,152,"salmon",116,20.4385227340071,26.2657735852367,14.6112718827775,9,"well preserved",200,TRUE
"nonlithium(ref) -> lithium(test)","nonlithium","lithium",7,7,87,152,"lightcyan",82,20.9844858402037,27.8758808462061,14.0930908342013,8,"well preserved",200,TRUE
"nonlithium(ref) -> lithium(test)","nonlithium","lithium",7,7,87,152,"midnightblue",98,22.3593501058928,28.0020702413745,16.7166299704111,5,"well preserved",200,TRUE
"nonlithium(ref) -> lithium(test)","nonlithium","lithium",7,7,87,152,"greenyellow",141,23.630175817876,28.9842421851815,18.2761094505705,10,"well preserved",200,TRUE
"nonlithium(ref) -> lithium(test)","nonlithium","lithium",7,7,87,152,"pink",398,28.6406892209769,26.3856916337372,30.8956868082166,18,"well preserved",200,TRUE
"nonlithium(ref) -> lithium(test)","nonlithium","lithium",7,7,87,152,"grey60",70,28.7463692816805,46.3241790058454,11.1685595575155,2,"well preserved",200,TRUE
"nonlithium(ref) -> lithium(test)","nonlithium","lithium",7,7,87,152,"cyan",110,30.8451719456858,46.7330659208835,14.957277970488,3,"well preserved",200,TRUE
"nonlithium(ref) -> lithium(test)","nonlithium","lithium",7,7,87,152,"magenta",191,31.9378686567103,41.4143946604743,22.4613426529463,5,"well preserved",200,TRUE
"nonlithium(ref) -> lithium(test)","nonlithium","lithium",7,7,87,152,"black",413,35.1838281342571,38.2712750446024,32.0963812239117,13,"well preserved",200,TRUE
"nonlithium(ref) -> lithium(test)","nonlithium","lithium",7,7,87,152,"yellow",603,38.394654718662,37.2063069005147,39.5830025368093,15,"well preserved",200,TRUE
"nonlithium(ref) -> lithium(test)","nonlithium","lithium",7,7,87,152,"green",542,38.5751748926607,35.352232967699,41.7981168176223,16,"well preserved",200,TRUE
"nonlithium(ref) -> lithium(test)","nonlithium","lithium",7,7,87,152,"turquoise",1000,43.1817020483219,37.3176555296744,49.0457485669694,19,"well preserved",200,TRUE
"nonlithium(ref) -> lithium(test)","nonlithium","lithium",7,7,87,152,"brown",1000,44.2250202941928,35.5866274909137,52.8634130974718,20,"well preserved",200,TRUE
"nonlithium(ref) -> lithium(test)","nonlithium","lithium",7,7,87,152,"red",433,52.1438490937892,69.3846282677357,34.9030699198427,7,"well preserved",200,TRUE
"nonlithium(ref) -> lithium(test)","nonlithium","lithium",7,7,87,152,"blue",1000,55.1773249891313,54.3816509954458,55.9729989828167,13,"well preserved",200,TRUE
"nonlithium(ref) -> lithium(test)","nonlithium","lithium",7,7,87,152,"grey",1000,11.3192378062956,-5.35696757947788,27.995443192069,22,"well preserved",200,FALSE
"nonlithium(ref) -> lithium(test)","nonlithium","lithium",7,7,87,152,"gold",1000,33.9717043312035,20.6602458756872,47.2831627867199,21,"well preserved",200,FALSE
