"spec","contrast","compared_to","sample_set","n_samples","gene_set","libsize","norm","voom_quantile","formula","n_genes","p","df_residual","df_prior","df_total","r_logFC","r_t","sign_conc","n_sig","n_sig_theirs","overlap","jaccard","avexpr_maxdiff","df_total_target","df_total_error"
"documented covariates","case+lithium (BP on-Li vs ctrl)","PRE","444 (all)",444,12353,"prefilter","TMM",FALSE,"case + age + sex + tobacco + group + rin + plate + seqpc1 + seqpc2 + seqpc3 + lithium",12353,15,429,5.18871947295243,434.188719472952,0.999300672886597,0.999296393020336,0.990123856553064,2966,3031,2919,0.948343079922027,5.6107195156585e-07,434.184575433018,0.00414403993471524
"norm = TMMwsp","case+lithium (BP on-Li vs ctrl)","PRE","444 (all)",444,12353,"prefilter","TMMwsp",FALSE,"case + age + sex + tobacco + group + rin + plate + seqpc1 + seqpc2 + seqpc3 + lithium",12353,15,429,5.19757340310889,434.197573403109,0.999259247222237,0.999024578898224,0.985347688820529,3001,3031,2896,0.923469387755102,5.60612484434841e-07,434.184575433018,0.0129979700911917
"restricted to WGCNA gene set","case+lithium (BP on-Li vs ctrl)","PRE","444 (all)",444,12344,"prefilter","TMM",FALSE,"case + age + sex + tobacco + group + rin + plate + seqpc1 + seqpc2 + seqpc3 + lithium",12344,15,429,5.19926296831425,434.199262968314,0.999282821290649,0.999153170056429,0.987200259235256,2989,3031,2902,0.930724823604875,5.60492757983866e-07,434.184575433018,0.0146875352965594
"norm = RLE","case+lithium (BP on-Li vs ctrl)","PRE","444 (all)",444,12353,"prefilter","RLE",FALSE,"case + age + sex + tobacco + group + rin + plate + seqpc1 + seqpc2 + seqpc3 + lithium",12353,15,429,5.15083760284934,434.150837602849,0.999269484524182,0.999062830965747,0.985914352788796,2918,3031,2862,0.927113702623907,5.60465434062962e-07,434.184575433018,-0.0337378301683771
"diagnosis as 3 levels","BP1+lithium (BP1 on-Li vs ctrl)","PRE","444 (all)",444,12353,"prefilter","TMM",FALSE,"dx3 + age + sex + tobacco + group + rin + plate + seqpc1 + seqpc2 + seqpc3 + lithium",12353,16,428,5.19745626509017,433.19745626509,0.999345229005492,0.999320124819858,0.990933376507731,2938,3031,2903,0.946836268754077,5.6107195156585e-07,434.184575433018,-0.987119167927517
"documented, FILTERED libsize","case+lithium (BP on-Li vs ctrl)","PRE","444 (all)",444,12353,"filtered","TMM",FALSE,"case + age + sex + tobacco + group + rin + plate + seqpc1 + seqpc2 + seqpc3 + lithium",12353,15,429,5.19607480426736,434.196074804267,0.99923142842031,0.998949305619005,0.986723872743463,2908,3031,2852,0.923874311629414,0.0201970676872136,434.184575433018,0.0114993712496698
"norm = upperquartile","case+lithium (BP on-Li vs ctrl)","PRE","444 (all)",444,12353,"prefilter","upperquartile",FALSE,"case + age + sex + tobacco + group + rin + plate + seqpc1 + seqpc2 + seqpc3 + lithium",12353,15,429,5.32551282935163,434.325512829352,0.999008408326338,0.99791430522911,0.985995304784263,2919,3031,2837,0.911339543848378,5.5994443215468e-07,434.184575433018,0.140937396333925
"sample set: BP2 excluded","case+lithium (BP on-Li vs ctrl)","PRE","431 (no BP2)",431,12353,"prefilter","TMM",FALSE,"case + age + sex + tobacco + group + rin + plate + seqpc1 + seqpc2 + seqpc3 + lithium",12353,15,416,5.20159825627301,421.201598256273,0.998792033522154,0.998559795021308,0.984376264874929,2935,3031,2860,0.920798454603992,0.0287880135424898,434.184575433018,-12.9829771767447
"norm = none","case+lithium (BP on-Li vs ctrl)","PRE","444 (all)",444,12353,"prefilter","none",FALSE,"case + age + sex + tobacco + group + rin + plate + seqpc1 + seqpc2 + seqpc3 + lithium",12353,15,429,6.71413840016853,435.714138400169,0.998617109696847,0.973175950842499,0.784020076094876,4383,3031,2221,0.427691122665126,5.63636191941441e-07,434.184575433018,1.52956296715081
"voom normalize = quantile","case+lithium (BP on-Li vs ctrl)","PRE","444 (all)",444,12353,"prefilter","TMM",TRUE,"case + age + sex + tobacco + group + rin + plate + seqpc1 + seqpc2 + seqpc3 + lithium",12353,15,429,5.05319039994711,434.053190399947,0.993616959062456,0.989862834427893,0.959604954262123,2980,3031,2731,0.832621951219512,0.145274590754717,434.184575433018,-0.131385033070615
"plate as numeric","case+lithium (BP on-Li vs ctrl)","PRE","444 (all)",444,12353,"prefilter","TMM",FALSE,"case + age + sex + tobacco + group + rin + platenum + seqpc1 + seqpc2 + seqpc3 + lithium",12353,12,432,5.32479558984971,437.32479558985,0.991988522746828,0.990871108448639,0.955881162470655,3039,3031,2769,0.838836716146622,5.6107195156585e-07,434.184575433018,3.14022015683202
"no tobacco","case+lithium (BP on-Li vs ctrl)","PRE","444 (all)",444,12353,"prefilter","TMM",FALSE,"case + age + sex + group + rin + plate + seqpc1 + seqpc2 + seqpc3 + lithium",12353,14,430,5.16310937714436,435.163109377144,0.991419859783664,0.994204415297631,0.969643001699992,3171,3031,2883,0.868635131063573,5.6107195156585e-07,434.184575433018,0.978533944126639
"no seq PCs","case+lithium (BP on-Li vs ctrl)","PRE","444 (all)",444,12353,"prefilter","TMM",FALSE,"case + age + sex + tobacco + group + rin + plate + lithium",12353,12,432,5.10970874391515,437.109708743915,0.990572406511981,0.989178636174938,0.960333522221323,2319,3031,2284,0.744944553163731,5.6107195156585e-07,434.184575433018,2.92513331089748
"seqPC1+2 only","case+lithium (BP on-Li vs ctrl)","PRE","444 (all)",444,12353,"prefilter","TMM",FALSE,"case + age + sex + tobacco + group + rin + plate + seqpc1 + seqpc2 + lithium",12353,14,430,5.07947575746743,435.079475757467,0.990195771164429,0.988960670671069,0.959362098275722,2313,3031,2281,0.744694743715312,5.6107195156585e-07,434.184575433018,0.894900324449736
"seqPC1 only","case+lithium (BP on-Li vs ctrl)","PRE","444 (all)",444,12353,"prefilter","TMM",FALSE,"case + age + sex + tobacco + group + rin + plate + seqpc1 + lithium",12353,13,431,5.10482566864826,436.104825668648,0.989905962626347,0.988323632504201,0.958876386302922,2318,3031,2272,0.738381540461489,5.6107195156585e-07,434.184575433018,1.92025023563059
"documented + 18 cell types","lithium (BP on-Li vs BP off-Li)","POST","444 (all)",444,12353,"prefilter","TMM",FALSE,"case + age + sex + tobacco + group + rin + plate + seqpc1 + seqpc2 + seqpc3 + b.cells.naive + b.cells.memory + plasma.cells + t.cells.cd8 + t.cells.cd4.naive + t.cells.cd4.memory.resting + t.cells.cd4.memory.activated + t.cells.gamma.delta + nk.cells.resting + nk.cells.activated + monocytes + macrophages.m0 + macrophages.m2 + dendritic.cells.resting + dendritic.cells.activated + mast.cells.resting + eosinophils + neutrophils + lithium",12353,33,411,5.59449026007079,416.594490260071,0.989241383584642,0.993244160792338,0.956204970452522,238,233,223,0.899193548387097,5.6107195156585e-07,416.356526469547,0.237963790523452
"no RIN","case+lithium (BP on-Li vs ctrl)","PRE","444 (all)",444,12353,"prefilter","TMM",FALSE,"case + age + sex + tobacco + group + plate + seqpc1 + seqpc2 + seqpc3 + lithium",12353,14,430,5.20937001888622,435.209370018886,0.983630683576107,0.985198315160872,0.944385979114385,4708,3031,3006,0.635115148954152,5.6107195156585e-07,434.184575433018,1.02479458586851
"no diagnosis","lithium (BP on-Li vs BP off-Li)","PRE","444 (all)",444,12353,"prefilter","TMM",FALSE,"age + sex + tobacco + group + rin + plate + seqpc1 + seqpc2 + seqpc3 + lithium",12353,14,430,5.18953179091147,435.189531790911,0.93114731141018,0.936522736329519,0.883914838500769,3058,3031,2327,0.618553960659224,5.6107195156585e-07,434.184575433018,1.00495635789378
"norm = none","case+0.5*lithium (BP vs ctrl)","PRE","444 (all)",444,12353,"prefilter","none",FALSE,"case + age + sex + tobacco + group + rin + plate + seqpc1 + seqpc2 + seqpc3 + lithium",12353,15,429,6.71413840016853,435.714138400169,0.919361555204133,0.916626675625084,0.833643649315956,1366,3031,1115,0.339731870810481,5.63636191941441e-07,434.184575433018,1.52956296715081
"norm = upperquartile","case+0.5*lithium (BP vs ctrl)","PRE","444 (all)",444,12353,"prefilter","upperquartile",FALSE,"case + age + sex + tobacco + group + rin + plate + seqpc1 + seqpc2 + seqpc3 + lithium",12353,15,429,5.32551282935163,434.325512829352,0.918842880565798,0.930490872579725,0.8746053590221,1128,3031,1087,0.353841145833333,5.5994443215468e-07,434.184575433018,0.140937396333925
"no plate","case+lithium (BP on-Li vs ctrl)","PRE","444 (all)",444,12353,"prefilter","TMM",FALSE,"case + age + sex + tobacco + group + rin + seqpc1 + seqpc2 + seqpc3 + lithium",12353,11,433,5.42559980399102,438.425599803991,0.91787620705644,0.918245893625981,0.868614911357565,5659,3031,2805,0.476635514018692,5.6107195156585e-07,434.184575433018,4.24102437097332
"documented, FILTERED libsize","case+0.5*lithium (BP vs ctrl)","PRE","444 (all)",444,12353,"filtered","TMM",FALSE,"case + age + sex + tobacco + group + rin + plate + seqpc1 + seqpc2 + seqpc3 + lithium",12353,15,429,5.19607480426736,434.196074804267,0.917060602340297,0.928178470409015,0.873067271108233,1214,3031,1159,0.375567077122489,0.0201970676872136,434.184575433018,0.0114993712496698
"norm = TMMwsp","case+0.5*lithium (BP vs ctrl)","PRE","444 (all)",444,12353,"prefilter","TMMwsp",FALSE,"case + age + sex + tobacco + group + rin + plate + seqpc1 + seqpc2 + seqpc3 + lithium",12353,15,429,5.19757340310889,434.197573403109,0.916998027813751,0.929407674518738,0.878491054804501,1252,3031,1191,0.385187580853816,5.60612484434841e-07,434.184575433018,0.0129979700911917
"restricted to WGCNA gene set","case+0.5*lithium (BP vs ctrl)","PRE","444 (all)",444,12344,"prefilter","TMM",FALSE,"case + age + sex + tobacco + group + rin + plate + seqpc1 + seqpc2 + seqpc3 + lithium",12344,15,429,5.19926296831425,434.199262968314,0.917016156185091,0.929031495262602,0.876944264419961,1218,3031,1162,0.376417233560091,5.60492757983866e-07,434.184575433018,0.0146875352965594
"norm = RLE","case+0.5*lithium (BP vs ctrl)","PRE","444 (all)",444,12353,"prefilter","RLE",FALSE,"case + age + sex + tobacco + group + rin + plate + seqpc1 + seqpc2 + seqpc3 + lithium",12353,15,429,5.15083760284934,434.150837602849,0.916816931603003,0.928013579818286,0.874281551040233,1205,3031,1151,0.373095623987034,5.60465434062962e-07,434.184575433018,-0.0337378301683771
"documented covariates","case+0.5*lithium (BP vs ctrl)","PRE","444 (all)",444,12353,"prefilter","TMM",FALSE,"case + age + sex + tobacco + group + rin + plate + seqpc1 + seqpc2 + seqpc3 + lithium",12353,15,429,5.18871947295243,434.188719472952,0.916357313847939,0.928632665837324,0.876386302922367,1245,3031,1188,0.384715025906736,5.6107195156585e-07,434.184575433018,0.00414403993471524
"no tobacco","case+0.5*lithium (BP vs ctrl)","PRE","444 (all)",444,12353,"prefilter","TMM",FALSE,"case + age + sex + group + rin + plate + seqpc1 + seqpc2 + seqpc3 + lithium",12353,14,430,5.16310937714436,435.163109377144,0.910632522222673,0.928111482293983,0.878005342831701,1460,3031,1349,0.429344366645449,5.6107195156585e-07,434.184575433018,0.978533944126639
"voom normalize = quantile","case+0.5*lithium (BP vs ctrl)","PRE","444 (all)",444,12353,"prefilter","TMM",TRUE,"case + age + sex + tobacco + group + rin + plate + seqpc1 + seqpc2 + seqpc3 + lithium",12353,15,429,5.05319039994711,434.053190399947,0.908703000198443,0.915043298991958,0.8758196389541,1095,3031,1003,0.321165545949408,0.145274590754717,434.184575433018,-0.131385033070615
"plate as numeric","case+0.5*lithium (BP vs ctrl)","PRE","444 (all)",444,12353,"prefilter","TMM",FALSE,"case + age + sex + tobacco + group + rin + platenum + seqpc1 + seqpc2 + seqpc3 + lithium",12353,12,432,5.32479558984971,437.32479558985,0.908488417368512,0.917737423908095,0.867967295393831,1393,3031,1299,0.41568,5.6107195156585e-07,434.184575433018,3.14022015683202
"seqPC1 only","case+0.5*lithium (BP vs ctrl)","PRE","444 (all)",444,12353,"prefilter","TMM",FALSE,"case + age + sex + tobacco + group + rin + plate + seqpc1 + lithium",12353,13,431,5.10482566864826,436.104825668648,0.90702406080007,0.92111296676036,0.869910143285032,699,3031,686,0.225361366622865,5.6107195156585e-07,434.184575433018,1.92025023563059
"no RIN","case+0.5*lithium (BP vs ctrl)","PRE","444 (all)",444,12353,"prefilter","TMM",FALSE,"case + age + sex + tobacco + group + plate + seqpc1 + seqpc2 + seqpc3 + lithium",12353,14,430,5.20937001888622,435.209370018886,0.905813300288664,0.916385860138844,0.871529183194366,3340,3031,2368,0.591556332750437,5.6107195156585e-07,434.184575433018,1.02479458586851
"seqPC1+2 only","case+0.5*lithium (BP vs ctrl)","PRE","444 (all)",444,12353,"prefilter","TMM",FALSE,"case + age + sex + tobacco + group + rin + plate + seqpc1 + seqpc2 + lithium",12353,14,430,5.07947575746743,435.079475757467,0.905415230886335,0.920200225987162,0.868695863353032,714,3031,698,0.229077781424352,5.6107195156585e-07,434.184575433018,0.894900324449736
"no seq PCs","case+0.5*lithium (BP vs ctrl)","PRE","444 (all)",444,12353,"prefilter","TMM",FALSE,"case + age + sex + tobacco + group + rin + plate + lithium",12353,12,432,5.10970874391515,437.109708743915,0.90371985448415,0.919353513983823,0.867643487411965,710,3031,697,0.228975032851511,5.6107195156585e-07,434.184575433018,2.92513331089748
"no assessment group","case+lithium (BP on-Li vs ctrl)","PRE","444 (all)",444,12353,"prefilter","TMM",FALSE,"case + age + sex + tobacco + rin + plate + seqpc1 + seqpc2 + seqpc3 + lithium",12353,14,430,5.19456704773948,435.194567047739,0.892609544474855,0.883566467159034,0.847729296527159,3818,3031,2303,0.506599208095029,5.6107195156585e-07,434.184575433018,1.0099916147218
"sample set: BP2 excluded","case+0.5*lithium (BP vs ctrl)","PRE","431 (no BP2)",431,12353,"prefilter","TMM",FALSE,"case + age + sex + tobacco + group + rin + plate + seqpc1 + seqpc2 + seqpc3 + lithium",12353,15,416,5.20159825627301,421.201598256273,0.870734107019795,0.890007294823885,0.841576944871691,521,3031,507,0.166502463054187,0.0287880135424898,434.184575433018,-12.9829771767447
"minimal (age+sex only)","case+lithium (BP on-Li vs ctrl)","PRE","444 (all)",444,12353,"prefilter","TMM",FALSE,"case + age + sex + lithium",12353,5,439,5.47215825651865,444.472158256519,0.850769395005379,0.841203852653735,0.827410345665021,3936,3031,2102,0.432065775950668,5.6107195156585e-07,434.184575433018,10.2875828235009
"no assessment group","case+0.5*lithium (BP vs ctrl)","PRE","444 (all)",444,12353,"prefilter","TMM",FALSE,"case + age + sex + tobacco + rin + plate + seqpc1 + seqpc2 + seqpc3 + lithium",12353,14,430,5.19456704773948,435.194567047739,0.819669534653828,0.817940361331672,0.807819962762082,1688,3031,1179,0.333050847457627,5.6107195156585e-07,434.184575433018,1.0099916147218
"no plate","case+0.5*lithium (BP vs ctrl)","PRE","444 (all)",444,12353,"prefilter","TMM",FALSE,"case + age + sex + tobacco + group + rin + seqpc1 + seqpc2 + seqpc3 + lithium",12353,11,433,5.42559980399102,438.425599803991,0.799466291566066,0.811877474488664,0.803448555006881,5459,3031,2448,0.405163853028798,5.6107195156585e-07,434.184575433018,4.24102437097332
"minimal (age+sex only)","case+0.5*lithium (BP vs ctrl)","PRE","444 (all)",444,12353,"prefilter","TMM",FALSE,"case + age + sex + lithium",12353,5,439,5.47215825651865,444.472158256519,0.767628521203276,0.782118793962274,0.796405731401279,2367,3031,1387,0.345799052605335,5.6107195156585e-07,434.184575433018,10.2875828235009
"sample set: BP2 excluded","lithium (BP on-Li vs BP off-Li)","PRE","431 (no BP2)",431,12353,"prefilter","TMM",FALSE,"case + age + sex + tobacco + group + rin + plate + seqpc1 + seqpc2 + seqpc3 + lithium",12353,15,416,5.20159825627301,421.201598256273,0.718085522741974,0.73342643532455,0.761515421355136,2573,3031,1342,0.314875645236978,0.0287880135424898,434.184575433018,-12.9829771767447
"diagnosis as 3 levels","lithium (BP on-Li vs BP off-Li)","PRE","444 (all)",444,12353,"prefilter","TMM",FALSE,"dx3 + age + sex + tobacco + group + rin + plate + seqpc1 + seqpc2 + seqpc3 + lithium",12353,16,428,5.19745626509017,433.19745626509,0.714579673718793,0.728260323505511,0.759086861491136,2505,3031,1316,0.311848341232227,5.6107195156585e-07,434.184575433018,-0.987119167927517
"no RIN","lithium (BP on-Li vs BP off-Li)","PRE","444 (all)",444,12353,"prefilter","TMM",FALSE,"case + age + sex + tobacco + group + plate + seqpc1 + seqpc2 + seqpc3 + lithium",12353,14,430,5.20937001888622,435.209370018886,0.704730698895301,0.716022136092047,0.752691653849267,1061,3031,702,0.207079646017699,5.6107195156585e-07,434.184575433018,1.02479458586851
"voom normalize = quantile","lithium (BP on-Li vs BP off-Li)","PRE","444 (all)",444,12353,"prefilter","TMM",TRUE,"case + age + sex + tobacco + group + rin + plate + seqpc1 + seqpc2 + seqpc3 + lithium",12353,15,429,5.05319039994711,434.053190399947,0.700123955418779,0.720189538808619,0.755039261717801,1068,3031,725,0.214878482513337,0.145274590754717,434.184575433018,-0.131385033070615
"no assessment group","lithium (BP on-Li vs BP off-Li)","PRE","444 (all)",444,12353,"prefilter","TMM",FALSE,"case + age + sex + tobacco + rin + plate + seqpc1 + seqpc2 + seqpc3 + lithium",12353,14,430,5.19456704773948,435.194567047739,0.694592694419232,0.706406936185197,0.746782158180199,953,3031,639,0.191031390134529,5.6107195156585e-07,434.184575433018,1.0099916147218
"plate as numeric","lithium (BP on-Li vs BP off-Li)","PRE","444 (all)",444,12353,"prefilter","TMM",FALSE,"case + age + sex + tobacco + group + rin + platenum + seqpc1 + seqpc2 + seqpc3 + lithium",12353,12,432,5.32479558984971,437.32479558985,0.691951405478175,0.701693748955637,0.745972638225532,992,3031,647,0.19164691943128,5.6107195156585e-07,434.184575433018,3.14022015683202
"norm = none","lithium (BP on-Li vs BP off-Li)","PRE","444 (all)",444,12353,"prefilter","none",FALSE,"case + age + sex + tobacco + group + rin + plate + seqpc1 + seqpc2 + seqpc3 + lithium",12353,15,429,6.71413840016853,435.714138400169,0.688308346838166,0.693048374572749,0.683072937747915,2900,3031,1225,0.260305992350191,5.63636191941441e-07,434.184575433018,1.52956296715081
"norm = TMMwsp","lithium (BP on-Li vs BP off-Li)","PRE","444 (all)",444,12353,"prefilter","TMMwsp",FALSE,"case + age + sex + tobacco + group + rin + plate + seqpc1 + seqpc2 + seqpc3 + lithium",12353,15,429,5.19757340310889,434.197573403109,0.688158762025899,0.698481987382559,0.743544078361532,1000,3031,652,0.192956496004735,5.60612484434841e-07,434.184575433018,0.0129979700911917
"restricted to WGCNA gene set","lithium (BP on-Li vs BP off-Li)","PRE","444 (all)",444,12344,"prefilter","TMM",FALSE,"case + age + sex + tobacco + group + rin + plate + seqpc1 + seqpc2 + seqpc3 + lithium",12344,15,429,5.19926296831425,434.199262968314,0.688076369130461,0.699664826384502,0.743114063512638,998,3031,658,0.195194304360724,5.60492757983866e-07,434.184575433018,0.0146875352965594
"norm = RLE","lithium (BP on-Li vs BP off-Li)","PRE","444 (all)",444,12353,"prefilter","RLE",FALSE,"case + age + sex + tobacco + group + rin + plate + seqpc1 + seqpc2 + seqpc3 + lithium",12353,15,429,5.15083760284934,434.150837602849,0.687839882337925,0.697673984412495,0.743786934347932,987,3031,643,0.190518518518519,5.60465434062962e-07,434.184575433018,-0.0337378301683771
"no tobacco","lithium (BP on-Li vs BP off-Li)","PRE","444 (all)",444,12353,"prefilter","TMM",FALSE,"case + age + sex + group + rin + plate + seqpc1 + seqpc2 + seqpc3 + lithium",12353,14,430,5.16310937714436,435.163109377144,0.687503852726267,0.695973858150288,0.742491702420465,993,3031,649,0.192296296296296,5.6107195156585e-07,434.184575433018,0.978533944126639
"documented, FILTERED libsize","lithium (BP on-Li vs BP off-Li)","PRE","444 (all)",444,12353,"filtered","TMM",FALSE,"case + age + sex + tobacco + group + rin + plate + seqpc1 + seqpc2 + seqpc3 + lithium",12353,15,429,5.19607480426736,434.196074804267,0.686788299072321,0.698283991491647,0.742896462397798,1023,3031,668,0.197282929710573,0.0201970676872136,434.184575433018,0.0114993712496698
"documented covariates","lithium (BP on-Li vs BP off-Li)","PRE","444 (all)",444,12353,"prefilter","TMM",FALSE,"case + age + sex + tobacco + group + rin + plate + seqpc1 + seqpc2 + seqpc3 + lithium",12353,15,429,5.18871947295243,434.188719472952,0.686737504556113,0.695968504032224,0.742896462397798,980,3031,639,0.189501779359431,5.6107195156585e-07,434.184575433018,0.00414403993471524
"norm = upperquartile","lithium (BP on-Li vs BP off-Li)","PRE","444 (all)",444,12353,"prefilter","upperquartile",FALSE,"case + age + sex + tobacco + group + rin + plate + seqpc1 + seqpc2 + seqpc3 + lithium",12353,15,429,5.32551282935163,434.325512829352,0.686654141603728,0.703341552528095,0.739577430583664,1095,3031,715,0.209615948402228,5.5994443215468e-07,434.184575433018,0.140937396333925
"seqPC1 only","lithium (BP on-Li vs BP off-Li)","PRE","444 (all)",444,12353,"prefilter","TMM",FALSE,"case + age + sex + tobacco + group + rin + plate + seqpc1 + lithium",12353,13,431,5.10482566864826,436.104825668648,0.680311211704686,0.683232965329121,0.738848862624464,861,3031,561,0.168417892524767,5.6107195156585e-07,434.184575433018,1.92025023563059
"seqPC1+2 only","lithium (BP on-Li vs BP off-Li)","PRE","444 (all)",444,12353,"prefilter","TMM",FALSE,"case + age + sex + tobacco + group + rin + plate + seqpc1 + seqpc2 + lithium",12353,14,430,5.07947575746743,435.079475757467,0.680096077707836,0.683110953699703,0.738039342669797,851,3031,562,0.169277108433735,5.6107195156585e-07,434.184575433018,0.894900324449736
"no seq PCs","lithium (BP on-Li vs BP off-Li)","PRE","444 (all)",444,12353,"prefilter","TMM",FALSE,"case + age + sex + tobacco + group + rin + plate + lithium",12353,12,432,5.10970874391515,437.109708743915,0.672178120014317,0.674266760736003,0.733910790900996,969,3031,597,0.175433441081399,5.6107195156585e-07,434.184575433018,2.92513331089748
"sample set: cases only","lithium (BP on-Li vs BP off-Li)","PRE","239 (cases)",239,12353,"prefilter","TMM",FALSE,"age + sex + tobacco + group + rin + plate + seqpc1 + seqpc2 + seqpc3 + lithium",12353,13,226,5.11686161795704,231.116861617957,0.657245013199961,0.663784786603507,0.727515583259127,434,3031,329,0.104910714285714,0.294295734482312,434.184575433018,-203.067713815061
"minimal (age+sex only)","lithium (BP on-Li vs BP off-Li)","PRE","444 (all)",444,12353,"prefilter","TMM",FALSE,"case + age + sex + lithium",12353,5,439,5.47215825651865,444.472158256519,0.642350360042582,0.624504876980769,0.713187080061524,576,3031,383,0.118796526054591,5.6107195156585e-07,434.184575433018,10.2875828235009
"no plate","lithium (BP on-Li vs BP off-Li)","PRE","444 (all)",444,12353,"prefilter","TMM",FALSE,"case + age + sex + tobacco + group + rin + seqpc1 + seqpc2 + seqpc3 + lithium",12353,11,433,5.42559980399102,438.425599803991,0.640409900284792,0.626132614764536,0.71423945600259,773,3031,482,0.145093317278748,5.6107195156585e-07,434.184575433018,4.24102437097332
"documented + 18 cell types","case+lithium (BP on-Li vs ctrl)","POST","444 (all)",444,12353,"prefilter","TMM",FALSE,"case + age + sex + tobacco + group + rin + plate + seqpc1 + seqpc2 + seqpc3 + b.cells.naive + b.cells.memory + plasma.cells + t.cells.cd8 + t.cells.cd4.naive + t.cells.cd4.memory.resting + t.cells.cd4.memory.activated + t.cells.gamma.delta + nk.cells.resting + nk.cells.activated + monocytes + macrophages.m0 + macrophages.m2 + dendritic.cells.resting + dendritic.cells.activated + mast.cells.resting + eosinophils + neutrophils + lithium",12353,33,411,5.59449026007079,416.594490260071,0.620011539219491,0.633272723071659,0.69910143285032,1105,233,177,0.152454780361757,5.6107195156585e-07,416.356526469547,0.237963790523452
"no RIN","case (BP off-Li vs ctrl)","PRE","444 (all)",444,12353,"prefilter","TMM",FALSE,"case + age + sex + tobacco + group + plate + seqpc1 + seqpc2 + seqpc3 + lithium",12353,14,430,5.20937001888622,435.209370018886,0.619220227158597,0.666273734278166,0.733667934914596,659,3031,450,0.138888888888889,5.6107195156585e-07,434.184575433018,1.02479458586851
"no tobacco","case (BP off-Li vs ctrl)","PRE","444 (all)",444,12353,"prefilter","TMM",FALSE,"case + age + sex + group + rin + plate + seqpc1 + seqpc2 + seqpc3 + lithium",12353,14,430,5.16310937714436,435.163109377144,0.558134186353129,0.608825435988916,0.707196632396989,20,3031,13,0.00427913100724161,5.6107195156585e-07,434.184575433018,0.978533944126639
"norm = none","case (BP off-Li vs ctrl)","PRE","444 (all)",444,12353,"prefilter","none",FALSE,"case + age + sex + tobacco + group + rin + plate + seqpc1 + seqpc2 + seqpc3 + lithium",12353,15,429,6.71413840016853,435.714138400169,0.555518691995965,0.58391755992648,0.707358536387922,1,3031,1,0.000329924117452986,5.63636191941441e-07,434.184575433018,1.52956296715081
"no plate","case (BP off-Li vs ctrl)","PRE","444 (all)",444,12353,"prefilter","TMM",FALSE,"case + age + sex + tobacco + group + rin + seqpc1 + seqpc2 + seqpc3 + lithium",12353,11,433,5.42559980399102,438.425599803991,0.555280582207494,0.605541849136841,0.714563263984457,3784,3031,1497,0.281496803309515,5.6107195156585e-07,434.184575433018,4.24102437097332
"norm = upperquartile","case (BP off-Li vs ctrl)","PRE","444 (all)",444,12353,"prefilter","upperquartile",FALSE,"case + age + sex + tobacco + group + rin + plate + seqpc1 + seqpc2 + seqpc3 + lithium",12353,15,429,5.32551282935163,434.325512829352,0.548736054845032,0.586917562329497,0.690925281308184,1,3031,1,0.000329924117452986,5.5994443215468e-07,434.184575433018,0.140937396333925
"restricted to WGCNA gene set","case (BP off-Li vs ctrl)","PRE","444 (all)",444,12344,"prefilter","TMM",FALSE,"case + age + sex + tobacco + group + rin + plate + seqpc1 + seqpc2 + seqpc3 + lithium",12344,15,429,5.19926296831425,434.199262968314,0.548236932671601,0.595113804674766,0.700421257290992,7,3031,6,0.00197889182058048,5.60492757983866e-07,434.184575433018,0.0146875352965594
"documented, FILTERED libsize","case (BP off-Li vs ctrl)","PRE","444 (all)",444,12353,"filtered","TMM",FALSE,"case + age + sex + tobacco + group + rin + plate + seqpc1 + seqpc2 + seqpc3 + lithium",12353,15,429,5.19607480426736,434.196074804267,0.547204447850509,0.590360147479256,0.694649073099652,6,3031,5,0.0016490765171504,0.0201970676872136,434.184575433018,0.0114993712496698
"norm = TMMwsp","case (BP off-Li vs ctrl)","PRE","444 (all)",444,12353,"prefilter","TMMwsp",FALSE,"case + age + sex + tobacco + group + rin + plate + seqpc1 + seqpc2 + seqpc3 + lithium",12353,15,429,5.19757340310889,434.197573403109,0.547219580002067,0.59706635360144,0.701368088723387,1,3031,1,0.000329924117452986,5.60612484434841e-07,434.184575433018,0.0129979700911917
"documented covariates","case (BP off-Li vs ctrl)","PRE","444 (all)",444,12353,"prefilter","TMM",FALSE,"case + age + sex + tobacco + group + rin + plate + seqpc1 + seqpc2 + seqpc3 + lithium",12353,15,429,5.18871947295243,434.188719472952,0.54702217801733,0.598510040948555,0.701449040718854,7,3031,6,0.00197889182058048,5.6107195156585e-07,434.184575433018,0.00414403993471524
"norm = RLE","case (BP off-Li vs ctrl)","PRE","444 (all)",444,12353,"prefilter","RLE",FALSE,"case + age + sex + tobacco + group + rin + plate + seqpc1 + seqpc2 + seqpc3 + lithium",12353,15,429,5.15083760284934,434.150837602849,0.546966943785518,0.59414567029952,0.699506192827653,10,3031,6,0.00197693574958814,5.60465434062962e-07,434.184575433018,-0.0337378301683771
"plate as numeric","case (BP off-Li vs ctrl)","PRE","444 (all)",444,12353,"prefilter","TMM",FALSE,"case + age + sex + tobacco + group + rin + platenum + seqpc1 + seqpc2 + seqpc3 + lithium",12353,12,432,5.32479558984971,437.32479558985,0.540101121043145,0.593012290980533,0.701449040718854,0,3031,0,0,5.6107195156585e-07,434.184575433018,3.14022015683202
"voom normalize = quantile","case (BP off-Li vs ctrl)","PRE","444 (all)",444,12353,"prefilter","TMM",TRUE,"case + age + sex + tobacco + group + rin + plate + seqpc1 + seqpc2 + seqpc3 + lithium",12353,15,429,5.05319039994711,434.053190399947,0.53159431760478,0.566193497825138,0.698777624868453,8,3031,5,0.0016479894528675,0.145274590754717,434.184575433018,-0.131385033070615
"seqPC1 only","case (BP off-Li vs ctrl)","PRE","444 (all)",444,12353,"prefilter","TMM",FALSE,"case + age + sex + tobacco + group + rin + plate + seqpc1 + lithium",12353,13,431,5.10482566864826,436.104825668648,0.528238264381439,0.576706521782708,0.693596697158585,0,3031,0,0,5.6107195156585e-07,434.184575433018,1.92025023563059
"seqPC1+2 only","case (BP off-Li vs ctrl)","PRE","444 (all)",444,12353,"prefilter","TMM",FALSE,"case + age + sex + tobacco + group + rin + plate + seqpc1 + seqpc2 + lithium",12353,14,430,5.07947575746743,435.079475757467,0.525285546243584,0.574418402796645,0.691896705253785,0,3031,0,0,5.6107195156585e-07,434.184575433018,0.894900324449736
"no seq PCs","case (BP off-Li vs ctrl)","PRE","444 (all)",444,12353,"prefilter","TMM",FALSE,"case + age + sex + tobacco + group + rin + plate + lithium",12353,12,432,5.10970874391515,437.109708743915,0.517613511051949,0.568031773525783,0.690196713348984,0,3031,0,0,5.6107195156585e-07,434.184575433018,2.92513331089748
"minimal (age+sex only)","case (BP off-Li vs ctrl)","PRE","444 (all)",444,12353,"prefilter","TMM",FALSE,"case + age + sex + lithium",12353,5,439,5.47215825651865,444.472158256519,0.461362144131718,0.492290496702667,0.666234922690844,100,3031,44,0.0142533203757694,5.6107195156585e-07,434.184575433018,10.2875828235009
"no assessment group","case (BP off-Li vs ctrl)","PRE","444 (all)",444,12353,"prefilter","TMM",FALSE,"case + age + sex + tobacco + rin + plate + seqpc1 + seqpc2 + seqpc3 + lithium",12353,14,430,5.19456704773948,435.194567047739,0.433661897987743,0.439835936705592,0.645025499878572,15,3031,9,0.00296345077378992,5.6107195156585e-07,434.184575433018,1.0099916147218
"sample set: BP2 excluded","case (BP off-Li vs ctrl)","PRE","431 (no BP2)",431,12353,"prefilter","TMM",FALSE,"case + age + sex + tobacco + group + rin + plate + seqpc1 + seqpc2 + seqpc3 + lithium",12353,15,416,5.20159825627301,421.201598256273,0.318373916328293,0.360203952804046,0.604306646158828,3,3031,1,0.000329706561160567,0.0287880135424898,434.184575433018,-12.9829771767447
"diagnosis as 3 levels","BP1 (BP1 off-Li vs ctrl)","PRE","444 (all)",444,12353,"prefilter","TMM",FALSE,"dx3 + age + sex + tobacco + group + rin + plate + seqpc1 + seqpc2 + seqpc3 + lithium",12353,16,428,5.19745626509017,433.19745626509,0.30906132179358,0.356181519116366,0.600663806362827,4,3031,2,0.000659413122321134,5.6107195156585e-07,434.184575433018,-0.987119167927517
"documented + 18 cell types","case+0.5*lithium (BP vs ctrl)","POST","444 (all)",444,12353,"prefilter","TMM",FALSE,"case + age + sex + tobacco + group + rin + plate + seqpc1 + seqpc2 + seqpc3 + b.cells.naive + b.cells.memory + plasma.cells + t.cells.cd8 + t.cells.cd4.naive + t.cells.cd4.memory.resting + t.cells.cd4.memory.activated + t.cells.gamma.delta + nk.cells.resting + nk.cells.activated + monocytes + macrophages.m0 + macrophages.m2 + dendritic.cells.resting + dendritic.cells.activated + mast.cells.resting + eosinophils + neutrophils + lithium",12353,33,411,5.59449026007079,416.594490260071,0.285527917652925,0.323130484603693,0.591840038856958,253,233,63,0.148936170212766,5.6107195156585e-07,416.356526469547,0.237963790523452
"documented + 18 cell types","case (BP off-Li vs ctrl)","POST","444 (all)",444,12353,"prefilter","TMM",FALSE,"case + age + sex + tobacco + group + rin + plate + seqpc1 + seqpc2 + seqpc3 + b.cells.naive + b.cells.memory + plasma.cells + t.cells.cd8 + t.cells.cd4.naive + t.cells.cd4.memory.resting + t.cells.cd4.memory.activated + t.cells.gamma.delta + nk.cells.resting + nk.cells.activated + monocytes + macrophages.m0 + macrophages.m2 + dendritic.cells.resting + dendritic.cells.activated + mast.cells.resting + eosinophils + neutrophils + lithium",12353,33,411,5.59449026007079,416.594490260071,-0.18662676739221,-0.129420350641337,0.46369303003319,0,233,0,0,5.6107195156585e-07,416.356526469547,0.237963790523452
