"variable","type","paper_case","our_case","paper_control","our_control","paper_p_case_vs_control","our_p_case_vs_control","paper_lithium","our_lithium","paper_nonlithium","our_nonlithium","paper_p_lithium","our_p_lithium","note"
"Total","count","240","239","204","205","-","-","152","152","88","87","-","-","deposit has one fewer case / one more control than the paper"
"Female sex","categorical","131 (54.6%)","130 (54.4%)","119 (58.3%)","120 (58.5%)","0.44","0.389","90 (59.2%)","90 (59.2%)","41 (46.6%)","40 (46.0%)","0.061","0.0588",""
"Lithium use","categorical","152 (63.3%)","152 (63.6%)","0 (0%)","0 (0.0%)","<2.2e-16","2.01e-56","152 (100%)","152 (100.0%)","0 (0%)","0 (0.0%)","-","-","defining variable of the lithium columns; no test possible there"
"Tobacco use","categorical","74 (30.8%)","74 (31.0%)","39 (19.1%)","39 (19.0%)","6.14e-3","0.00446","48 (31.6%)","48 (31.6%)","26 (29.5%)","26 (29.9%)","0.77","0.885",""
"Ascertainment group A","categorical","240 (100%)","239 (100.0%)","111 (53.4%)","112 (54.6%)","<2.2e-16","2.77e-38","152 (100%)","152 (100.0%)","88 (100%)","87 (100.0%)","1.00","1","paper prints 111 (53.4%) for controls; 111/204 = 54.4%, so their n and % disagree"
"Sequencing plate 1","categorical","48 (20.0%)","48 (20.1%)","38 (18.6%)","38 (18.5%)","1.00","0.719","28 (18.4%)","28 (18.4%)","20 (22.7%)","20 (23.0%)","0.83","0.406","per-plate 2x2 Fisher"
"Sequencing plate 2","categorical","48 (20.0%)","47 (19.7%)","41 (20.1%)","42 (20.5%)","1.00","0.905","29 (19.1%)","29 (19.1%)","19 (21.6%)","18 (20.7%)","0.83","0.866","per-plate 2x2 Fisher"
"Sequencing plate 3","categorical","48 (20.0%)","48 (20.1%)","41 (20.1%)","41 (20.0%)","1.00","1","30 (19.7%)","30 (19.7%)","18 (20.5%)","18 (20.7%)","0.83","0.868","per-plate 2x2 Fisher"
"Sequencing plate 4","categorical","48 (20.0%)","48 (20.1%)","42 (20.6%)","42 (20.5%)","1.00","1","33 (21.7%)","33 (21.7%)","15 (17.0%)","15 (17.2%)","0.83","0.503","per-plate 2x2 Fisher"
"Sequencing plate 5","categorical","48 (20.0%)","48 (20.1%)","42 (20.6%)","42 (20.5%)","1.00","1","32 (21.1%)","32 (21.1%)","16 (18.2%)","16 (18.4%)","0.83","0.738","per-plate 2x2 Fisher"
"Sequencing plate (overall 2x5)","categorical","-","-","-","-","1.00","0.996","-","-","-","-","0.83","0.848","single omnibus test; the paper repeats one p across all five plate rows"
"Age","continuous","50.3 (12.4)","50.2 (12.3)","43.4 (14.8)","43.6 (15)","1.95e-7","6.46e-07","48.0 (13.1)","48 (13.1)","54.3 (10.0)","54 (9.66)","5.00e-5","8.71e-05","Welch t-test"
"RIN","continuous","7.50 (0.764)","7.5 (0.766)","7.70 (0.599)","7.7 (0.598)","1.92e-3","0.00203","7.48 (0.633)","7.48 (0.633)","7.54 (0.952)","7.54 (0.958)","0.56","0.558","Welch t-test"
"Sequencing metric PC1","continuous","5.48e-4 (0.0458)","0.000591 (0.0459)","6.21e-4 (0.0462)","0.000571 (0.0461)","0.99","0.996","-7.35e-5 (0.0458)","-7.35e-05 (0.0458)","1.62e-3 (0.0462)","0.00175 (0.0464)","0.78","0.769","Welch t-test"
"Sequencing metric PC2","continuous","4.55e-3 (0.0563)","0.00459 (0.0564)","-4.34e-3 (0.0324)","-0.00434 (0.0323)","0.039","0.0381","6.16e-3 (0.0591)","0.00616 (0.0591)","1.78e-3 (0.0514)","0.00185 (0.0517)","0.55","0.557","Welch t-test"
"Sequencing metric PC3","continuous","6.92e-3 (0.0421)","0.00678 (0.0421)","-6.44e-3 (0.0491)","-0.00621 (0.0491)","2.44e-3","0.00319","6.43e-3 (0.0410)","0.00643 (0.041)","7.77e-3 (0.0441)","0.00739 (0.0442)","0.82","0.868","Welch t-test"
