"module","size","r_lithium","p_lithium","r_bd","p_bd","deg_overlap","deg_p","r_mm_gs_lithium","lithium_sig","bd_sig","best_published","match_overlap","jaccard"
"lightcyan",656,0.187673041109098,6.92708155867939e-05,0.127415287618827,0.00718377064023797,127,1.36314758392778e-20,0.546297574633882,TRUE,FALSE,"M11 (bisque4)",422,0.492990654205608
"orange",358,-0.18227921526672,0.000112260197220523,-0.146690857213147,0.00194151915327,21,0.966700192699489,0.547921265205719,TRUE,FALSE,"M26 (brown4)",300,0.553505535055351
"grey60",445,-0.17370685374362,0.000235152613226927,-0.141029349978944,0.00289952472317011,21,0.998892199054915,0.54142380983314,TRUE,FALSE,"M7 (lightsteelblue1)",412,0.562073669849932
"thistle2",53,0.163439051142292,0.000545329001296094,0.0745064332668486,0.116950709865989,17,6.33778114376994e-07,0.664534702630726,TRUE,FALSE,"M9 (plum2)",51,0.894736842105263
"purple",1560,0.155310319655636,0.00102595603307955,0.0578602757329661,0.223690074412286,369,1.76842412694852e-92,0.299827651533876,TRUE,FALSE,"M1 (brown)",1477,0.679080459770115
"plum2",107,-0.152284470699696,0.00128827559099499,-0.0944089513437824,0.0467945774261121,9,0.528635613890729,0.552350473618699,TRUE,FALSE,"M18 (darkslateblue)",48,0.417391304347826
"brown4",167,0.147142897188824,0.0018791856700682,0.12313439878407,0.0093992902693304,12,0.735006141629964,0.493837427567123,FALSE,FALSE,"M10 (floralwhite)",135,0.589519650655022
"darkred",142,-0.13538535555386,0.00426490417498575,-0.12196374075659,0.0101025189459347,2,0.999937785750409,0.248848055662663,FALSE,FALSE,"M20 (darkgrey)",135,0.870967741935484
"black",1257,-0.12615983265718,0.00777931745928631,-0.0455984265098181,0.337755941404741,146,8.37638432384989e-06,0.105623970212834,FALSE,FALSE,"M25 (red)",818,0.255704907783682
"bisque4",200,0.121315475957084,0.0105116992402673,0.132326176188865,0.00522675474852271,0,1,0.118785975448922,FALSE,FALSE,"M12 (darkred)",136,0.566666666666667
"plum1",91,-0.108859216200122,0.0217812284489879,-0.0756186316501251,0.111571181751141,3,0.983715583425399,0.249632546420057,FALSE,FALSE,"M7 (lightsteelblue1)",81,0.114084507042254
"turquoise",1697,-0.106208782641455,0.0252221930596002,-0.0330511121921796,0.487270447366312,142,0.448106711482824,0.424882498571957,FALSE,FALSE,"M25 (red)",1237,0.38416149068323
"paleturquoise",122,-0.0786584187467021,0.0978577735742224,-0.0583242914188975,0.219992154639081,4,0.992464095601323,0.157301376749667,FALSE,FALSE,"M6 (darkturquoise)",115,0.71875
"midnightblue",1390,-0.0780975332794065,0.100281769851746,-0.0617293075317875,0.194188067372649,21,1,0.177461001679069,FALSE,FALSE,"M23 (lightcyan1)",644,0.413350449293967
"mediumpurple3",183,0.0679887623218702,0.152651312776003,0.00476679918373142,0.92021720988379,10,0.943155562101728,0.0787447240489575,FALSE,FALSE,"M1 (brown)",103,0.0474217311233886
"darkgreen",142,-0.0664484755976571,0.162186814355555,0.0184603983642649,0.698074309336161,6,0.98053429958706,0.0767202645176889,FALSE,FALSE,"M19 (orange)",114,0.662790697674419
"violet",120,0.0648803672174104,0.172347826438541,0.0688904439343204,0.147270046556463,0,1,0.017588538303857,FALSE,FALSE,"M15 (steelblue)",118,0.967213114754098
"ivory",79,-0.063626665514196,0.180807147122643,-0.0246348244805628,0.604665335462723,1,0.998925603578313,0.217903447178975,FALSE,FALSE,"M7 (lightsteelblue1)",77,0.10968660968661
"darkslateblue",191,-0.0556798250568607,0.241659944214984,-0.0605889739587654,0.202570972012357,5,0.99970513524124,0.0589036126328689,FALSE,FALSE,"M3 (orangered4)",102,0.441558441558442
"orangered4",86,-0.0540736342429046,0.255528983104629,-0.0248012108666778,0.602226798458396,2,0.994849278638216,0.00720493273901016,FALSE,FALSE,"M8 (skyblue3)",60,0.48780487804878
"magenta",439,0.0501978882924924,0.29123378252929,0.0524903380435743,0.2697306106238,7,0.999999999868793,0.022716747835134,FALSE,FALSE,"M13 (black)",434,0.885714285714286
"lightgreen",362,0.05012332479166,0.291951957008084,-0.000485168698971334,0.991866249765111,17,0.997335451541773,0.0472057194534428,FALSE,FALSE,"M4 (darkolivegreen)",157,0.388613861386139
"saddlebrown",129,0.0446679077194492,0.347717022606863,0.00383396171313946,0.935792556234116,5,0.98477712859346,-0.228779447360816,FALSE,FALSE,"M2 (skyblue)",124,0.911764705882353
"darkorange",137,0.040986257844699,0.388928832484379,0.0933239302364703,0.0493905740012605,1,0.999993101279544,-0.0577519657547456,FALSE,FALSE,"M17 (violet)",110,0.753424657534247
"salmon4",50,0.039331532853606,0.408378492230569,0.047782569118177,0.315100649655247,0,1,-0.246438163803443,FALSE,FALSE,"M22 (salmon4)",48,0.96
"darkturquoise",141,0.035410193151574,0.456713654262914,-0.0561400588161671,0.237785125667275,7,0.952441481518204,-0.101262933017063,FALSE,FALSE,"M14 (darkorange)",140,0.985915492957746
"palevioletred3",47,0.0281138502835088,0.554625997914765,0.0185170005526046,0.697194126479323,0,1,-0.127713247151918,FALSE,FALSE,"M13 (black)",39,0.0791075050709939
"darkolivegreen",418,-0.0187443519741591,0.693662836947175,-0.0825122766738472,0.0824396406383639,21,0.996502040772107,0.010500617328869,FALSE,FALSE,"M5 (white)",309,0.603515625
"floralwhite",74,-0.0166706921093882,0.726108015123463,-0.0324682362830948,0.49498635213583,1,0.998341723851691,-0.152870800532057,FALSE,FALSE,"M21 (darkorange2)",71,0.922077922077922
"lightsteelblue1",81,-0.00457769903762494,0.923372297180743,-0.0180621906101254,0.70427795650514,1,0.999096880633174,-0.227737312127864,FALSE,FALSE,"M27 (cyan)",36,0.0593080724876442
"blue",1119,0.00399996928193773,0.933018806282945,0.0706908300011073,0.136959286792956,36,0.999999999999794,-0.0143465208459342,FALSE,FALSE,"M16 (blue)",726,0.597039473684211
