"module","n","kWithin_max","kWithin_mean","kWithin_median","rho_kIM_vs_absGS","rho_kIM_vs_absMM_published","hub_gene","hub_gs_lithium"
"ours:green",462,35.5412892720184,8.33161407589514,5.72462179711469,0.479275679975633,NA,"ENSG00000166266.9",-0.159365661603438
"ours:pink",376,27.8070786116755,5.7531058828987,4.25045065104094,0.42243015971556,NA,"ENSG00000113013.8",-0.20993682232509
"ours:orange",39,2.64922284484932,0.849915608211963,0.804437558953287,0.313157894736842,NA,"ENSG00000183134.4",0.110400462393254
"ours:turquoise",2551,181.212907585389,32.0835861358133,16.2341411732423,0.334943241950509,NA,"ENSG00000059728.6",0.155198087618353
"ours:tan",278,15.2006884592934,3.22738090871629,2.0249517866878,0.309637372203088,NA,"ENSG00000116747.8",-0.138371246918488
"published:M1/brown",2092,121.914526132104,16.4291344025863,5.66206067663102,0.369551077132099,0.974173763198803,"ENSG00000059728.6",0.155198087618353
"published:M7/lightsteelblue1",700,32.4639352000061,5.163862697255,2.6259673573399,0.407559560617179,0.956505403946888,"ENSG00000149480.2",-0.0930506580195564
"published:M9/plum2",55,2.70973123226182,0.644685821477247,0.349912588306508,0.656854256854257,0.989105339105339,"ENSG00000183134.4",0.110400462393254
"published:M11/bisque4",622,48.7925708408876,9.86650625798581,5.44545395314342,0.534236465367742,0.987532111393083,"ENSG00000099308.6",0.193773983454
"published:M26/brown4",484,30.7297767198119,6.63543881593131,3.86264097939885,0.550963481732399,0.97805919275297,"ENSG00000166266.9",-0.159365661603438
