"run","lineage","n_genes","deg","pct","pi0","pi0_lo","pi0_hi","pi0_ci_incl_1","mean_frac"
"LI_ilr","gran",12368,0,0,0.2246,0.2139,0.2355,FALSE,0.3874
"LI_ilr","mono",12368,0,0,1,1,1,TRUE,0.2724
"LI_ilr","T",12368,0,0,1,1,1,TRUE,0.2472
"LI_ilr","NK",12368,0,0,1,1,1,TRUE,0.0785
"LI_ilr","B",12368,0,0,1,1,1,TRUE,0.0145
"BPD_raw","gran",12368,0,0,0.9893,0.9719,1,TRUE,0.3874
"BPD_raw","mono",12368,0,0,0.9562,0.9382,0.9727,FALSE,0.2724
"BPD_raw","T",12368,0,0,1,1,1,TRUE,0.2472
"BPD_raw","NK",12368,0,0,0.6724,0.6554,0.6881,FALSE,0.0785
"BPD_raw","B",12368,0,0,0.836,0.8181,0.8519,FALSE,0.0145
"BPD_ilr","gran",12368,0,0,0.9893,0.9722,1,TRUE,0.3874
"BPD_ilr","mono",12368,0,0,0.9562,0.9403,0.9743,FALSE,0.2724
"BPD_ilr","T",12368,0,0,1,1,1,TRUE,0.2472
"BPD_ilr","NK",12368,0,0,0.6724,0.6552,0.689,FALSE,0.0785
"BPD_ilr","B",12368,0,0,0.836,0.8192,0.8538,FALSE,0.0145
