"covariate","k","deg_fdr05","pi0","pct_of_baseline","jaccard_vs_baseline","extra_R2_on_lithium","se_inflation"
"none (baseline)",0,1382,0.51606013308141,100,1,0,1
"log2 TMM factor",1,158,0.931898463813357,11.4327062228654,0.104734576757532,0.0178457524292934,1.0311032819521
"log2 TMM factor, PERMUTED",1,1469,0.508995317505956,106.29522431259,0.926351351351351,0.000766832326485667,1.00127909285588
"random N(0,1)",1,1383,0.515402940934856,100.072358900145,0.994949494949495,4.2836082020381e-06,1.00000713154151
"log2 library size",1,1439,0.514088556641748,104.124457308249,0.84983606557377,0.0017534993099757,1.0029321181789
"top-50 count share",1,1159,0.533804321038364,83.8639652677279,0.637242268041237,0.00646993101312121,1.01094852988204
"granulocyte fraction",1,234,0.821818779265588,16.931982633864,0.134831460674157,0.0138442683263822,1.02387704165461
"ILR b1 (myeloid vs lymphoid)",1,408,0.715682247597141,29.5224312590449,0.286843997124371,0.00551812296357745,1.00931528201478
"all 4 ILR balances",4,350,0.762671486075741,25.3256150506512,0.210342417889588,0.0115413053872166,1.01978640747912
"expression PC1 (circular)",1,470,0.68380842848928,34.0086830680174,0.245460659045057,0.00861492210353676,1.01465847246464
"expression PC1-3 (circular)",3,458,0.757085352830034,33.1403762662808,0.186331399097357,0.0188067593328143,1.03286165842792
"CIBERSORTx RMSE",1,198,0.866672143267888,14.3270622286541,0.103351955307263,0.0183964310660653,1.03210977155449
