"title","lithium","lib","TMM","TMMwsp","RLE","upperquartile","none","top10","top50","top100","globin","gran","mono","T","NK","B","b1_myeloid_vs_lymphoid","b2_gran_vs_mono","b3_T_vs_NKB","b4_NK_vs_B"
"11R0539",1,6222398,0.990381918371499,0.98961259974972,0.984876710446839,0.983843074155548,1,0.262381801999808,0.328426275529145,0.371808424983423,0.0011646635268268,0.395388353990151,0.331638962260121,0.198712437285732,0.0640279746246435,0.0102322718393524,2.15406413756579,0.124324604932704,1.67334881519098,1.2966736486386
"11R0540",0,6089082,1.0468741576071,1.07867157504801,1.06531700357761,1.03816784699244,1,0.255312048679916,0.321302127315743,0.362491915858581,0.00274162837682265,0.241928402871307,0.329845242690168,0.247746728931337,0.165463427591115,0.0150161979160735,1.31475741728036,-0.219190202022644,1.30922543393838,1.6967880759853
"11R0541",0,6661432,1.03273779573778,1.03906409423885,1.03503797047918,1.03137892517605,1,0.22611954906993,0.293581320052505,0.338705401481243,0.00146079701781839,0.359506140243024,0.316786958744974,0.274767018103522,0.0378703493291263,0.0110695335793539,2.1215677302472,0.0894502547695359,2.12023014192923,0.869721438787765
"11R0546",0,4980440,1.00801892377165,1.01616863895743,1.03134258893941,0.948607224424324,1,0.33536816024287,0.38731618089968,0.420118905156974,0.00308306093437528,0.275463005796748,0.249407340609131,0.397486233054416,0.0296633048183948,0.0479801157213102,1.26357895528629,0.070262282940879,1.92269561039215,-0.340030620660151
"11R0547",1,1206817,1.0301034524425,1.02891539067295,1.02960025070601,1.0200608994514,1,0.229015666832668,0.298855584566674,0.344298265602821,0.00365589811877029,0.436249382188057,0.225748148405617,0.267256556683521,0.0509003554084988,0.0198455573143066,1.73094638800613,0.465837752204369,1.73855314329298,0.666016620032087
"11R0548",1,5792942,0.895862620389656,0.908617050336934,0.898520744430101,0.887350297810237,1,0.321500370623424,0.388115917611466,0.427353493268187,0.00527210526188593,0.395868129240882,0.269241929024708,0.248097312096872,0.0652818308918772,0.0215107987456612,1.68112387554796,0.272569022998854,1.54333092890966,0.785000731339709
"11R0553",1,6222327,0.854713680526163,0.852704860666982,0.851306187801933,0.839484375815437,1,0.371389835346165,0.428933741347891,0.464731602823188,0.0026682943535433,0.430455711598692,0.255629219313572,0.223907802245712,0.0780470013788024,0.011960265463222,1.88515995908437,0.368484946863379,1.62628464992186,1.32633523867806
"11R0557",0,7621006,0.920159266464233,0.934555709229803,0.939147570540152,0.875322051069408,1,0.403413932491327,0.44857398091538,0.476925487265067,0.00188990797277945,0.25876553068322,0.265080168234962,0.329178901930788,0.122316822120438,0.024658577030592,1.05732042934958,-0.0170483000419107,1.46212630302641,1.13242428959631
"11R0561",1,6042414,0.781657740318512,0.804428035479657,0.787542221518855,0.754355194327575,1,0.464516996021789,0.510197414477062,0.537956353205854,0.00369670135147972,0.371651486617795,0.166763209361123,0.338353301694311,0.0740017610230961,0.0492302413036752,0.922769943583965,0.566662401150866,1.40747037868442,0.288203144177813
"11R0565",1,7213300,0.875328891513688,0.85044067916601,0.867861802175052,0.885590664627021,1,0.303504775900073,0.372878016996382,0.414603163600571,0.000669457807106317,0.427220232511976,0.30087302223617,0.201592552277663,0.0652225800851124,0.00509161288907922,2.38600104714899,0.24791964516116,1.96248905116098,1.80327154448387
"11R0569",1,7421252,1.07718271285711,1.08077301644087,1.07338371035194,1.05131161844996,1,0.241610984238239,0.303720585151939,0.344195157366978,0.000968973968273817,0.400197272056431,0.253491778112463,0.291979123043245,0.0285621548164267,0.0257696719714342,1.83047794588625,0.322883494262081,1.94003005797217,0.0727501776397657
"11R0571",1,5984728,0.986044221257664,0.988050759646455,0.980103526412486,0.953422734141599,1,0.32852704416976,0.381398787045961,0.414186242048093,0.000551737689666097,0.398689548169756,0.236143262910637,0.266182682918195,0.0525937696450375,0.0463907363563744,1.38575715016779,0.370343197184534,1.37525305222974,0.0887403970985394
"11R0575",0,5557522,0.857631498211353,0.870958830919863,0.864036674172827,0.844119082081013,1,0.384194250603057,0.440974952505811,0.474964021734867,0.00304092363467027,0.378078745789415,0.227241772689316,0.308598693486999,0.0437679674262416,0.0423128206080292,1.38232082599806,0.359979554041796,1.60853544448504,0.0239087544012451
"11R0577",1,8168443,0.904815828479457,0.923323050203141,0.913314526619809,0.896084971873554,1,0.351898886972707,0.408481273603794,0.442982463120573,0.00224987797552116,0.3540471125447,0.275748029041947,0.313818661023562,0.0544916615537173,0.0018945358360737,2.50036785712905,0.176736022572312,2.80083191814046,2.37522387931793
"11R0580",1,6325380,1.04547620889635,1.03526137713987,1.04206115074272,1.03620432587264,1,0.238343783298395,0.303295137999614,0.344910345307318,0.000521075413651038,0.399663198071821,0.280102202767001,0.210135403160758,0.10088034118172,0.0092188548186988,1.91912019391009,0.251353579550166,1.57596834761862,1.69188325846039
"11R0589",0,8837308,0.81889901876191,0.820767789706807,0.826480918114531,0.843322762770417,1,0.365216760579127,0.428726598642935,0.467223729217087,0.00355662606757623,0.388098346042065,0.280413882645683,0.260558692528956,0.0511356857127413,0.0197933930705546,1.79420370699253,0.229804126653345,1.71702106355765,0.671139374251288
"11R0596",0,3438415,1.06429982307375,1.05377294884207,1.05287659675384,0.991816590348033,1,0.250851627857603,0.317846740431274,0.359780014919665,0.000725915865304217,0.442323941364933,0.281700053523183,0.214470046684984,0.0470127369862082,0.0144932214406926,2.08392306798657,0.319046330607922,1.71964000530381,0.832079074009536
"11R0610",0,7753301,0.835386813394287,0.866803669703859,0.855871197090646,0.813183139973152,1,0.424722579453577,0.475211783987233,0.505447679639937,0.00410418736483983,0.294729679395823,0.242153525114878,0.34994037970368,0.0838698744120169,0.0293065413736024,1.13145084634365,0.138937055992808,1.59561736247093,0.743491482037048
"11R0612",1,7260164,0.854723911346814,0.845475467622056,0.856608258714193,0.847795473003941,1,0.349755184593626,0.411628718028959,0.448219626994652,0.00119790682414337,0.468247351768583,0.25344566553621,0.215421970312861,0.0580587391282609,0.00482627325408452,2.3800701825729,0.434055533849271,2.08601309765794,1.75884372841721
"11R0613",1,4882182,0.995102348973026,1.01099079615532,1.00517461821122,0.971106128893864,1,0.327136513960356,0.378179674579932,0.410527710765391,0.000804763116164043,0.266316822598551,0.277463907332505,0.318815661789987,0.128466053588392,0.00893755469056534,1.46242890130266,-0.0289943469088603,1.830299325408,1.88472430099422
"11R0616",0,5685880,0.96199036409278,0.980125395238822,1.00454212528255,0.942093445486349,1,0.338915699944424,0.397368920905823,0.431164217324319,0.00283333450582847,0.23413808996321,0.254985625244391,0.379927987214941,0.12062563944953,0.0103226581279287,1.25197052024703,-0.0603134525786979,1.94037566830553,1.7383163538839
"11R0634",1,5533987,0.696769614355439,0.687326738956562,0.692170609755531,0.67936959276077,1,0.488740757793612,0.534930241072124,0.562726656206457,0.00113281798457423,0.514247774220052,0.199056410175906,0.200522835648598,0.077058705243645,0.00911427471179869,1.989730968698,0.671127029746078,1.65236327615121,1.50947902056904
"11R0635",1,7100338,0.609744653445818,0.60584018438031,0.597399122910755,0.599786577404633,1,0.554769505339042,0.59554559233659,0.619127849969959,0.000424627672654457,0.541974072299454,0.159905756715857,0.193775524392541,0.0836336869507736,0.0207109596413748,1.58141902850099,0.863118254921897,1.25589070191396,0.986967894089046
"11R0645",1,6443534,0.71161120514314,0.702246233222577,0.708919214394239,0.709977146848465,1,0.457359424191756,0.508977216539868,0.540360460579552,0.000650885057795924,0.554553481138477,0.161368176869093,0.212794936047364,0.069333279325017,0.0019501266200484,2.49601896353542,0.872905420530679,2.37348967149807,2.52510002962266
"11R0647",0,4529214,1.05859193956744,1.05119961217087,1.05057401112739,1.04311285905499,1,0.198118923062589,0.273131496988219,0.319853069428824,0.000458578464166189,0.437022258768196,0.286614310278188,0.209189995263095,0.0342508362298036,0.0329225994607169,1.91194212005955,0.298290650778623,1.49362352292375,0.0279672358387182
"11R0669",0,5708236,1.02905962030017,1.03472641737013,1.02092499600035,1.04040419869495,1,0.226558782783333,0.295178580563242,0.341513735591871,0.00137923519630233,0.380157420314484,0.313552212726648,0.252862218234636,0.0522020126059799,0.0012261361182517,2.86312594725579,0.13620258076243,2.81964870835934,2.65253657012257
"11R0807",0,8254453,0.858449230482318,0.847878609682042,0.862023579359685,0.856517875800419,1,0.33428998868853,0.397150725796125,0.437782612609218,0.00130947501911998,0.447600266769483,0.26340973842924,0.187783957961929,0.0867956115840495,0.014410425255298,1.88037421628664,0.374900811236081,1.36317219170324,1.26968386506464
"11R0808",1,4292950,0.854237116173978,0.840050567224265,0.845998193137785,0.794390114373923,1,0.370806787873141,0.429454337926135,0.466427980759152,0.000648505107210659,0.602051620201371,0.122576289252092,0.21247020806273,0.0572806010520039,0.00562128143180253,2.07414928123894,1.12543792979577,2.01800473360508,1.64147935424787
"11R0809",1,6429644,0.617979986593771,0.62409185694076,0.612042965664261,0.610605730607732,1,0.529337394107668,0.579204851777175,0.607626643092526,0.00332942228216679,0.505041063383611,0.198091307062623,0.234659894657259,0.0488370521013499,0.013370682795157,1.94637255154477,0.661789487331779,1.81046713221871,0.916003681901858
"11R0821",1,6834834,0.965111289338415,0.966598436721685,0.97244973459681,0.951666071992099,1,0.303079635877038,0.365098845121915,0.403826779114167,0.000658099377395267,0.368392572588618,0.264111699409002,0.272544703555006,0.069407813218135,0.025543211229239,1.51175377529005,0.235308891300483,1.52490300977519,0.706843643800196
"11R0835",1,7443016,0.864224407515636,0.852928917678285,0.870879790709199,0.856023370551759,1,0.338501354827129,0.400887086632623,0.438408032442762,0.00183984556797943,0.470879601384281,0.255496596668447,0.230686584701173,0.0361258588890158,0.00681135835708237,2.40999999009026,0.432320382821335,2.19495491052622,1.17974922648203
"11R0837",1,8257989,0.878872113177019,0.862283950615079,0.878021768800371,0.900469533230146,1,0.283353126287768,0.353173756952207,0.397096193758553,0.000928070986774141,0.420231318353445,0.319215370387057,0.16575271892326,0.0935460453786406,0.0012545469575983,2.86067519617556,0.194411443722074,2.2273070483316,3.04881764415549
"11R0845",1,6321441,0.775913575011317,0.761149984428091,0.772671921677812,0.784216499608205,1,0.356142373234204,0.422312412628703,0.462165034839366,0.00138670913799559,0.594296299132495,0.172742749739366,0.163896184530098,0.0620578347522004,0.00700693184584109,2.24002910922718,0.873683123864332,1.68341171177103,1.54231786775172
"11R0846",1,6953488,0.9060194097603,0.89150086467123,0.899716158597298,0.899540943918608,1,0.348359557102853,0.402493108494615,0.438372080314225,0.000836270947760318,0.426436292689548,0.251771284032114,0.234449170082954,0.0742988580705748,0.0130443951248088,1.84118148039478,0.372604198611749,1.64851618247002,1.23017985371062
"11R0847",1,4180214,0.622926528807752,0.61783216397514,0.611737834844562,0.628773705513807,1,0.521564206999929,0.571006651812563,0.598653800977653,0.00235777402783685,0.406787702676873,0.288799096376629,0.207837759156719,0.0822579548756721,0.0143174869141072,1.86332823994659,0.242226609403171,1.47058129191812,1.23629025770482
"11R0848",0,5729284,0.973080265337926,0.964645171801668,0.961910317465691,0.917534772799077,1,0.344476377851054,0.39754094927045,0.431076727912249,0.00085542975352592,0.391870807546723,0.267037999605595,0.195520946972482,0.13925015909033,0.00632008678487008,1.92864515796701,0.271204614490587,1.53963905692072,2.18675535556989
"11R0849",0,8138833,0.634873304449303,0.639765330848996,0.633942830258424,0.641805317508609,1,0.494563655501962,0.549064343745596,0.580826636939227,0.00635373646320056,0.475364676955804,0.210063971339957,0.244420414467968,0.0627048095336326,0.00744612770263894,2.05294429923979,0.577472994463838,1.98067668671551,1.50666354973393
"11R0850",1,3714221,0.872648847174742,0.871758000219802,0.858656749024032,0.801716995206413,1,0.396527293340919,0.450480733375855,0.483811544870378,0.00271981661834339,0.481682726794514,0.177698700343235,0.256065365402984,0.0588534668774716,0.0256997405817947,1.52233942915622,0.705124218375075,1.53882410079736,0.585887355818782
"11R0851",1,7643663,0.628604000233553,0.626150052997348,0.625280899015595,0.63985504625807,1,0.510721234047079,0.562733077060043,0.592334853067175,0.00206406274059963,0.449069313037155,0.30266314687305,0.171397933709023,0.0535464122659324,0.023323194114839,1.99214416838027,0.278993779832611,1.28923943973175,0.5876767822908
"11R0852",1,8619627,0.937399460753461,0.93039609382376,0.933067938333216,0.918658885748644,1,0.322663962141285,0.38006923037389,0.416390523627066,0.000722189022796462,0.364469567793138,0.28675231833768,0.29669041104746,0.0479560409317022,0.00413166189002061,2.32013053125534,0.169581330015183,2.48885056002627,1.73354656035496
"11R0853",0,10201772,0.61956384195209,0.619977941739971,0.620884001283852,0.629430077116106,1,0.479900942698974,0.534749649374638,0.568201092908173,0.00110245553419543,0.456901112167879,0.320568819422353,0.140940614664356,0.0773551042302402,0.00423434951517161,2.59323664249852,0.250577433039662,1.67587596056939,2.05427024740012
"11R0856",0,7106393,0.961263808125192,0.938352836886098,0.94307201236788,0.919981574481582,1,0.347798665230026,0.39796673220859,0.429405888472535,0.00228428120989087,0.405942003098459,0.306464628096559,0.215457458497875,0.0703036674025337,0.0018322429045736,2.68962472653905,0.198773342678431,2.40342388372639,2.57901862567937
"11R0857",1,9168291,0.957765493290164,0.941750188586871,0.959484010832011,0.936261386765081,1,0.297194537128021,0.358846157915363,0.398473608658364,0.00151227747897618,0.450553316058847,0.248769078658842,0.245948248046334,0.0447952530070103,0.00993410422896803,2.13148249307774,0.419987025479956,2.00538353408752,1.06499365119895
"11R0858",1,5460614,0.963307082141097,0.963891046859539,0.965344811507203,0.920028466497262,1,0.302828216753647,0.367580642030365,0.406616728448486,0.00304819201650217,0.379328143378305,0.328826537285289,0.215311857467182,0.0642592395842058,0.0122742222850179,2.02963476050109,0.101025247187553,1.66310070568912,1.17056168191384
"11R0860",1,8008026,0.912245667064648,0.916454476807025,0.914279304432502,0.889107133611287,1,0.357215373676359,0.414695831407141,0.448857433779561,0.00275923180069595,0.371528945871446,0.290297434429967,0.23486575321698,0.0670579700412071,0.0362498964403997,1.50725621107472,0.174457911134904,1.27456511746267,0.434956191682543
"11R0861",1,7741401,0.868043347014822,0.861134318846094,0.867447201124287,0.859560059654427,1,0.339692905715645,0.403658975939885,0.441975812905183,0.00245188177178782,0.464949902449716,0.288220790373529,0.19792286607648,0.0392641893891445,0.0096422517111314,2.36767308282642,0.338140473387499,1.8939810788672,0.992889806756997
"11R0878",1,7774155,0.875257807230295,0.881537366033881,0.882814889076132,0.920133961603738,1,0.23611157739973,0.321773234518735,0.371998114264509,0.00193963202431647,0.444592973627382,0.314478190957128,0.195333382665961,0.0322542013023395,0.0133412514471891,2.3489607620787,0.244831811971529,1.83095535089505,0.624224999296149
"11R0879",0,1002157,0.880568491031134,0.883806197341964,0.8699923668181,0.912983072500832,1,0.274625632510674,0.358300146583819,0.404961498048709,0.0137463491249375,0.345559683866421,0.378326891684205,0.190711804433531,0.0683248552534288,0.0170767647624141,1.95669509403079,-0.064059094383912,1.40418406143215,0.980442343719304
"11R0882",1,5657848,0.941578988556605,0.968547282578773,0.954640853339586,0.961462338443703,1,0.253664113988216,0.322185396284948,0.368677101258288,0.00341578635551892,0.419947522749409,0.283813592435728,0.195948175648588,0.0920092765275655,0.00828143263871038,2.05173785557237,0.277052992606105,1.6002496270728,1.70262362801673
"11R0888",1,8225614,0.996088527672598,1.02288371366211,1.01624131925817,1.01929058095417,1,0.179851498015832,0.254481185234318,0.305411243464622,0.00129680288912171,0.477181397221018,0.247026454387114,0.182316586454779,0.0656355368161084,0.0278400251209811,1.75262145967266,0.465560004595671,1.18428637049538,0.606444849667231
"12R0031",0,8583168,1.14203670156878,1.15008718062107,1.12563283725064,1.09311861757454,1,0.206324867461525,0.265980696171856,0.309664683249821,0.00134996775083512,0.357438735475167,0.226063808710073,0.315799837303876,0.0761081876185478,0.0245894308923369,1.33647618389103,0.323958623712064,1.62309094110334,0.7989169155943
"12R0032",0,9978586,1.05070144626931,1.01537703485877,1.05185518027756,1.05361967983067,1,0.179965678503948,0.260064001051852,0.307549386255728,0.000344036720232706,0.426262210243305,0.293550580955101,0.201935096389842,0.0629145331093164,0.0153375793024357,1.98115902643379,0.263754161513234,1.52840383349826,0.998060862289869
"12R0036",0,7532694,1.0172929755993,1.03650109083376,1.01724662366336,0.998214581538397,1,0.259574861264775,0.325197465873431,0.36707345340193,0.00428505392625799,0.379714072561672,0.239058299915614,0.3184804123059,0.0424631597152606,0.0202840555015531,1.68046976898585,0.327186138142528,1.94679318690915,0.522411717219419
"12R0038",1,7244097,1.03800249113673,1.01696587730227,1.03424360796892,1.04716805698771,1,0.180711688427143,0.259732165375477,0.308933880924013,0.000941456195299428,0.519539767965361,0.228103040047129,0.205688732659883,0.0435822478847393,0.00308621144288806,2.66417839677037,0.582052048627485,2.34789056734168,1.87221061293301
"12R0042",0,8566700,1.16991145799783,1.16844312037419,1.15311464537972,1.17289512287193,1,0.191997852148435,0.253124190178248,0.292585943245357,0.000388480978673235,0.266167432801222,0.307903888635959,0.214571768248829,0.194815011428331,0.0165418988856588,1.28688461354308,-0.102998677769575,1.08567165992135,1.74383418877207
"12R0047",1,8312084,1.00802788954124,1.00973470305037,1.01860265199431,1.03870742153425,1,0.169472421116052,0.25223999179989,0.305167753357642,0.00330627072584926,0.477038393625075,0.253182601968979,0.186569430153686,0.0597382728625916,0.0234713013896693,1.85422603148663,0.447942247887796,1.31123453343713,0.660575226349006
"12R0050",0,9082998,1.175898438253,1.20557417385897,1.18058886776463,1.13552910760541,1,0.19893750939943,0.259630025240565,0.301236662168152,0.00271837558480141,0.26764784483619,0.34827974121062,0.256871546345398,0.105184298289272,0.0220165693185192,1.41236895430324,-0.186205190843594,1.36748599839545,1.10585752692813
"12R0080",1,8492698,0.827080099308788,0.845728170926993,0.839236015302031,0.879501248693469,1,0.263933911225855,0.343688425044668,0.393807244764856,0.00580804827865067,0.504120633880072,0.262726988729419,0.164673977044839,0.0584106002247984,0.0100678001208722,2.26760399538408,0.46082160598663,1.56403824435261,1.24320343594248
"12R0081",0,8850626,1.10183143617759,1.11813179497994,1.09905180510604,1.0619651351592,1,0.227394649824769,0.290021745354509,0.332985485998392,0.00428986605015284,0.332445170653312,0.300643981985183,0.259596648459324,0.0759553917688104,0.0313588071333695,1.43643240085688,0.071098289733215,1.36461758374864,0.625542763957712
"12R0094",1,8968315,1.04762282690241,1.05148642745533,1.04071179247016,1.03133495606061,1,0.220696752957495,0.28883051052511,0.333539243436476,0.0015796724356805,0.417061166453981,0.271358582335369,0.225053844454916,0.070610460016659,0.0159159467390745,1.83091656265309,0.303908671452388,1.55468278124557,1.0534878082474
"12R0096",1,1029317,0.91379230660164,0.912795688185332,0.906607262433408,0.905054395051902,1,0.275146529203346,0.348049240418647,0.392655518173702,0.00896322512889615,0.4305168299701,0.274584041674547,0.192570922151903,0.095207602001497,0.00712060420195334,2.09626159317686,0.318006454071928,1.63375930185174,1.83357540820532
"12R0109",1,630153,0.92015265991093,0.933088991284279,0.912707799638022,0.950369068278967,1,0.272330687944039,0.358363762451341,0.40485088541989,0.0311559256244118,0.362183602276953,0.323784310197644,0.184502879158535,0.0960454546014336,0.0334837537654339,1.53902600319552,0.0792480640819263,0.963240699515592,0.745121694420312
"12R0110",1,7790998,0.862172894695231,0.874003146896055,0.878628797691043,0.901063003246071,1,0.242985173401405,0.327886106503942,0.378435086236706,0.00407983675518849,0.486488324290631,0.270286764269037,0.182543187221048,0.0606817242192842,0,4.39487045884072,0.415587456030303,4.07299693689127,5.49710170339897
"12R0113",1,9611169,0.974638304269426,0.970668688426384,0.982914815109825,1.01254760909957,1,0.18992091388675,0.272297781882724,0.324415895714663,0.00165276461167211,0.460032987661346,0.292378746110554,0.168501225069169,0.0685939030441614,0.0104931381147682,2.19386770474925,0.320494848702558,1.50029648693703,1.32758034088761
"12R0114",1,8212409,1.01383039527664,1.00178498379837,1.01362302415314,0.996621685501012,1,0.242929084511013,0.3120653148181,0.357522987469328,0.00215223084968126,0.317462050000236,0.322820982785798,0.249688228111848,0.0900461528909062,0.0199825862112116,1.56677415090802,-0.0118367222125978,1.44733921050757,1.06452178369482
"12R0115",1,8662564,1.15961046579429,1.14804692798777,1.13324489499525,1.12726869170938,1,0.170555045827078,0.240405958328273,0.285069639889529,0.00154931034275764,0.37715472714271,0.30033982563534,0.233146660625772,0.0839786077516614,0.00538017884451707,2.15123648451168,0.161037159053738,1.95553041273936,1.94301663751477
"12R0117",0,8195368,1.08482949409682,1.06796728101163,1.0738116525409,1.07176917730685,1,0.167994042488391,0.244847699334551,0.293270540139259,0.00105339992054048,0.425922292835728,0.27325264288329,0.233266560971134,0.0546457051352363,0.0129127981746119,2.00309777781601,0.313856500328003,1.77395073403476,1.02010879774055
"12R0128",0,7267546,1.13537167992196,1.16740528014748,1.13197256885754,1.11245968212972,1,0.180308593849974,0.248384667947062,0.294720666370739,0.00310586269422994,0.337231884605928,0.220050747834425,0.290961147576077,0.143366695954887,0.00838952402868197,1.48117480708581,0.301872785162555,1.73668416395244,2.00706735025681
"12R0130",1,3239862,0.931951171499766,0.923142109674306,0.924383783225387,0.919099054111736,1,0.297596626029133,0.361454592819077,0.403691268331799,0.00362731499057676,0.325545386787433,0.275187778141262,0.276417625422076,0.114658729783438,0.00819047986579086,1.69340766292299,0.118828018119167,1.79584057911316,1.86604607090337
"12R0137",0,7984035,0.960594377150764,0.937792223782851,0.955359107481266,0.962621026423483,1,0.25746079519942,0.328419276719103,0.374032929464863,0.000396040348019516,0.459560888725023,0.233279266068586,0.202432035418819,0.088824449729464,0.0159033600581077,1.75642393873231,0.479443246202749,1.37482349416643,1.21631667334293
"12R0139",1,7008063,0.949604269042847,0.940088231770452,0.94126675750436,0.923394756863801,1,0.296088805137739,0.361540271541509,0.403048460038102,0.00193277372078419,0.373613574555003,0.318733853536334,0.215862329520685,0.07145261120785,0.0203376311801276,1.78017846421261,0.112334943438609,1.41571293375764,0.888523176698553
"12R0147",1,7504396,1.18263636289613,1.18397486706136,1.17455338027203,1.15493563169413,1,0.167090995731036,0.232391387661312,0.277133163015385,0.00130283636417908,0.396716627420641,0.226097431601661,0.275336807122541,0.0838119174846468,0.0180372163705106,1.5216736364333,0.397575186870665,1.59828299100975,1.0862136045972
"12R0149",1,7831533,0.97263896931815,0.964032460459659,0.97278767434332,0.970745124598709,1,0.263480725931947,0.339073333407393,0.383821149703385,0.00380372527320002,0.318562522121411,0.38729526589022,0.213205597046935,0.0772732775807097,0.0036633373607232,2.40140902319466,-0.13814646580692,2.07340778893632,2.15594992177261
"12R0150",1,5399652,1.11507806203895,1.1388752093153,1.1167324972062,1.11218550613917,1,0.130862877829905,0.21266055664328,0.267165921063061,0.00321557759648214,0.451309998342341,0.305028371814113,0.175539114955753,0.0558319626287902,0.012290552259004,2.20907447934662,0.277008845710872,1.55319957197807,1.07021718248579
"12R0155",1,7701594,1.18118134815441,1.17002136140921,1.16155874249722,1.13832374458112,1,0.165388749393957,0.232301520957869,0.276065578112791,0.000748676183138192,0.350766670008094,0.251484934290536,0.308650948313886,0.0700137671672949,0.0190836802201891,1.51592078420454,0.235281409491096,1.74195324865012,0.919138664793106
"12R0156",1,8152380,1.10918925580065,1.12811459880823,1.10367687234213,1.11619150194077,1,0.155550894340058,0.23003711799499,0.280410505889078,0.00259151315321415,0.428788487161256,0.196285822018102,0.197846723738131,0.153796778110169,0.0232821889723419,1.29262161577369,0.552527502658233,0.976392927973224,1.33497762434917
"12R0158",1,4575197,0.969113838949198,1.001166475403,0.973248822488317,0.981724807942471,1,0.26423933220799,0.336331747026412,0.379348911096069,0.00278370526995887,0.326753792666406,0.251909482223011,0.253574012089283,0.156793641755773,0.010969071265527,1.45758074602349,0.183944731647105,1.47839007158404,1.88079864203946
"12R0163",0,6726241,0.862219919200687,0.878534071935416,0.865835172589552,0.920039167195024,1,0.212798500678165,0.301743574159772,0.359174314449928,0.0092039521034111,0.552366676174537,0.251267641851002,0.12131452151388,0.0726710797286275,0.00238008073195375,2.85167430445967,0.556983359449758,1.81413094358461,2.41746309422569
"12R0165",0,7515064,1.00136082859672,1.03634785529915,1.02160368982977,1.04261513229585,1,0.164385160259447,0.242518094323615,0.296810379791842,0.0017962588209495,0.435350741178722,0.316022286847837,0.176454082139978,0.0686497726432504,0.00352311719021285,2.58763213418794,0.226514069151998,1.98317114825936,2.09987496674204
"12R0169",0,9824625,0.937467874246311,0.935600246190036,0.933350333730787,0.953296969686543,1,0.235606651653371,0.309577719251371,0.358514039976081,0.00118711910123796,0.408289172910208,0.29350221470864,0.187834526419176,0.106010655373477,0.00436343058849851,2.2523927947026,0.233409227696875,1.76948060891919,2.25586935109203
"12R0172",1,6998818,1.01588603147545,1.04772528913195,1.03251388508674,1.01493674288733,1,0.219324034429814,0.291168451587111,0.336388515889397,0.00223580610325915,0.405657916613672,0.316449999387698,0.201827014153695,0.0632404602942302,0.0128246095507047,2.05881315146586,0.175606423134557,1.59890920317605,1.1282442674099
"12R0174",1,8601055,1.20787059306147,1.215740502151,1.26858102512769,1.16240788552296,1,0.214381142778415,0.269423343996754,0.306071987680581,0.000856522833536119,0.119461501943942,0.381617250916942,0.384030815841436,0.0881448342344646,0.0267455970632153,0.867243628139251,-0.821250775877653,1.6885534797333,0.843303637328407
"12R0175",1,8497277,0.978712898095136,1.01341419606687,1.00478989261488,0.996491977557264,1,0.213006354859327,0.284926335813226,0.334085848913717,0.00239429643166864,0.461298756522188,0.236406433501727,0.192610400656818,0.107837068198824,0.00184734112044418,2.49920663868159,0.472696213015942,2.13390163423994,2.87571424523567
"12R0182",1,3441030,1.14854108934637,1.14661653259194,1.13438035841369,1.12159309308955,1,0.167830852971349,0.235967428357207,0.2822954173605,0.00175528838748863,0.412921610225292,0.280326414877126,0.269925607736649,0.036787112135784,3.92550251495094e-05,4.20767791382869,0.27386463253646,4.42084767396854,4.83860681714412
"12R0197",1,10400331,1.21752159967803,1.2530236978248,1.21876769679254,1.16764681501946,1,0.189771075555191,0.245681507636632,0.285688599718605,0.00109438824591256,0.254420541232869,0.291016726902956,0.294168041671287,0.155934480619131,0.0044602095737577,1.67594745284322,-0.0950296177431221,1.96925530526792,2.51322732506638
"12R0198",1,11043064,0.885591497642439,0.892676007820155,0.897156335994452,0.964109106728907,1,0.194085536405476,0.276709797208456,0.327372457499114,0.0010516103139491,0.5119806896325,0.289780089077843,0.142546868622233,0.0470864284518391,0.00860592421558457,2.51843100433882,0.402460139061992,1.59825370300681,1.20175200766437
"12R0199",1,3377622,0.967969080275972,0.988292142305046,0.977297694798123,0.989967216712777,1,0.236162009840059,0.307422796275012,0.35423265244009,0.00300655313116743,0.430436478790846,0.293899481969444,0.203129926904671,0.0439072466532025,0.0286268656818374,1.88846906652224,0.26980504228484,1.42530362179856,0.302453429423264
"12R0213",1,8209492,0.9684497977283,0.964412997752959,0.968745592653692,0.984817563988508,1,0.166356456647987,0.255318355873908,0.310925572495838,0.00180802904735153,0.542234653853932,0.269229441563332,0.119102537845849,0.0625465369755976,0.00688682976128853,2.5528938333854,0.495070128301779,1.42660235705553,1.56008970114146
"12R0229",0,11531017,1.11124046716873,1.12865053353106,1.10453163720166,1.08489080521635,1,0.187494997188886,0.256516749563373,0.302562297844154,0.00308784559072283,0.345268576634251,0.28133318282572,0.278207939327141,0.0717525571028582,0.0234377441100292,1.52261516917609,0.144803395801692,1.56325064586971,0.791164647122854
"12R0232",1,12800808,1.08277419324352,1.07057982024523,1.07736360998322,1.07084257158297,1,0.171401055308384,0.244680257683734,0.293972146133275,0.0017187196308233,0.454247731643629,0.221262602174624,0.251052336547706,0.0611677704565127,0.0122695591775278,1.87342521390867,0.508616584881038,1.80877716129679,1.13596640266475
"12R0234",1,10786145,0.978385883977597,1.00394506606453,0.999677131895742,1.01946191355874,1,0.178230127631327,0.258595262718979,0.309504183375988,0.0016238424386099,0.462923615352777,0.263099283815809,0.174640953294291,0.0907543157470943,0.00858183179002878,2.0976330549444,0.399536966640487,1.49731630352785,1.6677174545293
"12R0235",0,7578127,1.16246829053151,1.16475090819601,1.15422765538149,1.12833235051339,1,0.150722995273106,0.223662258497383,0.272819523874435,0.00181047374898837,0.365720822580948,0.353260260404277,0.203308142312326,0.0704518986843059,0.00725887601814335,2.22803861286979,0.0245119949011865,1.79314502820571,1.60704525175154
"12R0237",1,9808712,1.02281626646602,1.05006138134804,1.0195004251225,1.00741928924743,1,0.218229773695058,0.304523876325454,0.351382016313661,0.0122438093808851,0.302439605008346,0.310755314523286,0.301910151750169,0.0587589444543625,0.0261359842638362,1.50786020299344,-0.0191797254252903,1.66708290044892,0.572848639562892
"12R0240",0,13497164,0.889337701015728,0.891896823545532,0.891248984600295,0.98108433887919,1,0.143121399428799,0.236845236525243,0.295519710659217,0.00137354780604281,0.50108853289084,0.240550152642198,0.132495646313257,0.118987649391397,0.00687801876230811,2.17470209738022,0.518913277778487,1.25158688326891,2.01574156624255
"12R0242",0,12693772,1.11153450409643,1.10123467819969,1.10537871240362,1.11263520418874,1,0.167818675173936,0.241743431345702,0.28902244344707,0.00163505378858231,0.377968582054917,0.289380878581441,0.219098961907495,0.102993134698857,0.010558442757289,1.83403824132349,0.188845124688115,1.54622361433933,1.61060294708165
"12R0244",1,13178921,1.03097955974643,1.00452656449262,1.03286756814769,1.08177456889322,1,0.132018546890144,0.222047085645327,0.276838065878079,0.00227651413951112,0.517325769525141,0.23440344829584,0.185033557821839,0.0460043034220669,0.0172329209351143,2.06764576445721,0.559766249958852,1.53726624434806,0.694317611283183
"12R0245",0,13887377,1.01289524616053,0.975499534222209,1.01269478024481,1.06252509139454,1,0.122337789202381,0.21391699814875,0.270289990687226,0.00131687935021855,0.523065654337924,0.198580849357672,0.228148895335777,0.0338548078244654,0.0163497931441623,2.03754990681227,0.684840463497922,1.85495802806378,0.514678826683129
"12R0247",1,9842366,1.10687893646464,1.1167173383306,1.11330775135802,1.10200581260148,1,0.146967710812624,0.227047642812714,0.278402774292279,0.00454636618878022,0.39023780612152,0.255713961756806,0.25462257521358,0.0705614913165335,0.0288641655915597,1.49979432385406,0.298891794650043,1.4127347483376,0.632071201885326
"12R0249",1,14136796,1.0842351164992,1.06405610102762,1.07764024028288,1.10143952749711,1,0.134159112149599,0.217207350236928,0.268436780158672,0.00164259284777116,0.446030956744969,0.233456449578099,0.260147763681114,0.0598634685435012,0.000501361452316888,3.05526492807731,0.457775846808,3.15202835076978,3.38173423630418
"12R0253",1,13824862,0.987687458682744,0.943652465382033,0.989465928237378,1.0191976314569,1,0.173065958994744,0.258873759463205,0.310524907952065,0.000664165761654619,0.543563419625127,0.215807027232113,0.195639387638904,0.0332947077937651,0.0116954577100893,2.2887223896162,0.653198212665336,1.87302160746281,0.739773645624416
"12R0254",1,4270604,1.0929969510191,1.08361373472979,1.09499897585231,1.07901198061631,1,0.151119373278347,0.232312103861655,0.283824021145487,0.00403970960547969,0.50725302652234,0.19004280188702,0.239706333020052,0.0566366180278992,0.00636122054268926,2.13542358261562,0.694209595678605,2.07061618956907,1.54604334709304
"12R0260",1,8435415,1.13572369514742,1.12923112120478,1.11946058866147,1.1339585798645,1,0.167207303967855,0.235827520044953,0.281884175230264,0.00180820979169371,0.431584340678378,0.21119195834871,0.274109427642483,0.0628915984898718,0.0202226748405568,1.5951876014785,0.505366017276463,1.66517852547553,0.802289077080737
"12R0261",0,10958838,1.19230746068926,1.21528879697396,1.19945867136076,1.18707469268148,1,0.146064756135641,0.217599986421918,0.263502572079266,0.00256249795826893,0.304684044674524,0.214059859174176,0.329798611218191,0.13768750121577,0.0137699837173375,1.19853984854296,0.249622573484735,1.65319599583617,1.62811018391213
"12R0281",1,10990420,1.0678529149929,1.05328399619055,1.05822826323364,1.05349080775273,1,0.197040240500363,0.270137719941549,0.314992602648488,0.000835181912975118,0.430011638755921,0.230675823841261,0.289546201818817,0.042311011924195,0.007455323659806,2.1306217026752,0.440385332788841,2.27910895516152,1.22762153124208
"12R0294",1,13019435,0.887581794174734,0.87469862853103,0.889644049880896,0.94808563816012,1,0.206209025199634,0.294393113065198,0.34789612606077,0.00312578848467695,0.469674042077907,0.273575031219343,0.177113576160736,0.073934009585966,0.0057033409560478,2.34586139103904,0.382165055948991,1.75928776348505,1.81169298993613
"12R0300",1,14581847,1.13298799443274,1.1631694633316,1.17712385923339,1.13056859556621,1,0.196902628315878,0.261916271649264,0.302295655687513,0.00260275670153445,0.194287266953938,0.324569304372963,0.402832835677738,0.0593352960313556,0.0189752969640059,1.29733249898927,-0.362859810197355,2.02928020136618,0.8061486589817
"12R0325",0,11701625,1.0365057703926,1.0436804510782,1.04694525176877,1.06338669433004,1,0.170359330434875,0.253253543845406,0.302903571085213,0.00574544133827567,0.368839536853688,0.331224917278732,0.219392013928565,0.0773598450525848,0.00318368688643063,2.43640544061026,0.0760592599574591,2.15359649455395,2.25597322047463
"12R0332",1,11249178,1.06628680470743,1.08970200510378,1.05780165160486,1.10467776661338,1,0.186451845637077,0.260394137242739,0.306419811296434,0.00290839028416121,0.269146043611135,0.406812171818827,0.172935011646326,0.123574982764859,0.0275317901588537,1.50452202753249,-0.292104000611538,0.887385742801987,1.06172562396693
"12R0333",1,8377319,1.11290564333691,1.13525282257054,1.11231990075632,1.1160073697854,1,0.171404359795777,0.242843324934863,0.290052461891448,0.00400617429036664,0.430368007292531,0.26545787689607,0.247267237011759,0.0516359148432862,0.00527096395635454,2.31951187134513,0.341663037398014,2.21046390077964,1.61362064078545
"12R0412",0,10442524,1.18525588275042,1.1625340611584,1.16161772478821,1.13584703327663,1,0.206590092586811,0.266035586798747,0.305714595436889,0.000904474818540039,0.332415704193066,0.224046732795362,0.289155085570847,0.109684633152293,0.0446978442884311,0.972340352998776,0.278976003753083,1.15795210092143,0.634758445578729
"12R0413",0,12798344,1.22657048882073,1.23228315186381,1.26920936500637,1.19453129596961,1,0.188209193314385,0.243877723555485,0.282159941942489,0.00067704071714278,0.166229224360843,0.254368945771616,0.483330148899927,0.0655397648281718,0.0305319161394417,0.801902562093872,-0.300815988015894,1.94324973524559,0.540147901337066
"12R0416",1,5101909,0.832267495882482,0.848227022319393,0.84638056098101,0.89341585417883,1,0.234183714370444,0.315428989423371,0.364842650074707,0.00176482959613745,0.536933334975947,0.243661822530576,0.13810819846976,0.0807509426794652,0.000545701344251798,3.27127634561658,0.558679872461453,2.47822579086592,3.53345011706604
"12R0419",1,7533078,1.24658552343487,1.25621762758258,1.24697330106364,1.17924649202722,1,0.167935337985349,0.232198578058,0.274282969059925,0.00187678927524712,0.245065400877536,0.360681104420287,0.279694347519594,0.106884333640345,0.0076748135422372,1.73112838472455,-0.273274909589697,1.8606746733732,1.86238014315482
"12R0421",1,10753125,0.975659155389288,0.949822970196771,0.964217322258997,0.934411219911138,1,0.286794303981401,0.352358779424586,0.391941877361232,0.000876303400174368,0.504098298483289,0.169241346215376,0.264162925230707,0.051578747499105,0.0109186825715227,1.86992280605085,0.771768518186542,1.96757185244725,1.0978783115774
"12R0424",1,10824330,1.09062643066967,1.10254667090333,1.09551342030316,1.08348746972908,1,0.189142237902946,0.258042022000438,0.303240385317151,0.00138853859777002,0.422439651778036,0.290351658011753,0.219505519625033,0.052446360075847,0.015256810509331,2.00813887309804,0.26513237346266,1.67297611292035,0.873110662468116
"12R0429",0,4735468,1.13588180215149,1.1080859328271,1.10892250587528,1.01875767113037,1,0.230814779025009,0.297303877884931,0.338026357690518,0.0017677239081755,0.525018707567527,0.157386760240746,0.223016642309547,0.0599246340150782,0.0346532558671036,1.43776602163355,0.851871110839759,1.29660205621638,0.387279546633477
"12R0430",1,10938889,0.853704567481616,0.841322717750067,0.857480160058114,0.886606966765555,1,0.28889652322096,0.359940666734986,0.404729401678726,0.00257631282299327,0.45146359750768,0.267413583036296,0.193945999425804,0.0851939340078693,0.00198288602235152,2.61259038409602,0.370310607812143,2.20685795680262,2.6589879801436
"12R0433",1,10433166,0.753673475496157,0.75633413690835,0.756632829333001,0.822752829383316,1,0.278834535940481,0.36149793840144,0.410604317040484,0.00374009193374283,0.57783571032816,0.243672234280474,0.142313669589634,0.0345316739104349,0.00164671189129682,3.20745575984672,0.610562359838108,2.39862593754088,2.1517941573158
"12R0452",1,11429391,1.13533100934399,1.12061872422997,1.14266975137661,1.13529130777565,1,0.193738056559619,0.261275950748382,0.302981234958188,0.00317287246538333,0.225857601501894,0.309487221745848,0.353834390231202,0.100063285818038,0.0107575007030171,1.41750496023127,-0.222747181932138,1.94173169243165,1.57698925555054
"12R0454",1,8736077,1.07433404133872,1.09840111146198,1.07037076036618,1.07588981144895,1,0.236627493095585,0.294876407339358,0.331556029096355,0.0009974728931533,0.177855512206307,0.30326609308905,0.445757013419128,0.0573407542864664,0.0157806269990489,1.25457842071614,-0.377339843040491,2.20117407458701,0.912329368716385
"12R0459",1,9393468,1.05665383507451,1.09404323669892,1.05997181500168,1.0944560217584,1,0.18212080990748,0.252616499039545,0.299364941680751,0.00441168267140528,0.408741947977523,0.230341453383668,0.2371369672289,0.0825286663668449,0.0412509650430645,1.30632272147194,0.405540754371379,1.14491419556786,0.490358185680047
"12R0460",0,10702753,1.10234657304267,1.09807072426696,1.09929197767607,1.08957797420523,1,0.173955710273796,0.244208756382587,0.291351393421861,0.0013241452923374,0.439685312952324,0.271173671406689,0.214331529954337,0.0688449331891487,0.00596455249750151,2.24493709320475,0.341744568528924,1.92585308649082,1.72959916674604
"12R0463",0,9264228,1.16870398321745,1.18560879506577,1.17633380373053,1.13127220001018,1,0.223505293695276,0.280570707024913,0.319054971445003,0.00169026496325436,0.253119799324299,0.292876137870905,0.269768538619903,0.165045297915076,0.0191902262698169,1.15468445486998,-0.103157609364978,1.27965736257861,1.52156571349352
"12R0470",1,10245978,0.918966680809117,0.911833802796376,0.915640697015774,0.956307751456779,1,0.224620431548848,0.300143334291758,0.34671614559391,0.00153523655818898,0.485212475297716,0.305282604594458,0.164653052783252,0.0415580006023347,0.0032938667222379,2.86120932178481,0.327637197579574,2.15903287141003,1.79253540882923
"12R0471",1,9666890,0.947923462675618,0.95002602579995,0.953913560255746,1.00499030131082,1,0.189405693040885,0.27052733609258,0.321732635832207,0.00172485670158655,0.463370483411424,0.286915036257995,0.189956718349417,0.0583787157327237,0.00137904624844189,2.94361797107999,0.3389451183347,2.49245746441657,2.64851033147496
"12R0472",0,3139940,1.26694522217016,1.27414666048997,1.23826902171859,1.17086473171981,1,0.153314713019994,0.21876755606795,0.26265183411148,0.0017452562787824,0.460827067083182,0.183690935779442,0.27268839860129,0.0784031451386939,0.00439045339739308,2.03379973170671,0.6503743302796,2.19448273414442,2.03818688949451
"12R0473",1,8212798,1.10091540403065,1.10614090529128,1.10452254390107,1.08164791166998,1,0.203743352752619,0.275090413766417,0.31946043236422,0.00270297650082225,0.348861642113337,0.271181629379415,0.307841293734936,0.0482792596256679,0.0238361751466448,1.60972209188575,0.178110713876104,1.80076781347169,0.499074318782887
"12R0474",1,8593273,1.00084920057296,1.00075304991824,1.0056994472126,1.01052647024089,1,0.208465854628382,0.284051606413528,0.331226995814051,0.00188391547667577,0.432167494796313,0.241870408144408,0.22243824170348,0.101174339089383,0.00234951626641705,2.35890187836427,0.410412662408892,2.17932913981347,2.66058521542271
"12R0475",1,8910424,0.935768354252886,0.925297671012439,0.932790477923337,0.970824602395969,1,0.242969919276569,0.3177443632312,0.36441778752616,0.0029787583621161,0.493158563792902,0.243205693407044,0.194641594294001,0.0508048665088463,0.0181892819972073,1.98718232019164,0.499870183218471,1.51602803115506,0.726311538358347
"12R0482",0,7375431,0.996187914107789,1.01734684069942,1.00268544240065,1.01498800457084,1,0.242483456221067,0.313429682956833,0.356302160511026,0.0058757244152918,0.411082777938712,0.298320008152633,0.196498092467493,0.0936565733907819,0.00044254805037974,3.12945334048092,0.226718117917477,2.79114337266098,3.78644427683233
"12R0483",1,8994992,0.930800876208674,0.923402055985779,0.939876844937255,0.989438490154391,1,0.181990489819224,0.268802240179869,0.320697450314575,0.00309994717060338,0.509185312428964,0.267186058139744,0.173582638106701,0.0434232449083869,0.00662274641620405,2.52426232977468,0.455989658379208,1.89909042944075,1.32970351459912
"12R0510",1,8328590,0.944379144206182,0.953317741343726,0.955887854051204,0.972732168444667,1,0.227341963045365,0.305621479746272,0.352409471471161,0.00195111057213766,0.465757339064969,0.28182989212237,0.166563493605145,0.0635937750286373,0.0222555001788782,1.93783193202104,0.355222938557295,1.21480336972559,0.742410085342053
"12R0511",1,7461787,1.1308994229808,1.13958849106352,1.13754993678757,1.10133616721176,1,0.192508443352779,0.257463259136183,0.301624396407992,0.0023400560750394,0.367183275657266,0.279420234079683,0.259214565781889,0.0809629976645243,0.0132189268166381,1.74342606742644,0.193142150114098,1.69001337710774,1.28151972743392
"12R0531",1,7319408,1.13604458810745,1.14635910168795,1.12804806196556,1.10685009098913,1,0.17387171202917,0.240032117351567,0.285985423957785,0.00177090824831735,0.415437048476463,0.217331235996283,0.2990967161464,0.0609346645500027,0.00720033483085007,1.9467643867454,0.458140474175016,2.17090283482379,1.51015005428516
"12R0547",1,7262146,0.928091280762539,0.928171998373944,0.947789799268405,0.975844061413502,1,0.209719138117025,0.289514008669063,0.340025386435359,0.0035254041987038,0.53466622013822,0.266817286606639,0.151504851652814,0.0390485977263307,0.0079630438759967,2.57140193302631,0.491494763434062,1.75612778970873,1.12429670101059
"12R0548",1,7153785,0.952605359024859,0.955556225788855,0.94661819028325,0.923188579483249,1,0.313931436295611,0.373400514552786,0.412816851498892,0.00185286530137543,0.4145269319683,0.225248725932402,0.257899360351469,0.0643730903009414,0.0379518914468879,1.39228529466662,0.431287553061224,1.34890290463624,0.373618500258054
"12R0551",0,5838619,1.09745357922598,1.08630082167209,1.08131459331942,1.03996453333384,1,0.250631870310428,0.307090769238411,0.344590904116196,0.000773813122589434,0.387601444923521,0.249814187397503,0.275239636891217,0.0678285773606592,0.0195161534271,1.61219369486503,0.310603877989047,1.65220456931334,0.880871977721891
"12R0552",1,6793164,1.03869429511304,1.0484784547761,1.04144607395494,1.07749776332586,1,0.184506218310054,0.260374105497821,0.310687920974674,0.00113584774340793,0.38039880304174,0.30482709306458,0.211277543774529,0.0969089493518832,0.0065876107672679,2.07379156397704,0.156606811100959,1.73398672019607,1.90111395778268
"12R0559",1,8704956,1.01711296760369,0.99285841299528,1.00297281922755,0.999472637227548,1,0.261224640308348,0.325789010306313,0.364924532645541,0.00121068963473221,0.39734613505253,0.299805959187103,0.234910816958679,0.0571416947509264,0.0107953940507625,2.06237819521639,0.199172403903421,1.83456912628184,1.17833298586732
"12R0567",0,7865487,1.04896659040107,1.07274321264229,1.05912253525165,1.06172953781983,1,0.178375731852332,0.254778502589859,0.304150524945245,0.00443875884608289,0.363208433854832,0.301690945901615,0.223757225282997,0.103494836027021,0.00784855893353492,1.93388299449511,0.13122044429212,1.68250210124222,1.82376399649115
"12R0609",1,7540260,1.06501516502768,1.06393910907002,1.06331801127422,1.03030630979809,1,0.240121162930721,0.306223790691568,0.348176455453791,0.00175511189269336,0.402040767007952,0.214704677263219,0.269936185969277,0.0970906793665111,0.016227690393041,1.49279060703039,0.443561015731133,1.56522668839868,1.26496192770561
"12R0614",1,5053133,1.07248895093227,1.08765051466637,1.0759517664508,1.02055582282534,1,0.214228875432331,0.284892560714313,0.330456174416941,0.00412635091932075,0.430701915096861,0.238253240498463,0.252886258741043,0.0638627945173823,0.0142957911462496,1.8105822274596,0.418665264274006,1.73471945841712,1.05837747402892
"12R0615",1,2943454,1.10256058554576,1.11312568039828,1.08466063144922,1.01165301025685,1,0.21299160781857,0.286654046572496,0.332822595494953,0.00130798714707279,0.49519539485909,0.250903414059446,0.181863911843251,0.0553708941808236,0.0166663850573893,2.03180390399892,0.480750842254142,1.46114898055831,0.848995011631918
"12R0616",1,7607172,1.07327952912646,1.07708993259712,1.09623157365241,1.03217791635778,1,0.280941721838286,0.338928185138971,0.375593847490237,0.00297653319788221,0.271227656138031,0.272095531256562,0.338722083207277,0.100377931623511,0.0175767977746196,1.2827536558642,-0.00225899029422216,1.70437039995864,1.23203644828266
"12R0617",1,7584566,0.962306194770973,0.960387730746072,0.974842109978179,0.982614298301723,1,0.227183598903352,0.299337628547237,0.347130343384183,0.00116565667699378,0.476189353454283,0.244853565189564,0.214642316930036,0.0476443525376518,0.0166704118884657,1.99127871926309,0.470335779156753,1.65771116406581,0.742553123885195
"12R0622",0,6994235,1.06924133273869,1.08053856288705,1.07102866414233,1.04890020333448,1,0.22452319660406,0.292013350995498,0.335599104119321,0.00329385558249044,0.41129354067693,0.235488333128032,0.263341270466253,0.0723535290736592,0.0175233266551251,1.64422837035079,0.39431512603681,1.63372981321723,1.0026995372938
"12R0624",1,7751632,0.951525426609374,0.953318173723604,0.959360434049473,0.963582700491526,1,0.233076854009581,0.308859605306341,0.356155839183284,0.00330962563754317,0.454460276822597,0.225639927839922,0.254557199932072,0.0626823998156605,0.00266019558974843,2.42862759222491,0.495094969831049,2.43420932614151,2.23423189929423
"12R0667",1,7081557,1.10871537403391,1.13434615367329,1.11118643571175,1.11113847450478,1,0.153208397531786,0.229091427210146,0.27885675424204,0.00141409579842399,0.390102475870809,0.31582515059422,0.215594275337121,0.0572665494082291,0.021211548789621,1.86471653829177,0.149355606060877,1.48787482076567,0.702277868164765
"12R0668",1,7505054,1.12960773702308,1.16149897789566,1.1353098253655,1.14153493741183,1,0.147400538357219,0.221720856372253,0.271168202120864,0.00327565930904694,0.343924771200517,0.301588111655953,0.26989978382731,0.0690923796856765,0.0154949536305442,1.73453443398934,0.092886061067077,1.72286599963791,1.05707517327094
"12R0672",1,8595297,1.05817391302089,1.05848480906802,1.05713143454551,1.06641565354235,1,0.156913716884943,0.23096584097094,0.280578669940085,0.000658383299611404,0.423588734491157,0.258464159518386,0.21298199749762,0.0871003810140088,0.0178647274788274,1.71407325838328,0.349314979995626,1.3768278889319,1.12022191241642
"12R0675",1,7969584,0.949816243770478,0.976371393256885,0.969667783102139,1.00820135903366,1,0.153503871720281,0.242141998879741,0.299250751356658,0.00168829389338264,0.499679861492403,0.293451137714984,0.147538234333182,0.054169236725899,0.00516152973353142,2.63494155166782,0.376362160903303,1.77785131539222,1.66232330549426
"12R0678",1,7104909,1.26443210796518,1.28604340434311,1.26140626597216,1.25031239748002,1,0.10717378646229,0.175555380090019,0.222569212357259,0.000725976926657329,0.343185362254079,0.292241770021213,0.240990889949911,0.098714566568976,0.0248674112058216,1.45446937220472,0.113624477234359,1.2915863777819,0.974869989349915
"12R0684",1,7767728,1.04296349114867,1.04393754736317,1.04260441211474,1.08794139854259,1,0.141008155795363,0.221634047948126,0.27452905148069,0.00195926015947005,0.446599094539084,0.288856253394003,0.158954323825252,0.102554248154163,0.00303608008749899,2.49827566688458,0.308109151455037,1.79477160271732,2.48889189302215
"12R0687",1,5800695,1.0678916992824,1.09356185587343,1.08028069647934,1.05823503471614,1,0.176437823398748,0.251633985237976,0.299820280156085,0.00215956881028911,0.436701414279268,0.262693935861871,0.206182579201438,0.0882324558684604,0.00618961478896208,2.13383548841478,0.359394153779338,1.7777892108641,1.87885485814412
"12R0688",0,8761810,1.0500061539494,1.01861128000151,1.03959044174058,1.07083133948009,1,0.154540328995949,0.241470655035889,0.293410151555443,0.00161633269838081,0.478487272627716,0.25832261035439,0.216495872966962,0.0331080921678702,0.0135861518830622,2.22771837239731,0.435875031142794,1.89684983341251,0.629838888896345
"12R0691",1,7238949,1.28618558539293,1.28284685662439,1.27213746099942,1.21337266212082,1,0.135702157868497,0.202760511228909,0.246118324635247,0.000399643649927634,0.376824525064895,0.210976127568738,0.311748353370415,0.0825557398223942,0.0178952541735584,1.4186311375573,0.41014642779409,1.7090838492,1.0811225350739
"12R0698",0,9473958,1.10960356319022,1.10271450956487,1.10428044101386,1.07462209893841,1,0.217833771270677,0.283746983045523,0.327119774016309,0.00112888404191786,0.316532061231575,0.329583618484313,0.253359869107639,0.0718601089903441,0.0286643421861291,1.5218273515222,-0.0285710453576673,1.40406652658413,0.649878777204339
"12R0699",1,7835126,1.07369478835711,1.03997885012372,1.06962869819424,1.08707567113434,1,0.14829168031248,0.228069848525729,0.27784262818492,0.000571401149132764,0.496501984008096,0.203172308099896,0.241150889135488,0.0524908006728556,0.00668401808366366,2.16777005078253,0.631823280342769,2.08634816169025,1.45728952652802
"12R0703",1,8669557,1.05288336672742,1.03889900728625,1.05460514782645,1.08798260763039,1,0.142508088936955,0.224720132758802,0.276435231927075,0.00287188837907173,0.446162324016277,0.217098379406249,0.265974098768587,0.0565673519384229,0.0141978458704639,1.80734896860582,0.509351803745084,1.82824836210476,0.977463221150154
"12R0707",1,7732950,1.14546156806061,1.16507901171122,1.14255219985,1.13585925411219,1,0.155425419794516,0.23164187017891,0.278452854344073,0.00379596402407878,0.311681462066387,0.223516899328685,0.327953842616394,0.117796660440925,0.0190511355476076,1.17513640922458,0.235109248565403,1.57978172020971,1.28823061897819
"12R0710",1,8140144,1.13411236379001,1.10040839182789,1.11662515037903,1.14239296623659,1,0.146542247901266,0.217949092792462,0.263990293046413,0.000652445460424287,0.411485246389839,0.260445997009229,0.241236652355741,0.0826197257565642,0.00421237848862658,2.20374298788849,0.323414824919683,2.08993768026713,2.10450606045782
"12R0712",0,8606634,1.25073598713225,1.24547753140897,1.27498403119538,1.19837890321834,1,0.181545654201166,0.239523372319539,0.27558497317302,0.000414447738802417,0.135566666005185,0.332981652050146,0.427224974388401,0.0788180119199653,0.025408695636303,0.882484232897841,-0.635423032317924,1.84217488345557,0.800480291806909
"12R0714",1,4823927,1.12122939256438,1.10613473061721,1.10848641896079,1.07249545949271,1,0.171120334117826,0.246198584680075,0.294218589957933,0.000736951450550558,0.483549814836018,0.17588587779473,0.244873100174443,0.0712041174638805,0.0244870897309287,1.4832501253635,0.715110505968107,1.44429409063463,0.754769043225522
"12R0715",0,7573272,1.047125227134,1.03381340471859,1.04617212948173,1.03020840279406,1,0.212738958801427,0.28266236839242,0.328845048745113,0.0015673542426576,0.455733974723545,0.237205449494632,0.246291251774938,0.0368947479749758,0.0238745760319091,1.86183886117665,0.46172843109829,1.72776646495939,0.307771819484786
"12R0716",1,6654037,0.917591407181783,0.921083979477507,0.92176039350025,0.95252320476484,1,0.237661738280085,0.312991947595122,0.359717717229405,0.00307482510241527,0.468895115628099,0.228155399729129,0.231039754114177,0.059315992080812,0.0125937384477825,1.93964647583055,0.5093658793848,1.74285314034052,1.0957886771748
"12R0719",1,6967228,1.11163244183764,1.14163217368953,1.12649689246765,1.09594425120159,1,0.206687652535556,0.278280544285331,0.320790133464844,0.0023515808582696,0.317682274508992,0.277442531843314,0.266268847277027,0.13491287745522,0.00369346891544689,1.92955227206245,0.0957690767973646,2.02402059431853,2.54421482845354
"12R0720",0,7781830,0.983426899193315,0.968382645596464,0.982303857012812,1.00259816149222,1,0.191660316403725,0.271109366305869,0.320049911139154,0.000543059922923014,0.524687310125632,0.241234980772548,0.194294980901424,0.0333488697486626,0.00643385845173364,2.55051942700574,0.549443891395732,2.11070765011926,1.16350846607493
"12R0722",1,7305755,1.10294714322239,1.0924728769931,1.09228478258136,1.08387113109992,1,0.176831005145943,0.249887109545831,0.296039081518611,0.00206672684753321,0.421403688287669,0.276944172345036,0.211060606379623,0.0516685011499673,0.038923031837704,1.65869779066962,0.2968259695487,1.26469448357165,0.200296608504083
"12R0729",0,8865916,1.08766980575372,1.07646614382462,1.07384592003784,1.05262831785005,1,0.234045077801324,0.298931774223893,0.339749891607365,0.00174443340090296,0.335904985783756,0.291744469803547,0.222561127498287,0.120401149069642,0.0293882678447679,1.33733165456019,0.0996667176646445,1.07735865307612,0.997185695509641
"12R0734",1,3330620,1.05381596759944,1.04585779097716,1.05236081196382,1.05887958573644,1,0.173501930571485,0.25258510427488,0.301296455314626,0.00204706631197795,0.452799397876655,0.310038950297233,0.181175149376692,0.0490821442667279,0.00690435818269111,2.46588650630076,0.267817585321655,1.8670338797873,1.38687856445006
"12R0736",1,7933388,1.12810445202519,1.11415761123475,1.13184428228901,1.06312679602397,1,0.248552194850422,0.305506550290998,0.342688016771649,0.00166788766665641,0.257640663767899,0.293398067579602,0.350628619000313,0.0616135754402617,0.036719074211925,1.19247891233841,-0.0918987378081201,1.63106484819283,0.365988480957248
"12R0737",1,8311143,1.01960307244065,1.02035226077963,1.01983533489218,1.00279641193449,1,0.233375000285761,0.302092864964542,0.346479178615986,0.00180336206464021,0.428546547549222,0.290192847206016,0.214435200622557,0.0531490022652869,0.0136764023569179,2.05930490929356,0.275668172916538,1.69310526125557,0.959846148184957
"12R0738",0,7221180,1.07805561355309,1.09816186994164,1.10314398738711,1.05509874780124,1,0.236470078297453,0.306110912620929,0.348036608975264,0.00411497843842696,0.245866508196471,0.341554311034942,0.349524754073983,0.0469621305664943,0.0160922961281106,1.65163421315875,-0.232438701466595,2.07613303428245,0.757311990697915
"12R0741",1,8413288,0.878081624563735,0.869384597817346,0.883046597315027,0.893734410264666,1,0.270522416444082,0.343964571282951,0.390547072678363,0.00119406348623749,0.462874427506333,0.227109463787004,0.248678950705411,0.0538492391635077,0.00748791883774441,2.12833666236638,0.503476773790701,2.05465087570463,1.39504911213022
"12R0793",1,6137214,1.01969807693285,1.03085761673597,1.0227928693802,1.02189408041012,1,0.181551759479138,0.263907857865149,0.316147033491092,0.00202209015361042,0.45325871876655,0.331197420677618,0.14203840310916,0.0621569418900598,0.0113485155566124,2.32377490129256,0.221853657209409,1.3690383827695,1.20248851042867
"12R0794",1,7630112,1.0213358627144,1.01586153099122,1.01558984989722,1.01599320662065,1,0.200396927332128,0.275739071720048,0.322568790602287,0.00268121883400925,0.468913821211244,0.203756696977274,0.259318386194768,0.0478933725951259,0.0201177230215874,1.74262807526975,0.589368114883563,1.73323236076304,0.613327427916599
"12R0797",0,3017574,1.11562211260537,1.12049728075148,1.10894200482326,1.1191129185149,1,0.167539884688826,0.238233759967444,0.286327692378049,0.00434653798051017,0.38847875637542,0.254882131113674,0.247847874323754,0.0921651561997083,0.0166260819874438,1.60927810014211,0.298001158390169,1.50687525706266,1.21099777496163
"12R0799",1,8155840,0.945080791203394,0.944752299295533,0.929874091539103,0.962740189157124,1,0.224450332522462,0.314744404009887,0.362697772393769,0.00353268332875584,0.370027259221874,0.374969975444674,0.20535640368271,0.0433167161593678,0.00632964549137445,2.49108019670814,-0.00938279842595091,2.05582048999253,1.35997450180334
"12R0803",1,7452477,1.1001669705837,1.106781562526,1.10240215996202,1.09155095766326,1,0.16075567895077,0.234713236954639,0.28376525013093,0.000853541715056618,0.35371020179229,0.316886447744059,0.238216298067386,0.0839272416993593,0.007259810696907,2.02841712466042,0.0777353867125566,1.8510198538812,1.73071208245075
"12R0818",1,7365293,0.994774762261266,0.961022920341185,0.977030972946903,0.996057388846466,1,0.221936045178379,0.293570805669238,0.339546980683593,0.00121271482342929,0.519877468937675,0.177165764687109,0.217390639429036,0.0735140529483415,0.012052073997839,1.81756588877453,0.761205632463968,1.62347219447621,1.27861864113027
"12R0819",1,10106865,1.02330529528596,1.01469809731006,1.01764961512373,1.04353878101762,1,0.181586179294964,0.260359072768856,0.310400208175334,0.00183983856517328,0.404907768562138,0.253093600574338,0.256322133098798,0.0738813015927287,0.0117951961719974,1.82192274787263,0.332269424276515,1.76474217420411,1.29737649046649
"12R0820",1,9017552,1.03737405346855,1.01984290057363,1.0267442400422,1.05153080627099,1,0.179457129828583,0.25646916147531,0.305632615148768,0.00166730394235597,0.451309970142564,0.199730478054822,0.274908621025075,0.0693576363497913,0.00469329442774757,2.08566728173689,0.576423230797157,2.2239188795159,1.90433860419609
"12R0824",1,8503353,1.11726756647337,1.11440576656368,1.10818961877867,1.11120433664506,1,0.153674085975262,0.22795184440773,0.277285442577769,0.00226804649883405,0.361112971390797,0.30167121136846,0.242849509729016,0.0539022651950129,0.0404640423167153,1.54010989988661,0.127175367338504,1.34611613337937,0.202769068851511
"12R0826",0,6955092,1.13112245335823,1.14739515569559,1.12592919080096,1.08111366306395,1,0.224439446667276,0.287182829501033,0.328044402575839,0.00482250989634645,0.318386436848669,0.319556763006285,0.275197940668395,0.078797484093377,0.0080613753832745,1.9074786001255,-0.00259442060299098,1.95184160555227,1.61205983609202
"12R0828",1,1928174,1.02020229022081,1.05549949597987,1.03096373833545,1.03531098936644,1,0.229154111610259,0.298351186148138,0.345497864819254,0.0041541894040683,0.346488835007727,0.307759620499088,0.237948948100208,0.101957271877385,0.00584532451559092,2.00959492123681,0.0838144773377729,1.85912856799531,2.02155585608513
"12R0830",0,9092781,1.23425652735033,1.228620421764,1.21983582334125,1.20382944759494,1,0.155160120979489,0.215379541198672,0.257303568622185,0.00044188901063382,0.225574410720251,0.29076950205903,0.358075470112633,0.0897933177042236,0.0357872994038623,0.978935042420239,-0.17952082017998,1.50495993515189,0.650479898308359
"12R0832",0,9121950,1.09222739062757,1.05447981356682,1.07148963827275,1.10332507269502,1,0.156104341725179,0.235810325643092,0.284862447174124,0.000856505462099661,0.397908200579791,0.264307015699883,0.22866222071333,0.0796488255244871,0.0294737374825099,1.51595956137667,0.289284427784434,1.26694341064138,0.70295442303669
"12R0833",0,9236879,0.940195724492881,0.935917467974244,0.932332128863677,0.999547710725589,1,0.162330479808169,0.249271750772095,0.305162165705538,0.00140447872057218,0.47925991412002,0.277785298602852,0.140175473982909,0.097569046965099,0.00521026632911984,2.38242919793286,0.385652192029976,1.49198370103274,2.07177289628002
"12R0835",1,10086438,1.03009770999961,1.06444359367125,1.05555685830687,1.09842954573648,1,0.220268840199087,0.288197379491154,0.329450297518311,0.00185347889909203,0.091090219225843,0.463331868268371,0.339645700981799,0.0881745895082499,0.0177576220157364,1.01927675095709,-1.15017503951997,1.75533389988749,1.1331414365114
"12R0846",0,9790973,0.909382123630506,0.955142730567908,0.909894786729377,0.959971622466275,1,0.296378306834265,0.361352645952552,0.39953312096765,0.000723830001369629,0.19767069642267,0.389590075704492,0.320663963153175,0.0877728529080489,0.00430241181161473,1.8889945569966,-0.479766719618978,2.28899078523978,2.13233459838712
"12R0847",1,7376676,1.17516841223811,1.14100067908947,1.17152969352298,1.0937468875222,1,0.251183866554529,0.306923606242161,0.340973630941633,0.000625213849706833,0.27356662696741,0.217985361378997,0.379704014006528,0.0824196859772472,0.0463243116698177,0.842425190670373,0.160596175850777,1.48246909744797,0.407404806360455
"12R0862",1,9523918,0.889591858815232,0.873158057119745,0.894024020518428,0.930995028296546,1,0.239577136216418,0.322040256961473,0.371407334670458,0.00451326859387072,0.388102857446025,0.340728483810742,0.196982136909904,0.0615601982466458,0.0126263235866847,2.09946514838776,0.0920543258137784,1.59642503996767,1.12022099298244
"12R0865",1,9411996,1.03591360279528,1.04384898472016,1.03962827291374,1.03220726972669,1,0.246882170370663,0.311479201648619,0.351893902207353,0.0014103278411933,0.338709469746388,0.260628363214754,0.3485163123304,0.0441987740614159,0.00794708064704262,1.95981360039771,0.185295367412488,2.38656576962828,1.21331915572532
"12R0867",1,9767120,0.91474136080142,0.897282359086814,0.909347315308214,0.972535324938572,1,0.172021742335509,0.261903201762649,0.316608683009935,0.000492263840313214,0.49662460636949,0.282382567036885,0.135467639961485,0.0820328310661709,0.00349235556596805,2.63279899567761,0.399212441661288,1.69821882092307,2.23201302417461
"12R0868",1,8292916,1.0901406425551,1.05820154293994,1.0691963821824,1.06317413737384,1,0.211359912484342,0.280681487669717,0.322335472830064,0.00051501787790929,0.416755622585226,0.218513687887022,0.296954531694263,0.0518541778281056,0.0159219800053832,1.72324760199123,0.456544451884131,1.9069367538543,0.834905698291415
"12R0870",1,9442132,0.965166034373998,0.961559640481383,0.960390058048874,0.998961593828633,1,0.193965727231943,0.276700961181225,0.32712908482957,0.00250494273962703,0.360838839754487,0.372064053635776,0.191174735556226,0.0744687896539272,0.00145358139958274,2.83853482977534,-0.0216619300486018,2.37680732479013,2.78341954115528
"12R0873",1,9589874,1.13880543551698,1.16473482468305,1.12047534567965,1.15877565294038,1,0.168021185679812,0.23745744730327,0.27963964907151,0.000149011342589068,0.275600169809749,0.347190799051883,0.292770731842667,0.0692113767232623,0.0152269225724382,1.66639779219766,-0.163287450260312,1.79570023203723,1.07063049736703
"12R0879",1,9421192,1.03111565948452,1.00941052371916,1.02995761010532,1.02413672312217,1,0.217236099211225,0.287616789892404,0.332362507844018,0.00119050752813444,0.392323748726534,0.273931933683516,0.256974189787016,0.0669579799301598,0.00981214787277386,1.95018021141703,0.253998221897327,1.88213274266271,1.35795901809136
"12R0885",1,8756767,0.960746347390442,0.937121896956329,0.963628669872468,0.985960153926224,1,0.195064457007935,0.277264885545088,0.328500347217186,0.00127341517708533,0.457689359169412,0.288781993015605,0.190643291856303,0.0532900101291968,0.00959534582948264,2.26405244280013,0.32563585666156,1.74068136221591,1.21231386865065
"12R0891",1,7690202,0.981819403290995,0.955017581816411,0.967281920244431,0.97776950320249,1,0.264509566848829,0.332292961875384,0.373364444783115,0.000934175721261938,0.437374700654043,0.270806143120319,0.226242284928709,0.0536316207408731,0.0119452505560542,2.05914877486865,0.338977827086509,1.78842976896894,1.06193655393762
"12R0893",1,9054368,0.874246531723897,0.859754325904044,0.860390082220244,0.903946570274554,1,0.283492564030974,0.363231867757087,0.408009150942396,0.00475980211981665,0.461071591710049,0.274094886047923,0.19025508150778,0.0531635840996049,0.0214148566346432,1.94796331170449,0.367751374645659,1.41224222442627,0.642964231378642
"12R0895",1,9053606,1.02138207092698,1.00214429131256,1.00925897389821,1.02713142694225,1,0.198371013715419,0.276642699052731,0.324830791178675,0.00522233903264622,0.393758361869422,0.236958320965307,0.270920243748447,0.0928662513116257,0.00549682210519925,1.94561190275227,0.359106414445648,2.02830754302102,1.99898392229722
"12R0897",1,10282975,0.91480115746587,0.890031871627226,0.909732038458232,0.957720375275238,1,0.212470223840863,0.295398462020962,0.3463112571994,0.0022487655566604,0.498616752231487,0.258353633137877,0.185702255577292,0.0517453610157743,0.00558199803756974,2.46811980010751,0.464928684797823,1.9524097514149,1.57457689674071
"12R0898",0,8445716,0.943503556876188,0.908909349487621,0.924956427223241,0.955302832259541,1,0.240447109516825,0.313517764509249,0.358912139598348,0.00134399499107003,0.514739667266658,0.200149156949055,0.249734508451934,0.029416902573177,0.00595976475917588,2.41987017092984,0.667931933479053,2.39813061275978,1.12892314054569
"12R0902",1,10850939,0.927996708401437,0.914872690337519,0.930185484457564,0.994977305508855,1,0.175040703850607,0.263189019862705,0.317467456042284,0.00259258668765901,0.5372546140198,0.238157660153236,0.181707050757402,0.0410842137003192,0.00179646136924209,2.97058021663488,0.575259107516149,2.49168170604737,2.21310643039528
"12R0903",1,8139872,1.04691243477874,1.05757079067704,1.05178125227931,1.05863923185188,1,0.196898796442991,0.272338803362018,0.318302671098514,0.00433041207527588,0.378614828377931,0.267712768075582,0.25860715351911,0.0681636324285227,0.0269016175988539,1.54101498840177,0.245086575834024,1.4682742294068,0.657414679029606
"12R0907",0,10124939,1.0018282087979,0.973358327590123,0.985406731015094,1.06139222717003,1,0.124408551992264,0.218895837298378,0.27589321772704,0.0011042041833536,0.465544125955782,0.31258641516631,0.170814356027998,0.0478377279810897,0.00321737486882004,2.79527433977465,0.281658962933107,2.14117013107185,1.90865716421842
"12R0908",0,9657510,1.09593233919313,1.09704846504831,1.10869107734803,1.0765907674068,1,0.198254415475625,0.272995937876326,0.317432443766561,0.00341578729921067,0.287623530161061,0.319476549000955,0.315175105711811,0.0594069537202308,0.0183178614059427,1.60558959165826,-0.0742684392082902,1.84282006564217,0.831935642443854
"12R0923",1,8078086,1.09169343763481,1.06529427581089,1.08672691479451,1.07291434316779,1,0.171453980559256,0.248070892040516,0.295278485522437,0.000734827532165416,0.468217778162185,0.234121799057035,0.252942498368887,0.0317623779680889,0.0129555464438045,2.13764934736092,0.490090079281333,2.06023229222034,0.634104025880244
"12R0926",0,9931184,1.12166852533594,1.13027068773653,1.12074426129269,1.12732681166547,1,0.17431657695598,0.244596918151955,0.289801800067343,0.00198908810872903,0.305297364040047,0.327440462622054,0.25914208085534,0.0973844571531904,0.0107356353293677,1.73784226406892,-0.0495116021985751,1.69934075098786,1.5592397545425
"12R0935",0,8449726,1.00226105559318,1.02690022685663,1.01312963330896,1.00800604124585,1,0.194075760563124,0.273313359510119,0.325355402056824,0.00191189631474441,0.423584880551351,0.178576112104962,0.303265864990771,0.0934489847621096,0.001124157590805,2.36674340863598,0.610755712317299,2.76578831533867,3.12568189168684
"12R0937",0,11176021,1.11180341519791,1.09177926847091,1.1011665960671,1.12828235600792,1,0.16402322436581,0.237818361293344,0.283886993412056,0.000936916636072892,0.323976653494589,0.290980543198492,0.273095320977902,0.0938401618238125,0.0181073205052047,1.50921725010245,0.075953912381587,1.5438858516122,1.1633862581136
"12R0941",0,9151063,1.24064969329535,1.25628243110865,1.22130797524061,1.20343390919562,1,0.146075925824137,0.209238096164347,0.252905809958909,0.00287431088606865,0.308791378589676,0.278050070220296,0.307950801941324,0.0942879253656544,0.0109198238830503,1.59709604152991,0.0741505351786594,1.84648541886849,1.52436191508423
"13R0329",1,5136603,0.858683365737441,0.851873294271395,0.867996756874091,0.861472534488315,1,0.323361373265561,0.394970956486222,0.437358113913028,0.00305396387456846,0.392389858103325,0.318189101660931,0.242061186727502,0.0446003092781517,0.00275954423009129,2.66571301942507,0.148216663855107,2.5170853466273,1.96764854719129
"13R0332",1,6777161,1.00321736138611,0.990178939424062,1.00146862030225,1.00149355865623,1,0.197380141920784,0.274034215802163,0.323323586380787,0.000745297330253774,0.493809278460783,0.217158260379323,0.215983751699959,0.0591983436326897,0.0138503658272447,1.93154551897315,0.580904461873466,1.64981346268882,1.02713052339813
"13R0336",1,5591081,0.709820353388681,0.698710391319492,0.708127069321493,0.758717666525067,1,0.340310040222991,0.419394031315232,0.466146349874023,0.00248413500001163,0.525186112618793,0.262985077020714,0.168768504882797,0.0390705421003151,0.00398976337738088,2.76641748212783,0.489074231218028,2.12613882979145,1.61336089509526
"13R0338",0,5742127,0.954657250086097,0.96579425540383,0.957883251725953,0.95893904117633,1,0.286813928009603,0.358981784972711,0.398708179042365,0.00521218008588107,0.319798855004745,0.330019137999536,0.243916323993927,0.092639220708199,0.0136264622935925,1.7208394077277,-0.0222444668247874,1.57294971925042,1.35531081984372
"13R0428",0,2442409,1.01443140298093,1.0024071861425,1.02107236396583,1.03528756241897,1,0.197089021535705,0.275209025187837,0.323794663383569,0.00350391764851833,0.398360709906512,0.355801939203942,0.194346287138006,0.0498673994312914,0.00162366432024737,2.96825592926856,0.0798915232181248,2.50877968853712,2.42161583040979
"13R0438",0,13295870,1.0346224373297,1.02032453836059,1.04014594533585,1.04723584300872,1,0.214534964616832,0.287193015575513,0.333098774281036,0.00141081403473409,0.347023839322467,0.34062060814159,0.226336859412862,0.0716438626033535,0.0143748305197283,1.88454294898334,0.0131693030635073,1.59496995570708,1.13577520301449
"13R0506",0,13023132,0.992637833027856,0.972916089446102,0.997236852688067,1.03978790811808,1,0.17214952593585,0.258196645783825,0.308840607620348,0.00395780369883374,0.401545617087889,0.29015129855597,0.22586350157608,0.0716715656826481,0.0107680170974119,1.98274841978063,0.229752171909632,1.7110450203437,1.34033061569968
"13R0519",0,12661127,1.03746464504316,1.03480009092132,1.0452609307156,1.03798368289833,1,0.210608186775158,0.289555661198249,0.335827371449635,0.0045595467133376,0.319607927445021,0.312859791757961,0.274911953483572,0.0809521831414769,0.0116681441719681,1.75348020184104,0.0150895719696386,1.78901777830546,1.36966317690154
"13R0781",0,11645100,1.17935938543268,1.19427524380634,1.17977047277225,1.14568953519201,1,0.187426299473598,0.250587972623679,0.292577908304781,0.00169745214725507,0.318254717422,0.255645559381155,0.318891039421152,0.0776103519029661,0.0295983318727273,1.2618423951768,0.154898888472885,1.54737538233054,0.681638785442724
"13R0903",0,6971915,1.14814443854142,1.14355441235331,1.13861300343546,1.13338464935753,1,0.1825085360335,0.257098515974449,0.298942543045921,0.00282935176346814,0.296521847373101,0.297374897490049,0.300882665931961,0.0902745639343813,0.0149460252705082,1.52144556439651,-0.00203132259076788,1.71714930773011,1.27166814708386
"13R1028",0,9344109,1.14363797650535,1.14957463137003,1.13360813960325,1.14296500224013,1,0.161691928037226,0.234609099701213,0.281397723421249,0.00170064368898094,0.318288147516783,0.32299905525154,0.25271353126712,0.0835471085325301,0.0224521574320276,1.54890674811286,-0.0103890260477151,1.44018392974931,0.929155237073669
"13R1484",1,7435523,0.985680273286761,0.97125414064264,0.984903399861075,1.00454783016293,1,0.192424393011763,0.274328651797594,0.323748040319423,0.00125276998000006,0.412709574583824,0.305841481290913,0.197651992966852,0.0693614394166322,0.0144355117417793,1.98026767649855,0.211903782849855,1.49581904058587,1.10990296155459
"13R1493",1,9292003,0.997210689558744,0.995493887751095,0.993598929743097,1.0347949421947,1,0.223212476362739,0.297720308527666,0.342706411093496,0.00196696019146787,0.340404335811897,0.318608291757067,0.229166955427407,0.101223491340635,0.0105969256629942,1.81800043870949,0.0467904657693131,1.58849688113856,1.59577520013537
