"title","lithium","log2nf","loo_beta","loo_p"
"11R0539",1,-0.0139431197070543,-0.072511850266774,0.000266261078947151
"11R0540",0,0.0660880295583804,-0.0703623557930038,0.00042126839852715
"11R0541",0,0.0464740114091183,-0.0696565680123796,0.000489510663380401
"11R0546",0,0.011522723138673,-0.0695637994022912,0.000480746978751013
"11R0547",1,0.0427892333608878,-0.0733231814252992,0.000229087465538142
"11R0548",1,-0.158650581442016,-0.0721499771603333,0.000302474104689439
"11R0553",1,-0.226486880578272,-0.071964584366939,0.000310227884148744
"11R0557",0,-0.120044502139701,-0.0712621313547166,0.000357638830442122
"11R0561",1,-0.355391053125597,-0.0717236075524378,0.000325785690513795
"11R0565",1,-0.192102905367089,-0.071987799871709,0.000315003119097639
"11R0569",1,0.107262982078626,-0.0754339238999026,0.000139424725566681
"11R0571",1,-0.0202757460949879,-0.0733241710652935,0.000225997311581855
"11R0575",0,-0.221570202292673,-0.0723849015400187,0.000315264249442826
"11R0577",1,-0.144303927419623,-0.0738402988669383,0.000210826064581473
"11R0580",1,0.0641602319917848,-0.0727680377720363,0.00024828641036821
"11R0589",0,-0.288242535711569,-0.0717662758131613,0.000337871141456781
"11R0596",0,0.0899046285917368,-0.0736022891179938,0.000237237439589587
"11R0610",0,-0.259483724191081,-0.071855228123615,0.000335800156884399
"11R0612",1,-0.226469611794331,-0.0717670520683498,0.00033367860938533
"11R0613",1,-0.00708317650541459,-0.0726011628669041,0.000270264058476207
"11R0616",0,-0.0559056517706149,-0.070430862153155,0.000440210834396015
"11R0634",1,-0.521246384519133,-0.0688184138288027,0.000488306308184642
"11R0635",1,-0.713722892101281,-0.0692504669655244,0.000435726579495194
"11R0645",1,-0.490838867198018,-0.0700657211888956,0.000438390400569646
"11R0647",0,0.0821465740199162,-0.0711899572008646,0.000388901309495543
"11R0669",0,0.0413265696173675,-0.0697255004701488,0.000507569234910237
"11R0807",0,-0.220195280516952,-0.0718669216655191,0.000330524677657028
"11R0808",1,-0.227291511169991,-0.070794779085377,0.00034744710583965
"11R0809",1,-0.694367977970409,-0.0676813976357949,0.000589360491975531
"11R0821",1,-0.0512327822276871,-0.0732494166189441,0.000231070068334733
"11R0835",1,-0.210522118640895,-0.0728194928818261,0.00026630474357552
"11R0837",1,-0.186274844317664,-0.0726149665184708,0.000275497219335558
"11R0845",1,-0.366032127843937,-0.0704211392816277,0.000401100821874927
"11R0846",1,-0.142386137259364,-0.0724963112423147,0.000292362910452344
"11R0847",1,-0.682866080555178,-0.0694689162463778,0.000362253372293278
"11R0848",0,-0.03936928306804,-0.0722934296090275,0.000299945961203924
"11R0849",0,-0.655459379033434,-0.0762908382196664,0.000126417456300019
"11R0850",1,-0.196526862974033,-0.0713105894178133,0.00033715696907553
"11R0851",1,-0.66977664187455,-0.0710672053961786,0.000363123977123714
"11R0852",1,-0.0932641299920502,-0.0720217561797018,0.000308043331645283
"11R0853",0,-0.690675144689136,-0.0768009109766258,0.000109771077148715
"11R0856",0,-0.0569956779942661,-0.0729750052678955,0.000259484054664698
"11R0857",1,-0.0622556362981424,-0.0726376923068359,0.00027923847964302
"11R0858",1,-0.0539323225082316,-0.071851674344104,0.000310480940343094
"11R0860",1,-0.13250570149656,-0.0719278496392129,0.000320929222833301
"11R0861",1,-0.204161007330663,-0.0716536840646542,0.000327447868669478
"11R0878",1,-0.192220069450726,-0.0715673496141356,0.000328643530486265
"11R0879",0,-0.18349287296824,-0.0748330054643522,0.000171523992148494
"11R0882",1,-0.0868459680575271,-0.071182544261395,0.000332826184949624
"11R0888",1,-0.00565412693279857,-0.0713974983728064,0.00035656061869977
"12R0031",0,0.19160901525456,-0.071471179309943,0.000367202578151931
"12R0032",0,0.0713527899707868,-0.0713607629468714,0.000364641748279048
"12R0036",0,0.0247352284326261,-0.0721709395470009,0.000317706446833093
"12R0038",1,0.0538099060718045,-0.0713069283513481,0.000357216727026627
"12R0042",0,0.226399346953014,-0.070785632981019,0.000382593197120613
"12R0047",1,0.0115355550543166,-0.0717497707889937,0.000327339345598647
"12R0050",0,0.233763460721815,-0.0702670839627118,0.000431020347002763
"12R0080",1,-0.273901039638714,-0.0710810235325445,0.0003572183708875
"12R0081",0,0.139903529905759,-0.0699502330135132,0.000464251446972558
"12R0094",1,0.0671194003682683,-0.0726255324991122,0.000276978836980617
"12R0096",1,-0.130061798625072,-0.0715184441156207,0.000336727606842252
"12R0109",1,-0.120054860429023,-0.070624937121284,0.000417060650159903
"12R0110",1,-0.213950887628971,-0.0711883390900494,0.000352335202965141
"12R0113",1,-0.0370611718711727,-0.0723825176864381,0.000302234930824638
"12R0114",1,0.019816322598454,-0.072544224331015,0.000274041114478355
"12R0115",1,0.213640259278924,-0.0735062561145054,0.000205805659869927
"12R0117",0,0.117468307783776,-0.0712808368676895,0.000369356034852696
"12R0128",0,0.183164661393653,-0.070247913638187,0.000441545502396583
"12R0130",1,-0.101673726360319,-0.0713218012555084,0.000363475783616536
"12R0137",0,-0.0580007311178353,-0.0733201624485631,0.000247033327786097
"12R0139",1,-0.0746016741102583,-0.0721183185048566,0.000308361190643335
"12R0147",1,0.242006541900123,-0.0732005516591041,0.000223993395194234
"12R0149",1,-0.0400236997781917,-0.072492431622081,0.00028102271616219
"12R0150",1,0.157144710840073,-0.0718448565302887,0.000318118023657963
"12R0155",1,0.240230480397919,-0.0731514116475051,0.000238479573380224
"12R0156",1,0.149505546843268,-0.0728331252938941,0.000266291001420627
"12R0158",1,-0.0452619501541308,-0.0719721753320217,0.000317528210037685
"12R0163",0,-0.21387220251698,-0.0768033920122105,0.00011265713479842
"12R0165",0,0.0019619260480085,-0.0738688683417838,0.000228876670375057
"12R0169",0,-0.0931588427484514,-0.0720986426884842,0.000312478429166739
"12R0172",1,0.0227385605276161,-0.0721826448581749,0.000305527423539014
"12R0174",1,0.272465897751556,-0.0738935050222215,0.000179634054196118
"12R0175",1,-0.031042382392968,-0.0719182283306734,0.000317846383304586
"12R0182",1,0.19980247041707,-0.0724346246179127,0.000268937709547533
"12R0197",1,0.283947366945773,-0.0727090379121481,0.000278129117408365
"12R0198",1,-0.175286723680242,-0.0698699438346252,0.000439238624894122
"12R0199",1,-0.0469671304917926,-0.071871139714788,0.000317808107379346
"12R0213",1,-0.0462508302050447,-0.0716089956604939,0.000333969270788482
"12R0229",0,0.152171042877416,-0.069865354907359,0.00048803135314895
"12R0232",1,0.114732407993108,-0.0729843210991333,0.000248959224104945
"12R0234",1,-0.0315245058855439,-0.0698248731571898,0.000458104650447323
"12R0235",0,0.217191363345935,-0.0712110677123079,0.000375951428018021
"12R0237",1,0.0325470099269036,-0.0720026880075973,0.000312561605606864
"12R0240",0,-0.169196748870782,-0.0744826120674663,0.000161890594464744
"12R0242",0,0.152552732994854,-0.0701096047260398,0.000463655906262673
"12R0244",1,0.0440157300437702,-0.0716780910035463,0.000333910654842555
"12R0245",0,0.0184849780291971,-0.0733317975830974,0.000258385046834631
"12R0247",1,0.14649743773533,-0.0718504189479537,0.000322733972754422
"12R0249",1,0.116677639188871,-0.0727261268534295,0.000275292821869604
"12R0253",1,-0.0178735036260599,-0.0725925499929446,0.00027627187051668
"12R0254",1,0.128289376530622,-0.0719583930329181,0.000307010582504845
"12R0260",1,0.183611891069456,-0.0721097997523777,0.000302359250231568
"12R0261",0,0.253756311986921,-0.0695969252335283,0.000500646619092459
"12R0281",1,0.0947129453178981,-0.0723293867055295,0.00029658371089975
"12R0294",1,-0.172048019199215,-0.0715668143611314,0.000338355983826181
"12R0300",1,0.180132573899716,-0.0740421143238643,0.00017040999941639
"12R0325",0,0.0517281481826114,-0.0730927659196735,0.000264819012891506
"12R0332",1,0.092595539482596,-0.0723108033723714,0.000299157392022431
"12R0333",1,0.15433128031645,-0.0716221761378587,0.000334707572933707
"12R0412",0,0.245198553573737,-0.0714337316043252,0.00035775361634597
"12R0413",0,0.294630145391611,-0.0707725157864882,0.000393126823799746
"12R0416",1,-0.264880800945578,-0.0701354610879081,0.000372783266777288
"12R0419",1,0.317981863978879,-0.0728807099462686,0.000258570901213492
"12R0421",1,-0.0355508617640438,-0.07172108622781,0.000326072778620516
"12R0424",1,0.125157023832261,-0.0722796558227757,0.000291925691901597
"12R0429",0,0.183812718362162,-0.0722744201034399,0.000311250217657809
"12R0430",1,-0.228191196902535,-0.0708892546823918,0.000383820350797782
"12R0433",1,-0.40798847499151,-0.0699285993370319,0.00038183399384298
"12R0452",1,0.183112981143798,-0.0725161415223998,0.000293657299062951
"12R0454",1,0.103442638438506,-0.0724424949184145,0.000286276048204463
"12R0459",1,0.0795028202238674,-0.0710647665023216,0.000379277714880754
"12R0460",0,0.140577872369077,-0.073459247744388,0.000229769980218256
"12R0463",0,0.224909561157749,-0.072139917948313,0.000319007198877131
"12R0470",1,-0.1219155405579,-0.0694725090796522,0.000451874084256629
"12R0471",1,-0.0771575172785755,-0.0699577334540206,0.000423225707442047
"12R0472",0,0.341354149252308,-0.0679735944281709,0.000675158431556045
"12R0473",1,0.13870361433875,-0.0726726349016461,0.000256272254552284
"12R0474",1,0.00122461755592656,-0.071860485583577,0.000323217895444514
"12R0475",1,-0.0957766543216444,-0.0718366934558426,0.000318795630139918
"12R0482",0,-0.00551018675030842,-0.0738367786016521,0.000230483179981207
"12R0483",1,-0.103455526063617,-0.0714047967289471,0.000340576526396748
"12R0510",1,-0.0825619136369357,-0.0715075465759319,0.000341657158473427
"12R0511",1,0.17747062833835,-0.072237641039485,0.000296635494193599
"12R0531",1,0.184019459648155,-0.0721391033910373,0.000301384407994587
"12R0547",1,-0.107661388858708,-0.0716951160185977,0.000319807420302957
"12R0548",1,-0.070049430064452,-0.0717956778814363,0.000322715527401171
"12R0551",0,0.134159917039131,-0.0711912437561248,0.000419769861926902
"12R0552",1,0.0547711077353401,-0.0715740833230791,0.000340092060865491
"12R0559",1,0.0244799237879035,-0.0719717993178181,0.000326884860831411
"12R0567",0,0.0689687287919518,-0.0733089165860965,0.000259735067456185
"12R0609",1,0.0908739735069463,-0.0721501134317841,0.000298158211191045
"12R0614",1,0.100962784771594,-0.0714739243017103,0.000342376630306543
"12R0615",1,0.140857933846191,-0.0714890704388315,0.000341885483632354
"12R0616",1,0.102025866182667,-0.072648187550981,0.000262683100833433
"12R0617",1,-0.0554320788640048,-0.0716592253928077,0.000330564237048714
"12R0622",0,0.0965875127876986,-0.0721847425811303,0.000324119539494067
"12R0624",1,-0.0716858862565599,-0.0712481432066635,0.000358467486087671
"12R0667",1,0.148889048842359,-0.071871285323296,0.000327978956819658
"12R0668",1,0.175821875207751,-0.0718922527525719,0.00031609252054489
"12R0672",1,0.0815767567840843,-0.0717876525357931,0.000320466493179504
"12R0675",1,-0.0742796654896778,-0.0710329273558619,0.000363536651905568
"12R0678",1,0.33848957544996,-0.0724936270129428,0.000282497208207411
"12R0684",1,0.0606886573201648,-0.0709713132420779,0.000370401068725588
"12R0687",1,0.0947653428768132,-0.0718006468270535,0.000320502726699104
"12R0688",0,0.0703977833640341,-0.0727194284438849,0.000289613147723214
"12R0691",1,0.363098826031813,-0.0730251687608248,0.000233046142215786
"12R0698",0,0.150044325604548,-0.0708049920088733,0.000402836598423025
"12R0699",1,0.102583946859587,-0.0718826010303846,0.000317479137285421
"12R0703",1,0.0743456305103836,-0.071453934936159,0.000348431993991832
"12R0707",1,0.195929054890079,-0.0718181100683889,0.000324400665495238
"12R0710",1,0.181563584417611,-0.0715198170411182,0.000350857718828205
"12R0712",0,0.322777288902221,-0.0702013705922992,0.000433905455562816
"12R0714",1,0.165081469632042,-0.0715188784278182,0.000340851903262725
"12R0715",0,0.0664339864538377,-0.072114566012346,0.00032659498762034
"12R0716",1,-0.124076213640723,-0.0713393489543115,0.000337951027509813
"12R0719",1,0.152679843821063,-0.072208273430329,0.000294451774546764
"12R0720",0,-0.0241102778597519,-0.0737983868293439,0.000230479492813834
"12R0722",1,0.141363653995369,-0.071742409782872,0.00033118195982564
"12R0729",0,0.121240650428015,-0.0705687000177515,0.000428363138446185
"12R0734",1,0.0756229449511836,-0.0718604091231794,0.000317819610208233
"12R0736",1,0.173900654121612,-0.0734108644916861,0.000232614844988077
"12R0737",1,0.0280076258523272,-0.0715475596442679,0.000337378009575193
"12R0738",0,0.108431604182921,-0.0714659752859638,0.000366133781726413
"12R0741",1,-0.18757303909049,-0.0718608070283974,0.000314928402729689
"12R0793",1,0.0281420469111286,-0.0716194349302762,0.000336132093758562
"12R0794",1,0.0304573694408746,-0.0718371376648104,0.000320625948492267
"12R0797",0,0.157848435238941,-0.0714191572128599,0.000375760278997661
"12R0799",1,-0.0814904300125501,-0.0715358998687545,0.000342118173834173
"12R0803",1,0.137722495888647,-0.0721160447570894,0.00030490966266761
"12R0818",1,-0.0075581884808954,-0.0700769102578622,0.000438434699669345
"12R0819",1,0.0332366263016061,-0.0726803898230741,0.000271959600139672
"12R0820",1,0.0529361909501218,-0.0719487342583875,0.000317634440369509
"12R0824",1,0.159974727986261,-0.0724149189002371,0.000284569821918368
"12R0826",0,0.177755121449496,-0.0711593697652621,0.000397803657776062
"12R0828",1,0.0288552445129416,-0.0725959766132097,0.000267318724603184
"12R0830",0,0.303642274774007,-0.0699262321059743,0.00046847579339378
"12R0832",0,0.127273241953263,-0.0721379021893722,0.000315544226506229
"12R0833",0,-0.0889669749459525,-0.0748556549986455,0.000165054519586423
"12R0835",1,0.0427811908512196,-0.0735700944733484,0.000219604471297728
"12R0846",0,-0.137041450605991,-0.0711894906667578,0.000387766696972046
"12R0847",1,0.232867522824485,-0.0731444960060733,0.0002376653723435
"12R0862",1,-0.168784509726837,-0.071768879710356,0.000321762901459027
"12R0865",1,0.0509036844757584,-0.0725818547248417,0.000287447357356904
"12R0867",1,-0.128564209671789,-0.0692770122350666,0.000462276958440475
"12R0868",1,0.124514273743075,-0.0711585346402402,0.000372737389451228
"12R0870",1,-0.0511509490212354,-0.0707586542379545,0.000389400731874594
"12R0873",1,0.187521284190956,-0.0725989844390803,0.000275429816734223
"12R0879",1,0.0442061678234177,-0.0720734020599436,0.00029446522857182
"12R0885",1,-0.0577725084930783,-0.0710056627726682,0.000373978188612079
"12R0891",1,-0.0264704165159672,-0.0716047530195001,0.000340577961861875
"12R0893",1,-0.193887927355459,-0.0714271170952539,0.000344833745485824
"12R0895",1,0.0305226396948271,-0.071864791419633,0.000318860589977425
"12R0897",1,-0.128469903745107,-0.0707839110913445,0.000392330650781539
"12R0898",0,-0.0839001382932633,-0.0753352437897921,0.000156761237501514
"12R0902",1,-0.107808406755792,-0.0715420953721435,0.000341245493693535
"12R0903",1,0.0661407782825532,-0.0724261774663613,0.000289759805971135
"12R0907",0,0.00263513970694061,-0.0741918582841848,0.000211906189755781
"12R0908",0,0.132158731762196,-0.0699977080729121,0.000452785201094462
"12R0923",1,0.126567784740619,-0.0718659444531184,0.000318539857373936
"12R0926",0,0.165646394745093,-0.0717158003847544,0.000345452512726207
"12R0935",0,0.0032583314437634,-0.0736913458681497,0.000232828768348265
"12R0937",0,0.152901718824729,-0.0712019289438714,0.000368451513914296
"12R0941",0,0.31109581725023,-0.069779143171415,0.000482619035385327
"13R0329",1,-0.219801850476312,-0.071603431113678,0.00033587599912475
"13R0332",1,0.0046342203268638,-0.0735159573992032,0.000226195155725111
"13R0336",1,-0.494474152058068,-0.0711664982187949,0.000337476092191269
"13R0338",0,-0.0669452385530907,-0.0712025335082135,0.000378444453526187
"13R0428",0,0.020671311693678,-0.0718418882031794,0.000339483904084741
"13R0438",0,0.0491043839859171,-0.0704436106947691,0.000412809704852188
"13R0506",0,-0.01066065286415,-0.0722305022251564,0.00030615740353764
"13R0519",0,0.0530621728065495,-0.0709669421836785,0.000386103792938605
"13R0781",0,0.238003416854479,-0.0683664550494243,0.000586139306552328
"13R0903",0,0.199304146943513,-0.0711883490778923,0.000378032332500125
"13R1028",0,0.193630433096909,-0.0708022033360261,0.00039812458533073
"13R1484",1,-0.0208083417392377,-0.071710044686314,0.000327572697232348
"13R1493",1,-0.00402974706523646,-0.0716611038951106,0.000334940914501583
